Target,AccMeanX,AccMeanY,AccMeanZ,AccCovX,AccCovY,AccCovZ,AccSkewX,AccSkewY,AccSkewZ,AccKurtX,AccKurtY,AccKurtZ,AccSumX,AccSumY,AccSumZ,AccMinX,AccMinY,AccMinZ,AccMaxX,AccMaxY,AccMaxZ,AccVarX,AccVarY,AccVarZ,AccMedianX,AccMedianY,AccMedianZ,AccStdX,AccStdY,AccStdZ,GyroMeanX,GyroMeanY,GyroMeanZ,GyroCovX,GyroCovY,GyroCovZ,GyroSkewX,GyroSkewY,GyroSkewZ,GyroSumX,GyroSumY,GyroSumZ,GyroKurtX,GyroKurtY,GyroKurtZ,GyroMinX,GyroMinY,GyroMinZ,GyroMaxX,GyroMaxY,GyroMaxZ,GyroVarX,GyroVarY,GyroVarZ,GyroMedianX,GyroMedianY,GyroMedianZ,GyroStdX,GyroStdY,GyroStdZ
1,0.285339355,-0.13861084,-0.957763672,0.022149538,0.003975128,0.001926223,0.867594123,-1.305867837,-0.507254094,-1.16480572,1.239840214,-0.761064593,1.141357422,-0.554443359,-3.831054688,0.162597656,-0.226806641,-1.013183594,0.480224609,-0.086669922,-0.911621094,0.022149538,0.003975128,0.001926223,0.249267578,-0.120483398,-0.953125,0.148827209,0.063048617,0.043888762,-0.177480916,4.190839695,0.498091603,0.761120176,0.18437154,0.262858614,0.225352264,-0.338028342,-1.72718311,-0.709923664,16.76335878,1.992366412,-4.710496332,-4.035868118,2.914795697,-0.923664122,3.694656489,-0.251908397,0.786259542,4.564885496,0.832061069,0.761120176,0.18437154,0.262858614,-0.286259542,4.251908397,0.70610687,0.872422017,0.429385072,0.51269739
1,0.313476563,-0.161669922,-0.95625,0.020570666,0.005639952,0.001456124,0.00247408,-0.395087618,-0.677572267,-2.649441254,-2.649802651,0.636761813,1.567382813,-0.808349609,-4.78125,0.162597656,-0.25390625,-1.013183594,0.480224609,-0.086669922,-0.911621094,0.020570666,0.005639952,0.001456124,0.322753906,-0.140380859,-0.950195313,0.143424773,0.075099617,0.038159187,0.528244275,3.891603053,0.377099237,3.061080357,0.585991492,0.270339724,1.282079703,-1.069371742,-0.50152995,2.641221374,19.45801527,1.885496183,1.633017509,0.846741563,-2.932892712,-0.923664122,2.694656489,-0.251908397,3.351145038,4.564885496,0.832061069,3.061080357,0.585991492,0.270339724,0.335877863,3.969465649,0.58778626,1.749594341,0.765500811,0.519942039
1,0.325195313,-0.158325195,-0.950154622,0.017280507,0.004579085,0.001387821,-0.354212175,-0.603657434,-0.984635007,-1.819231826,-1.472250516,0.663006287,1.951171875,-0.949951172,-5.700927734,0.162597656,-0.25390625,-1.013183594,0.480224609,-0.086669922,-0.911621094,0.017280507,0.004579085,0.001387821,0.353271484,-0.140991211,-0.943481445,0.131455343,0.067668938,0.037253465,0.18956743,3.773536896,0.038167939,3.137076316,0.5524309,0.905518326,1.309764668,-0.378863717,-1.302739759,1.13740458,22.64122137,0.229007634,1.663169851,-1.19224648,1.540639286,-1.503816794,2.694656489,-1.65648855,3.351145038,4.564885496,0.832061069,3.137076316,0.5524309,0.905518326,-0.286259542,3.832061069,0.240458015,1.771179358,0.743256954,0.951587267
1,0.33656529,-0.172467913,-0.937639509,0.015305357,0.005216019,0.002252914,-0.65565318,-0.1524541,-0.040529705,-1.214712256,-2.18548509,0.666209243,2.355957031,-1.207275391,-6.563476563,0.162597656,-0.257324219,-1.013183594,0.480224609,-0.086669922,-0.862548828,0.015305357,0.005216019,0.002252914,0.383789063,-0.141601563,-0.936767578,0.123714823,0.072222015,0.047464868,0.356597601,4.480916031,-0.102508179,2.80952381,3.963055766,0.893126996,0.861001767,2.00970662,-0.667797646,2.496183206,31.36641221,-0.717557252,0.434189901,4.642007404,-0.680104038,-1.503816794,2.694656489,-1.65648855,3.351145038,8.72519084,0.832061069,2.80952381,3.963055766,0.893126996,0.335877863,3.969465649,-0.106870229,1.67616342,1.990742516,0.945053965
1,0.337860107,-0.16418457,-0.941680908,0.01313229,0.005019784,0.002061732,-0.718487539,-0.446060798,0.250539487,-0.666621834,-1.909540391,0.556115624,2.702880859,-1.313476563,-7.533447266,0.162597656,-0.257324219,-1.013183594,0.480224609,-0.086669922,-0.862548828,0.01313229,0.005019784,0.002061732,0.365356445,-0.140991211,-0.943481445,0.114596205,0.070850434,0.0454063,0.176526718,4.434160305,-0.167938931,2.667567449,3.414393725,0.799786892,1.07205486,2.15115779,-0.388248402,1.41221374,35.47328244,-1.34351145,0.737749741,5.422660612,-0.817132542,-1.503816794,2.694656489,-1.65648855,3.351145038,8.72519084,0.832061069,2.667567449,3.414393725,0.799786892,-0.286259542,4.038167939,-0.179389313,1.633268946,1.847807816,0.894308052
1,0.331054688,-0.174560547,-0.949083116,0.011907578,0.005361259,0.00229715,-0.489631919,-0.123681772,0.349178432,-0.775819894,-2.19058185,-0.086416419,2.979492188,-1.571044922,-8.541748047,0.162597656,-0.257568359,-1.013183594,0.480224609,-0.086669922,-0.862548828,0.011907578,0.005361259,0.00229715,0.346923828,-0.141601563,-0.950195313,0.109121847,0.073220619,0.04792859,0.162849873,4.506361323,-0.396098388,2.335805023,3.034511392,1.168324172,1.138383143,2.014693447,-0.459678944,1.465648855,40.55725191,-3.564885496,1.239984227,5.065100787,-0.812186497,-1.503816794,2.694656489,-2.221374046,3.351145038,8.72519084,0.832061069,2.335805023,3.034511392,1.168324172,0.053435115,4.106870229,-0.251908397,1.528334068,1.7419849,1.080890453
1,0.313842773,-0.168261719,-0.951318359,0.013547013,0.005162316,0.002091874,-0.238809825,-0.349232012,0.514467817,-1.386842804,-2.016279873,0.209912698,3.138427734,-1.682617188,-9.513183594,0.158935547,-0.257568359,-1.013183594,0.480224609,-0.086669922,-0.862548828,0.013547013,0.005162316,0.002091874,0.334838867,-0.140991211,-0.959838867,0.116391637,0.071849258,0.045737009,0.035877863,4.421374046,-0.278625954,2.237490045,2.769571833,1.176508103,1.283554588,2.169999556,-0.624580051,0.358778626,44.21374046,-2.786259542,1.534341056,5.767468259,-0.731744595,-1.503816794,2.694656489,-2.221374046,3.351145038,8.72519084,0.832061069,2.237490045,2.769571833,1.176508103,-0.427480916,4.038167939,-0.179389313,1.495824203,1.664203062,1.084669582
1,0.301424893,-0.16208718,-0.955943714,0.013888553,0.005065458,0.00211802,-0.004837534,-0.528938956,0.649105155,-1.601637057,-1.79552919,0.114868454,3.315673828,-1.782958984,-10.51538086,0.158935547,-0.257568359,-1.013183594,0.480224609,-0.086669922,-0.862548828,0.013888553,0.005065458,0.00211802,0.322753906,-0.140380859,-0.969482422,0.117849705,0.071172034,0.046021947,-0.05759889,4.319916724,-0.190145732,2.109857976,2.605844118,1.144973539,1.426522723,2.282768183,-0.784470575,-0.633587786,47.51908397,-2.091603053,1.93342744,6.28259052,-0.527726505,-1.503816794,2.694656489,-2.221374046,3.351145038,8.72519084,0.832061069,2.109857976,2.605844118,1.144973539,-0.908396947,3.969465649,-0.106870229,1.452535017,1.614262717,1.070034364
1,0.291402181,-0.156534831,-0.957967122,0.013831415,0.004974905,0.001974603,0.186587261,-0.677132313,0.789870298,-1.621831018,-1.551532941,0.40092189,3.496826172,-1.878417969,-11.49560547,0.158935547,-0.257568359,-1.013183594,0.480224609,-0.086669922,-0.862548828,0.013831415,0.004974905,0.001974603,0.299682617,-0.125976563,-0.969726563,0.117607034,0.070533009,0.0444365,-0.122773537,4.270356234,-0.11259542,1.969025521,2.398424105,1.113053647,1.560727369,2.416529243,-0.920796318,-1.473282443,51.24427481,-1.351145038,2.398147454,7.008021485,-0.293476625,-1.503816794,2.694656489,-2.221374046,3.351145038,8.72519084,0.832061069,1.969025521,2.398424105,1.113053647,-0.874045802,3.847328244,0.240458015,1.403219698,1.548684637,1.055013577
1,0.292555589,-0.156850962,-0.95710637,0.012696091,0.004561629,0.001819684,0.155477174,-0.679655306,0.73627705,-1.432867816,-1.362421006,0.554877844,3.803222656,-2.0390625,-12.44238281,0.158935547,-0.257568359,-1.013183594,0.480224609,-0.086669922,-0.862548828,0.012696091,0.004561629,0.001819684,0.306396484,-0.140380859,-0.969482422,0.112676933,0.067539833,0.042657754,-0.123311803,4.25601879,-0.036406342,1.804943828,2.201227739,1.09576126,1.606843131,2.515282898,-1.026148475,-1.603053435,55.32824427,-0.473282443,2.77354736,7.67766178,-0.074679987,-1.503816794,2.694656489,-2.221374046,3.351145038,8.72519084,0.877862595,1.804943828,2.201227739,1.09576126,-0.839694656,3.969465649,0.58778626,1.343481979,1.48365351,1.046786157
1,0.308244978,-0.158970424,-0.958583287,0.015165666,0.004273624,0.001710246,0.169246121,-0.577855773,0.850180934,-1.32372027,-1.354273316,0.823835529,4.315429688,-2.225585938,-13.42016602,0.158935547,-0.257568359,-1.013183594,0.512207031,-0.086669922,-0.862548828,0.015165666,0.004273624,0.001710246,0.314575195,-0.140991211,-0.969726563,0.123148957,0.065372962,0.041355123,-0.211559433,4.349509269,-0.019629226,1.775129014,2.154269104,1.015412535,1.661898659,2.20776028,-1.105366454,-2.961832061,60.89312977,-0.27480916,2.957015699,6.184846388,0.23921894,-1.503816794,2.694656489,-2.221374046,3.351145038,8.72519084,0.877862595,1.775129014,2.154269104,1.015412535,-0.874045802,4.026717557,0.393129771,1.332339677,1.46774286,1.007676801
1,0.337873186,-0.17401995,-0.950823103,0.01816087,0.005100885,0.002371162,0.174542179,-0.439925721,0.684742131,-0.980119622,-1.431499245,-0.266539394,4.730224609,-2.436279297,-13.31152344,0.158935547,-0.297363281,-1.013183594,0.577392578,-0.095458984,-0.860839844,0.01816087,0.005100885,0.002371162,0.334838867,-0.151123047,-0.960083008,0.134762273,0.071420478,0.048694577,-0.053980371,4.114503817,0.007088332,1.881076182,3.258918926,1.073977797,1.248016421,0.712740857,-1.009202648,-0.755725191,57.60305344,0.099236641,1.46781164,3.672468151,0.121670292,-1.503816794,0.404580153,-2.221374046,3.351145038,8.72519084,1.198473282,1.881076182,3.258918926,1.073977797,-0.484732824,4.026717557,0.393129771,1.371523307,1.805247608,1.036329
1,0.350115095,-0.172014509,-0.953613281,0.015985062,0.005474381,0.002854916,0.060480269,-0.34655549,0.230124476,-0.600516432,-1.38999724,0.025971383,4.901611328,-2.408203125,-13.35058594,0.158935547,-0.297363281,-1.052246094,0.577392578,-0.072509766,-0.860839844,0.015985062,0.005474381,0.002854916,0.347045898,-0.151123047,-0.960083008,0.126432046,0.073989063,0.053431412,-0.005997819,3.842966194,0.051254089,1.825007316,4.045628633,1.179762956,1.204082104,0.563579355,-0.847718251,-0.083969466,53.80152672,0.717557252,1.534157975,2.252545502,-0.044054632,-1.503816794,0.404580153,-2.221374046,3.351145038,8.72519084,1.450381679,1.825007316,4.045628633,1.179762956,-0.183206107,3.847328244,0.393129771,1.350928316,2.011374812,1.086168935
1,0.362095424,-0.169817243,-0.957502093,0.017288436,0.005691682,0.002714913,-0.156096391,-0.384714143,0.461694732,-0.913769988,-1.467076575,0.518572279,5.069335938,-2.377441406,-13.4050293,0.158935547,-0.297363281,-1.052246094,0.577392578,-0.072509766,-0.860839844,0.017288436,0.005691682,0.002714913,0.365478516,-0.151123047,-0.968017578,0.131485497,0.075443234,0.05210483,-0.122682661,3.704471101,0.058887677,1.81651118,4.276426679,1.189400192,1.476311476,0.692917274,-0.854193005,-1.717557252,51.86259542,0.824427481,2.214043024,1.895051161,-0.06553381,-1.503816794,0.404580153,-2.221374046,3.351145038,8.72519084,1.450381679,1.81651118,4.276426679,1.189400192,-0.538167939,3.690839695,0.446564885,1.347780093,2.067952291,1.090596255
1,0.360316685,-0.171700614,-0.951398577,0.016880162,0.005972518,0.003509031,-0.148171608,-0.349212777,0.46524283,-0.834507353,-1.607714507,-0.332702521,5.044433594,-2.403808594,-13.31958008,0.158935547,-0.297363281,-1.052246094,0.577392578,-0.072509766,-0.851318359,0.016880162,0.005972518,0.003509031,0.365478516,-0.151123047,-0.968017578,0.129923679,0.077282066,0.059237071,-0.020174482,3.987459106,0.215921483,2.064866286,5.922011064,1.429515301,1.17048049,0.710566031,-0.756059426,-0.282442748,55.82442748,3.022900763,0.708861296,0.455120032,-0.091012315,-1.503816794,0.404580153,-2.221374046,3.351145038,8.72519084,1.946564885,2.064866286,5.922011064,1.429515301,-0.538167939,3.690839695,0.694656489,1.43696426,2.433518248,1.195623394
1,0.341169085,-0.158238002,-0.956124442,0.019303099,0.006126237,0.003809456,0.077701828,-0.615954499,0.575237569,-1.120786445,-1.157418987,-0.5298438,4.776367188,-2.215332031,-13.38574219,0.157958984,-0.297363281,-1.052246094,0.577392578,-0.065429688,-0.851318359,0.019303099,0.006126237,0.003809456,0.347045898,-0.126586914,-0.970703125,0.138935593,0.078270285,0.061720791,-0.303162486,4.112868048,0.281897492,1.131155425,5.792993761,1.44458557,0.968009821,0.566437212,-0.923639649,-4.244274809,57.58015267,3.946564885,-0.303130918,0.45167459,0.0859371,-1.503816794,0.404580153,-2.221374046,1.770992366,8.72519084,1.946564885,1.131155425,5.792993761,1.44458557,-0.72519084,3.904580153,0.717557252,1.063557908,2.406863885,1.201909136
1,0.324881417,-0.154000419,-0.960972377,0.021521976,0.00652948,0.003757925,0.272944971,-0.669740175,0.833572387,-1.294044958,-1.217965859,-0.145449276,4.548339844,-2.156005859,-13.45361328,0.155761719,-0.297363281,-1.052246094,0.577392578,-0.065429688,-0.851318359,0.021521976,0.00652948,0.003757925,0.326660156,-0.110595703,-0.974609375,0.1467037,0.080805195,0.061301915,-0.249182116,4.197928026,0.458015267,1.032355181,5.723966815,1.143541034,1.064661223,0.45760436,-1.348199001,-3.488549618,58.77099237,6.41221374,-0.163177328,0.452247584,2.062633805,-1.358778626,0.404580153,-2.221374046,1.770992366,8.72519084,1.946564885,1.032355181,5.723966815,1.143541034,-0.679389313,4.095419847,0.759541985,1.016048808,2.392481309,1.069364781
1,0.321428571,-0.148908343,-0.974609375,0.02109465,0.00575928,0.003470577,0.350482193,-0.823966552,0.999146471,-1.160698184,-0.627576124,1.027161527,4.5,-2.084716797,-13.64453125,0.155761719,-0.297363281,-1.053466797,0.577392578,-0.065429688,-0.851318359,0.02109465,0.00575928,0.003470577,0.326660156,-0.110595703,-0.979003906,0.145239973,0.075889921,0.058911601,-0.388222465,3.958015267,0.659760087,0.821467793,4.190384727,1.10302622,1.535583234,0.188671368,-1.667975698,-5.435114504,55.41221374,9.236641221,1.816884467,1.244052528,3.914689766,-1.358778626,0.404580153,-2.221374046,1.770992366,8.526717557,1.946564885,0.821467793,4.190384727,1.10302622,-0.679389313,4.095419847,0.79389313,0.906348604,2.047042923,1.050250551
1,0.333565848,-0.154418945,-0.963065011,0.023823531,0.005677524,0.005451729,0.197912712,-0.610278573,0.980059156,-1.569173044,-0.836204865,0.207904934,4.669921875,-2.161865234,-13.48291016,0.155761719,-0.297363281,-1.053466797,0.577392578,-0.065429688,-0.808349609,0.023823531,0.005677524,0.005451729,0.326782227,-0.136108398,-0.979003906,0.154348732,0.075349343,0.073835825,-0.338604144,3.845147219,0.731733915,0.78158084,4.332546773,0.976237328,1.501702913,0.340237154,-2.062948944,-4.740458015,53.83206107,10.24427481,1.87234449,1.015734966,6.478884621,-1.358778626,0.404580153,-2.221374046,1.770992366,8.526717557,1.946564885,0.78158084,4.332546773,0.976237328,-0.599236641,3.904580153,0.79389313,0.884070608,2.081477065,0.98804723
1,0.359776088,-0.151436942,-0.967442104,0.030225961,0.005139511,0.006146418,0.118395968,-0.643317046,0.806495305,-1.509367204,-0.503388568,-0.036359461,5.036865234,-2.120117188,-13.54418945,0.155761719,-0.297363281,-1.069580078,0.643554688,-0.065429688,-0.808349609,0.030225961,0.005139511,0.006146418,0.351806641,-0.136108398,-0.979003906,0.173856151,0.071690381,0.078399096,-0.248091603,4.140130862,1.021264995,0.972704209,6.337846612,0.308258695,1.181108718,0.63978914,0.57289087,-3.473282443,57.96183206,14.29770992,0.153225178,0.411997015,-0.749010755,-1.358778626,0.404580153,0.198473282,1.770992366,9.213740458,1.946564885,0.972704209,6.337846612,0.308258695,-0.599236641,3.904580153,0.812977099,0.986257679,2.517508016,0.555210497
1,0.370186942,-0.157610212,-0.971854074,0.02723984,0.005142989,0.006456883,0.075675082,-0.380555801,0.892233154,-1.30104021,-0.747349631,-0.10011543,5.182617188,-2.206542969,-13.60595703,0.155761719,-0.297363281,-1.069580078,0.643554688,-0.065429688,-0.808349609,0.02723984,0.005142989,0.006456883,0.351806641,-0.17199707,-0.983886719,0.165044964,0.071714634,0.080354735,-0.434023991,4.292802617,0.864231189,1.80061102,6.505131108,0.735560314,-0.560170819,0.430569454,-1.263363606,-6.076335878,60.09923664,12.09923664,2.117958358,0.042741563,3.149518319,-3.709923664,0.404580153,-1.419847328,1.770992366,9.213740458,1.946564885,1.80061102,6.505131108,0.735560314,-0.599236641,4.229007634,0.812977099,1.341868481,2.550515851,0.85764813
1,0.39074707,-0.162370954,-0.96018764,0.024613837,0.004873069,0.007599908,-0.186616284,-0.223283743,0.549683555,-1.02476558,-0.578037612,-1.052556933,5.470458984,-2.273193359,-13.44262695,0.155761719,-0.297363281,-1.069580078,0.643554688,-0.065429688,-0.808349609,0.024613837,0.004873069,0.007599908,0.405883789,-0.175170898,-0.979003906,0.156887975,0.069807371,0.087177453,-0.769901854,4.398037077,0.813522356,3.783927395,6.436354858,0.790080498,-1.345974742,0.298141744,-1.021285478,-10.77862595,61.57251908,11.38931298,2.499694401,0.039654474,1.98629828,-5.694656489,0.404580153,-1.419847328,1.770992366,9.213740458,1.946564885,3.783927395,6.436354858,0.790080498,-0.599236641,4.41221374,0.812977099,1.945231964,2.536997213,0.888864724
1,0.396205357,-0.165021624,-0.957903181,0.022566877,0.004589424,0.007574381,-0.158591888,-0.186112146,0.46189831,-0.86003511,-0.328477653,-1.106741393,5.546875,-2.310302734,-13.41064453,0.155761719,-0.297363281,-1.069580078,0.643554688,-0.065429688,-0.808349609,0.022566877,0.004589424,0.007574381,0.405883789,-0.175170898,-0.971923828,0.150222756,0.06774529,0.087030922,-0.57306434,4.44438386,0.723009815,4.296768292,6.399261103,0.919019679,-1.250528013,0.238294393,-0.727750475,-8.022900763,62.22137405,10.1221374,1.982947246,0.057142266,0.473358467,-5.694656489,0.404580153,-1.419847328,1.916030534,9.213740458,1.946564885,4.296768292,6.399261103,0.919019679,-0.488549618,4.41221374,0.812977099,2.072864755,2.529676086,0.958655141
1,0.379970006,-0.153930664,-0.952444894,0.029397567,0.006416117,0.008122281,-0.329012948,0.110008231,0.28578487,-0.917407145,-0.37924549,-1.483702442,5.319580078,-2.155029297,-13.33422852,0.079101563,-0.297363281,-1.069580078,0.643554688,-0.005371094,-0.808349609,0.029397567,0.006416117,0.008122281,0.405883789,-0.175170898,-0.971923828,0.171457186,0.080100666,0.090123697,-0.376772083,4.740458015,0.566521265,5.023614431,7.396664171,1.209667525,-1.03818651,0.051158147,-0.549844763,-5.27480916,66.36641221,7.93129771,1.345064291,-0.608122946,-0.53443533,-5.694656489,0.404580153,-1.419847328,2.618320611,9.213740458,1.946564885,5.023614431,7.396664171,1.209667525,-0.488549618,4.614503817,0.751908397,2.241342105,2.719680895,1.099848865
1,0.356392997,-0.14805385,-0.953072684,0.03046466,0.006487083,0.00816206,-0.005724538,-0.12064807,0.305162142,-1.135893691,-0.4429838,-1.493782742,4.989501953,-2.072753906,-13.34301758,0.079101563,-0.297363281,-1.069580078,0.643554688,-0.005371094,-0.808349609,0.03046466,0.006487083,0.00816206,0.351806641,-0.149780273,-0.976318359,0.174541285,0.080542428,0.09034412,-0.322246456,4.648854962,0.613958561,4.949910383,7.351481221,1.20356725,-1.139623951,0.166970589,-0.700319097,-4.511450382,65.08396947,8.595419847,1.642627765,-0.549337239,-0.35441363,-5.694656489,0.404580153,-1.419847328,2.618320611,9.213740458,1.946564885,4.949910383,7.351481221,1.20356725,-0.488549618,4.41221374,0.812977099,2.224839406,2.711361507,1.097072126
1,0.331037249,-0.133039202,-0.962315151,0.027396142,0.004814684,0.007521919,0.272750735,-0.003954482,0.604444719,-0.829454275,-0.669594696,-0.98696343,4.634521484,-1.862548828,-13.47241211,0.079101563,-0.253173828,-1.069580078,0.643554688,-0.005371094,-0.808349609,0.027396142,0.004814684,0.007521919,0.325927734,-0.12109375,-0.987060547,0.1655178,0.069387924,0.086728998,-0.46782988,4.941657579,0.59651036,4.743460607,5.875088928,1.18586291,-1.017099784,0.290505217,-0.671117438,-6.549618321,69.18320611,8.351145038,1.680938516,-0.168724836,-0.319628911,-5.694656489,0.732824427,-1.419847328,2.618320611,9.213740458,1.946564885,4.743460607,5.875088928,1.18586291,-0.591603053,4.477099237,0.812977099,2.177948715,2.423858273,1.088973329
1,0.342860631,-0.14175851,-0.946149554,0.029764016,0.004742307,0.008049256,0.105286136,0.316668578,0.313701457,-1.223352297,-0.501816195,-1.438660541,4.800048828,-1.984619141,-13.24609375,0.079101563,-0.253173828,-1.069580078,0.643554688,-0.005371094,-0.808349609,0.029764016,0.004742307,0.008049256,0.330566406,-0.149780273,-0.976318359,0.172522508,0.06886441,0.089717647,-0.415485278,5.511995638,0.566521265,4.807884732,5.258869299,1.143300584,-1.072774224,0.408666347,-0.65044914,-5.816793893,77.16793893,7.93129771,1.672753512,-0.898147407,-0.206034086,-5.694656489,2.030534351,-1.419847328,2.618320611,9.213740458,1.946564885,4.807884732,5.258869299,1.143300584,-0.591603053,4.641221374,0.812977099,2.192688927,2.293222471,1.069252348
1,0.340419224,-0.146728516,-0.944109235,0.029071227,0.00474408,0.00802002,0.127380542,0.545981446,0.236730907,-1.133898721,-0.334284853,-1.455776857,4.765869141,-2.054199219,-13.2175293,0.079101563,-0.253173828,-1.069580078,0.643554688,-0.005371094,-0.808349609,0.029071227,0.00474408,0.00802002,0.330566406,-0.173095703,-0.967407227,0.170502864,0.068877285,0.089554565,-0.359869138,5.571973828,0.654852781,4.799459034,4.859484289,1.276913023,-1.163430795,0.563870599,-0.667294257,-5.038167939,78.00763359,9.167938931,1.846972115,-0.994223695,-0.440422802,-5.694656489,2.526717557,-1.419847328,2.618320611,9.213740458,1.946564885,4.799459034,4.859484289,1.276913023,-0.488549618,4.641221374,0.839694656,2.190766769,2.2044238,1.130005763
1,0.347638811,-0.142037528,-0.953421456,0.031587669,0.003976668,0.007372949,0.107003342,0.857913225,0.528971061,-1.342002398,-0.223381921,-0.980751827,4.866943359,-1.988525391,-13.34790039,0.079101563,-0.215820313,-1.069580078,0.643554688,-0.005371094,-0.808349609,0.031587669,0.003976668,0.007372949,0.330566406,-0.173095703,-0.984130859,0.177729202,0.063060825,0.085865881,-0.664122137,5.437840785,0.590512541,4.699053758,4.257736524,1.15586421,-0.876422075,0.664648324,-0.716421186,-9.297709924,76.12977099,8.267175573,1.232494276,-0.442883791,-0.211826075,-5.694656489,2.526717557,-1.419847328,2.618320611,9.213740458,1.93129771,4.699053758,4.257736524,1.15586421,-0.591603053,4.641221374,0.839694656,2.167730093,2.063428342,1.075111255
1,0.363542829,-0.154750279,-0.952479771,0.028631352,0.004141641,0.007257715,-0.078933689,1.006123722,0.521237293,-1.036372979,0.710801875,-0.944014302,5.089599609,-2.166503906,-13.3347168,0.079101563,-0.243408203,-1.069580078,0.643554688,-0.005371094,-0.808349609,0.028631352,0.004141641,0.007257715,0.368530273,-0.181274414,-0.984130859,0.169208014,0.064355584,0.085192222,-0.636859324,5.597055616,0.478189749,4.712597117,4.274003923,1.277750599,-0.915882927,0.419953581,-0.419696251,-8.916030534,78.35877863,6.694656489,1.26480679,-0.692238808,-0.947056787,-5.694656489,2.526717557,-1.419847328,2.618320611,9.213740458,1.93129771,4.712597117,4.274003923,1.277750599,-0.488549618,5.072519084,0.835877863,2.170851703,2.067366422,1.130376308
1,0.384922573,-0.166172573,-0.95085798,0.025462615,0.004185187,0.007172038,-0.351003633,1.267586798,0.46966379,-0.548865482,1.753717807,-0.930491629,5.388916016,-2.326416016,-13.31201172,0.079101563,-0.243408203,-1.069580078,0.643554688,-0.005371094,-0.808349609,0.025462615,0.004185187,0.007172038,0.41784668,-0.184692383,-0.973266602,0.159570093,0.064693021,0.084687887,-0.62431843,5.635223555,0.485823337,4.711794441,4.193857975,1.284008079,-0.936323839,0.382511321,-0.43726966,-8.740458015,78.89312977,6.801526718,1.295733792,-0.626948517,-0.95772214,-5.694656489,2.526717557,-1.419847328,2.618320611,9.213740458,1.93129771,4.711794441,4.193857975,1.284008079,-0.480916031,5.13740458,0.889312977,2.170666819,2.047891104,1.133140803
1,0.380301339,-0.1796875,-0.955932617,0.026045042,0.007320514,0.008654079,-0.255821772,-0.20253598,0.082149237,-0.728761249,1.936729829,-0.541158516,5.32421875,-2.515625,-13.38305664,0.079101563,-0.375244141,-1.124511719,0.643554688,-0.005371094,-0.808349609,0.026045042,0.007320514,0.008654079,0.41784668,-0.185424805,-0.973266602,0.161384764,0.085560003,0.0930273,-0.469465649,5.29825518,0.175572519,5.059690353,5.978622945,1.701380142,-0.998317046,-0.050640457,-0.586086806,-6.572519084,74.17557252,2.458015267,1.05613419,-0.362822249,-0.455289109,-5.694656489,0.648854962,-2.465648855,2.618320611,9.213740458,1.93129771,5.059690353,5.978622945,1.701380142,-0.309160305,4.84351145,0.622137405,2.249375547,2.445122276,1.304369634
1,0.360700335,-0.160836356,-0.956054688,0.025659265,0.012146942,0.008615485,0.056161273,0.481975706,0.074917508,-0.737757531,1.332179172,-0.546612218,5.049804688,-2.251708984,-13.38476563,0.079101563,-0.375244141,-1.124511719,0.643554688,0.080566406,-0.810058594,0.025659265,0.012146942,0.008615485,0.342651367,-0.183349609,-0.973266602,0.160185096,0.110213167,0.092819635,-0.366412214,5.62431843,0.224100327,5.226161287,5.520640975,1.755892001,-1.082363149,-0.358940143,-0.660802992,-5.129770992,78.74045802,3.13740458,1.01995936,0.130030343,-0.51871364,-5.694656489,0.648854962,-2.465648855,2.618320611,9.213740458,1.93129771,5.226161287,5.520640975,1.755892001,-0.148854962,5.351145038,0.889312977,2.286079895,2.34960443,1.325100751
1,0.326067243,-0.151698521,-0.952584403,0.021352243,0.012233776,0.007935544,0.032223535,0.223757563,0.099303822,-1.130745885,1.108618433,-0.281713346,4.564941406,-2.123779297,-13.33618164,0.079101563,-0.375244141,-1.124511719,0.556396484,0.080566406,-0.810058594,0.021352243,0.012233776,0.007935544,0.298217773,-0.173095703,-0.973266602,0.146124066,0.110606403,0.08908167,-0.489640131,5.256815703,0.163031625,4.990993506,4.570269862,1.596604171,-1.005133979,-0.327839908,-0.758769346,-6.854961832,73.59541985,2.282442748,1.117561392,0.4239932,-0.350585757,-5.694656489,0.648854962,-2.465648855,2.618320611,8.717557252,1.93129771,4.990993506,4.570269862,1.596604171,-0.316793893,4.84351145,0.889312977,2.234053157,2.13781895,1.263568032
1,0.315482003,-0.143851144,-0.949166434,0.023408341,0.012313358,0.007505602,0.148697834,-0.00298217,0.037256482,-1.390931984,1.007683023,0.02558775,4.416748047,-2.013916016,-13.28833008,0.079101563,-0.375244141,-1.124511719,0.556396484,0.080566406,-0.810058594,0.023408341,0.012313358,0.007505602,0.274658203,-0.149780273,-0.973266602,0.152997847,0.110965573,0.086634877,-0.253544166,5.145038168,0.328789531,4.133811268,4.615886648,1.416148999,-1.385259632,-0.151948912,-1.166661138,-3.549618321,72.03053435,4.603053435,3.365362531,0.277074748,0.931160568,-5.694656489,0.648854962,-2.465648855,2.618320611,8.717557252,1.93129771,4.133811268,4.615886648,1.416148999,-0.316793893,4.641221374,0.908396947,2.033177628,2.148461461,1.190020588
1,0.310389927,-0.141566685,-0.956542969,0.022130541,0.012272558,0.006514962,0.203430929,-0.07431896,0.137941599,-1.188822547,1.044046776,0.853015252,4.345458984,-1.981933594,-13.39160156,0.079101563,-0.375244141,-1.124511719,0.556396484,0.080566406,-0.810058594,0.022130541,0.012272558,0.006514962,0.274658203,-0.133789063,-0.973266602,0.148763372,0.11078158,0.080715314,0.332061069,5.124863686,0.435114504,2.071985674,4.637506395,1.495627384,0.065762456,-0.120110309,-1.304478232,4.648854962,71.7480916,6.091603053,-0.266924146,0.23269938,1.076919177,-2.488549618,0.648854962,-2.465648855,2.618320611,8.717557252,1.93129771,2.071985674,4.637506395,1.495627384,-0.148854962,4.5,0.935114504,1.439439361,2.153487032,1.222958456
1,0.327148438,-0.1371024,-0.947719029,0.0241558,0.012638099,0.007762788,-0.053426398,-0.187144267,0.054853766,-1.46721939,0.811048732,-0.047153146,4.580078125,-1.919433594,-13.26806641,0.079101563,-0.375244141,-1.124511719,0.556396484,0.080566406,-0.810058594,0.0241558,0.012638099,0.007762788,0.336181641,-0.119628906,-0.973266602,0.155421363,0.112419298,0.088106688,-0.043075245,5.118865867,0.543075245,2.762342226,4.647709379,1.435149083,-0.195144743,-0.111397073,-1.64902207,-0.603053435,71.66412214,7.603053435,0.240877639,0.214020171,2.187660983,-3.335877863,0.648854962,-2.465648855,2.618320611,8.717557252,1.93129771,2.762342226,4.647709379,1.435149083,-0.316793893,4.5,0.965648855,1.66202955,2.155854675,1.197977079
1,0.356462751,-0.156319754,-0.958513532,0.020525093,0.012355873,0.007595543,-0.198745952,0.099460649,0.375390441,-1.631859028,0.876521811,0.215368583,4.990478516,-2.188476563,-13.41918945,0.156494141,-0.375244141,-1.124511719,0.556396484,0.080566406,-0.810058594,0.020525093,0.012355873,0.007595543,0.387207031,-0.157104492,-0.983520508,0.143265812,0.111156973,0.087152414,-0.458015267,4.778625954,0.539803708,2.794260689,3.989206295,1.44837739,-0.265231571,0.072598381,-1.641944827,-6.41221374,66.90076336,7.557251908,-0.053179642,0.790141863,2.124534401,-3.335877863,0.648854962,-2.465648855,2.503816794,8.717557252,1.93129771,2.794260689,3.989206295,1.44837739,-0.404580153,4.393129771,0.965648855,1.671604226,1.997299751,1.203485517
1,0.370675223,-0.152239118,-0.968488421,0.018016397,0.013046656,0.009591345,-0.416577024,0.036488165,0.173815916,-1.1885803,0.467851404,-0.248232399,5.189453125,-2.131347656,-13.55883789,0.156494141,-0.375244141,-1.126220703,0.556396484,0.080566406,-0.810058594,0.018016397,0.013046656,0.009591345,0.387451172,-0.157104492,-0.983520508,0.134225174,0.114221961,0.097935414,-0.768811341,5.23391494,0.458015267,4.238559063,6.404670762,1.485165379,-0.539279938,0.523775743,-1.375274842,-10.76335878,73.27480916,6.41221374,-0.092252707,0.691946718,1.310947111,-4.946564885,0.648854962,-2.465648855,2.503816794,10.65648855,1.93129771,4.238559063,6.404670762,1.485165379,-0.404580153,4.5,0.965648855,2.058776108,2.5307451,1.218673615
1,0.391741071,-0.163539342,-0.953334263,0.017502094,0.013250386,0.012096642,-0.748881315,0.316695957,0.103564949,-0.631323951,0.453713421,-0.742730489,5.484375,-2.289550781,-13.34667969,0.156494141,-0.375244141,-1.126220703,0.556396484,0.080566406,-0.778076172,0.017502094,0.013250386,0.012096642,0.424438477,-0.183349609,-0.973266602,0.132295481,0.115110322,0.109984736,-1.034351145,5.591057797,0.426390403,5.2182341,7.628771089,1.465369663,-0.368689816,0.280855061,-1.317949611,-14.48091603,78.27480916,5.969465649,-0.884372445,-0.305797009,1.253303477,-4.946564885,0.648854962,-2.465648855,2.503816794,10.65648855,1.93129771,5.2182341,7.628771089,1.465369663,-0.404580153,4.702290076,0.946564885,2.284345442,2.762023007,1.210524541
1,0.385114397,-0.158203125,-0.968784877,0.016390514,0.013292276,0.011198877,-0.719726729,0.159707654,0.421364674,-0.507222053,0.367786605,-0.290932581,5.391601563,-2.21484375,-13.56298828,0.156494141,-0.375244141,-1.126220703,0.556396484,0.080566406,-0.778076172,0.016390514,0.013292276,0.011198877,0.406860352,-0.157104492,-0.983520508,0.128025441,0.115292133,0.105824747,-0.344601963,5.365866957,0.439476554,14.15257186,6.822289039,1.484795258,1.621855283,0.480743763,-1.316486581,-4.824427481,75.1221374,6.152671756,4.182387779,0.483193206,1.210834376,-4.946564885,0.648854962,-2.465648855,10.15267176,10.65648855,1.93129771,14.15257186,6.822289039,1.484795258,-0.404580153,4.702290076,0.946564885,3.761990412,2.611951194,1.218521751
1,0.364589146,-0.156494141,-0.981445313,0.019141579,0.01325588,0.012589794,-0.401472297,0.108955528,0.550725086,-1.211649313,0.379869248,-0.465159702,5.104248047,-2.190917969,-13.74023438,0.156494141,-0.375244141,-1.126220703,0.556396484,0.080566406,-0.778076172,0.019141579,0.01325588,0.012589794,0.387451172,-0.145141602,-0.994262695,0.138353094,0.115134184,0.112204251,-0.408942203,5.84351145,0.253544166,14.1722933,7.448864375,1.371357941,1.677849509,0.19577182,-1.18464622,-5.72519084,81.80916031,3.549618321,4.313788205,-0.099380756,0.59039624,-4.946564885,0.648854962,-2.465648855,10.15267176,10.65648855,1.473282443,14.1722933,7.448864375,1.371357941,-0.488549618,5.236641221,0.908396947,3.764610644,2.729260774,1.171049931
1,0.337663923,-0.149431501,-0.984095982,0.018167683,0.013482557,0.012689552,-0.216211336,-0.087318979,0.623344856,-1.607590502,0.246433151,-0.441828511,4.727294922,-2.092041016,-13.77734375,0.156494141,-0.375244141,-1.126220703,0.517333984,0.080566406,-0.778076172,0.018167683,0.013482557,0.012689552,0.380859375,-0.127441406,-1.010986328,0.134787549,0.116114412,0.112647914,-0.281897492,5.729007634,0.223009815,13.82920544,7.433803391,1.332306962,1.636699601,0.338887966,-1.170686533,-3.946564885,80.20610687,3.122137405,4.395329956,-0.023450335,0.652429784,-4.946564885,0.648854962,-2.465648855,10.15267176,10.65648855,1.473282443,13.82920544,7.433803391,1.332306962,-0.488549618,4.977099237,0.759541985,3.718763966,2.726500209,1.154256021
1,0.32913644,-0.141496931,-0.986363002,0.018396853,0.012757913,0.012854657,-0.010733395,-0.289166111,0.673714758,-1.693212807,0.729011894,-0.454081066,4.607910156,-1.980957031,-13.80908203,0.156494141,-0.375244141,-1.126220703,0.517333984,0.080566406,-0.778076172,0.018396853,0.012757913,0.012854657,0.336425781,-0.126098633,-1.019897461,0.135635,0.112950932,0.113378381,-0.280806979,5.553435115,0.340239913,13.82934631,7.505970604,1.277581227,1.635648531,0.53993781,-1.534777838,-3.93129771,77.7480916,4.763358779,4.392545098,0.06245141,1.756645268,-4.946564885,0.648854962,-2.465648855,10.15267176,10.65648855,1.473282443,13.82934631,7.505970604,1.277581227,-0.488549618,4.702290076,0.893129771,3.718782908,2.739702649,1.130301387
1,0.335867746,-0.14390346,-0.980451311,0.020857127,0.013360901,0.013617932,0.086353989,-0.278628539,0.503885469,-1.622323048,0.443145394,-0.908940965,4.702148438,-2.014648438,-13.72631836,0.156494141,-0.375244141,-1.126220703,0.549316406,0.080566406,-0.778076172,0.020857127,0.013360901,0.013617932,0.336425781,-0.126098633,-1.019897461,0.144419968,0.115589365,0.116695897,-0.161941112,5.599236641,0.304252999,13.95246985,7.471706867,1.251082348,1.507121108,0.486183579,-1.483365361,-2.267175573,78.38931298,4.259541985,3.978831253,0.050838521,1.717482339,-4.946564885,0.648854962,-2.465648855,10.15267176,10.65648855,1.473282443,13.95246985,7.471706867,1.251082348,-0.404580153,4.770992366,0.751908397,3.735300504,2.733442311,1.118517925
1,0.358485631,-0.130859375,-0.965611049,0.025869779,0.00924347,0.012096505,0.005269273,0.276400022,0.345644483,-1.584220199,0.634598135,-0.900214959,5.018798828,-1.83203125,-13.51855469,0.156494141,-0.275878906,-1.126220703,0.608398438,0.080566406,-0.778076172,0.025869779,0.00924347,0.012096505,0.387451172,-0.126098633,-1.002075195,0.160840849,0.096142966,0.109984111,-0.52780807,5.904580153,0.393675027,14.45368395,5.521309499,0.829543861,1.695651615,1.144838583,-0.983399211,-7.389312977,82.66412214,5.511450382,4.318495489,-0.097187332,-0.287800004,-4.946564885,3.465648855,-1.358778626,10.15267176,10.65648855,1.473282443,14.45368395,5.521309499,0.829543861,-0.557251908,4.984732824,0.751908397,3.801800094,2.349746688,0.910792985
1,0.364641462,-0.140189035,-0.973022461,0.024861572,0.006213538,0.010382421,-0.095951818,-0.717142868,0.382237932,-1.427357046,-0.731900684,-0.40448446,5.104980469,-1.962646484,-13.62231445,0.156494141,-0.275878906,-1.126220703,0.608398438,-0.047119141,-0.778076172,0.024861572,0.006213538,0.010382421,0.387451172,-0.126098633,-1.002075195,0.157675526,0.078826,0.101894164,-0.719738277,5.911668484,0.184296619,14.31573764,5.540135408,1.142320531,1.889136102,1.131602823,-0.788209198,-10.07633588,82.76335878,2.580152672,4.971793977,-0.138263941,-0.733332718,-4.946564885,3.465648855,-1.870229008,10.15267176,10.65648855,1.473282443,14.31573764,5.540135408,1.142320531,-0.839694656,4.984732824,0.564885496,3.783614362,2.353749224,1.068793961
1,0.380353655,-0.13848005,-0.966831752,0.021348105,0.006446932,0.010279297,-0.247117411,-0.701080292,0.188504535,-1.016285486,-0.798494876,-0.43712156,5.324951172,-1.938720703,-13.53564453,0.156494141,-0.275878906,-1.126220703,0.608398438,-0.047119141,-0.778076172,0.021348105,0.006446932,0.010279297,0.387451172,-0.126098633,-0.963745117,0.146109906,0.080292787,0.101386866,-0.652671756,5.954198473,-0.037077426,14.42423339,5.396637277,1.450398328,1.809229115,1.143861764,-0.555737848,-9.13740458,83.35877863,-0.519083969,4.663925145,-0.094460327,-1.171710309,-4.946564885,3.465648855,-2.122137405,10.15267176,10.65648855,1.473282443,14.42423339,5.396637277,1.450398328,-0.839694656,4.984732824,0.461832061,3.79792488,2.323066352,1.204324843
1,0.408429827,-0.144566127,-0.974103655,0.018846727,0.006305547,0.011309692,-0.467303318,-0.486437618,0.273551235,-0.680508111,-0.935247484,-0.771281313,5.718017578,-2.023925781,-13.63745117,0.168945313,-0.275878906,-1.126220703,0.608398438,-0.047119141,-0.778076172,0.018846727,0.006305547,0.011309692,0.406860352,-0.133666992,-0.98046875,0.137283382,0.079407472,0.106347036,-0.580152672,5.869138495,0.006543075,14.53661029,5.813995573,1.565148679,1.724950144,1.020591701,-0.48546118,-8.122137405,82.16793893,0.091603053,4.351997868,-0.198833382,-1.219424662,-4.946564885,3.038167939,-2.122137405,10.15267176,10.65648855,1.511450382,14.53661029,5.813995573,1.565148679,-0.839694656,4.984732824,0.461832061,3.812690689,2.411222838,1.251059023
1,0.389857701,-0.140555246,-0.993652344,0.024260923,0.006613323,0.015313928,-0.392395002,-0.578456043,0.061119491,-1.14206844,-1.014879749,-0.572458753,5.458007813,-1.967773438,-13.91113281,0.133789063,-0.275878906,-1.215820313,0.608398438,-0.047119141,-0.778076172,0.024260923,0.006613323,0.015313928,0.400512695,-0.126098633,-1.020141602,0.155759183,0.081322338,0.123749456,-0.611777535,5.347873501,-0.113958561,14.34054728,11.15948698,1.387757252,1.771653004,-0.628319938,-0.395899221,-8.564885496,74.87022901,-1.595419847,4.632722197,1.930182236,-1.121305234,-4.946564885,-2.801526718,-2.122137405,10.15267176,10.65648855,1.511450382,14.34054728,11.15948698,1.387757252,-0.839694656,4.984732824,0.099236641,3.786891506,3.340581832,1.178031091
1,0.368565151,-0.148297991,-1.012119838,0.025915206,0.006277137,0.013368612,-0.074030724,-0.355354922,0.317347154,-1.448902495,-1.055061448,-0.033910916,5.159912109,-2.076171875,-14.16967773,0.133789063,-0.275878906,-1.215820313,0.608398438,-0.047119141,-0.778076172,0.025915206,0.006277137,0.013368612,0.379882813,-0.143798828,-1.028198242,0.160982007,0.079228383,0.115622715,-0.507633588,5.061613959,-0.282988004,13.88134769,12.95890471,1.387757252,1.793981325,-0.470911449,-0.074637894,-7.106870229,70.86259542,-3.961832061,4.888292299,0.652927734,-1.305436723,-4.946564885,-2.801526718,-2.122137405,10.15267176,10.65648855,1.511450382,13.88134769,12.95890471,1.387757252,-0.839694656,4.984732824,-0.248091603,3.725768067,3.599847873,1.178031091
1,0.34476144,-0.134207589,-1.010951451,0.027647466,0.005229248,0.013364158,0.21619041,-0.597096053,0.282198104,-1.475711849,-0.574421073,-0.047908537,4.826660156,-1.87890625,-14.15332031,0.133789063,-0.275878906,-1.215820313,0.608398438,-0.047119141,-0.778076172,0.027647466,0.005229248,0.013364158,0.353637695,-0.126098633,-1.026855469,0.166275273,0.072313538,0.115603451,-0.312977099,5.116684842,-0.118320611,13.28686243,12.8120598,1.385823401,1.764416088,-0.526028191,-0.397066329,-4.381679389,71.63358779,-1.65648855,5.109784345,0.79392367,-1.122537683,-4.946564885,-2.801526718,-2.122137405,10.15267176,10.65648855,1.511450382,13.28686243,12.8120598,1.385823401,-0.58778626,4.984732824,0.099236641,3.645114872,3.579393776,1.177210007
1,0.32976423,-0.135410854,-1.002755301,0.029622384,0.005023815,0.012269758,0.407777005,-0.653789635,0.162430923,-1.532858085,-0.525980202,0.397520168,4.616699219,-1.895751953,-14.03857422,0.133789063,-0.275878906,-1.215820313,0.608398438,-0.050048828,-0.778076172,0.029622384,0.005023815,0.012269758,0.294921875,-0.126098633,-1.015136719,0.172111547,0.070878877,0.110768938,-0.007633588,4.672846238,-0.038713195,11.54480867,10.27412655,1.446405439,2.090538188,-0.708685239,-0.559907293,-0.106870229,65.41984733,-0.541984733,6.489643161,1.555960592,-1.137506595,-4.473282443,-2.801526718,-2.122137405,10.15267176,9.557251908,1.511450382,11.54480867,10.27412655,1.446405439,-0.56870229,4.79389313,0.461832061,3.397765246,3.205327838,1.202665971
1,0.307425363,-0.122541155,-1.022147042,0.027583913,0.004294867,0.008150178,0.75992992,-0.989718269,-0.331599834,-0.954442034,0.576001413,0.246541113,4.303955078,-1.715576172,-14.31005859,0.133789063,-0.275878906,-1.215820313,0.608398438,-0.050048828,-0.882080078,0.027583913,0.004294867,0.008150178,0.232910156,-0.104248047,-1.026855469,0.166084053,0.065535238,0.090278336,0.254634678,4.320065431,-0.007633588,9.985213406,8.345743383,1.496756958,2.55963318,-0.957977181,-0.582112032,3.564885496,60.48091603,-0.106870229,8.256475365,2.600302592,-1.195359051,-3.541984733,-2.801526718,-2.122137405,10.15267176,9.557251908,1.511450382,9.985213406,8.345743383,1.496756958,-0.56870229,4.614503817,0.515267176,3.159938829,2.88890003,1.223420189
1,0.309256417,-0.130475725,-1.01801409,0.028074516,0.005130674,0.008210486,0.724967877,-0.679785115,-0.48023432,-1.067138598,-0.631694418,0.289726105,4.329589844,-1.826660156,-14.25219727,0.133789063,-0.275878906,-1.215820313,0.608398438,-0.050048828,-0.882080078,0.028074516,0.005130674,0.008210486,0.232910156,-0.110473633,-1.015136719,0.167554517,0.07162872,0.090611735,-0.402944384,4.378953108,-0.031624864,2.020127737,8.552178752,1.441702403,-0.427246808,-0.969118779,-0.6042907,-5.641221374,61.30534351,-0.442748092,0.694963869,2.422326954,-1.153943161,-3.541984733,-2.801526718,-2.122137405,2.061068702,9.557251908,1.511450382,2.020127737,8.552178752,1.441702403,-0.56870229,4.614503817,0.515267176,1.421311977,2.924410838,1.200709125
1,0.330182757,-0.13218471,-1.004429408,0.027881161,0.00526284,0.007963784,0.413240125,-0.595476179,-0.822583347,-1.436886456,-0.849440758,0.988738628,4.622558594,-1.850585938,-14.06201172,0.133789063,-0.275878906,-1.215820313,0.608398438,-0.050048828,-0.882080078,0.027881161,0.00526284,0.007963784,0.294921875,-0.110473633,-1.008300781,0.166976529,0.072545434,0.089240038,-0.597055616,3.936750273,-0.117230098,2.784490581,6.357782885,1.662325641,-0.535492578,-1.674488687,-0.504588089,-8.358778626,55.11450382,-1.641221374,-0.088413405,3.421257014,-1.546047359,-3.687022901,-2.801526718,-2.122137405,2.061068702,7.190839695,1.511450382,2.784490581,6.357782885,1.662325641,-0.56870229,4.503816794,0.515267176,1.668679292,2.521464433,1.289312081
1,0.3498012,-0.13746861,-0.994524275,0.026900018,0.005157952,0.009030789,0.123626505,-0.382568789,-0.846273422,-1.52334638,-0.944413804,0.650297986,4.897216797,-1.924560547,-13.92333984,0.133789063,-0.275878906,-1.215820313,0.608398438,-0.050048828,-0.880126953,0.026900018,0.005157952,0.009030789,0.353637695,-0.147460938,-0.994750977,0.164012249,0.071818882,0.095030463,-0.564885496,3.723009815,-0.127044711,2.791158844,6.486805311,1.648125285,-0.600211204,-1.374007902,-0.492167773,-7.908396947,52.1221374,-1.778625954,-0.046619154,2.471163265,-1.534833741,-3.687022901,-2.801526718,-2.122137405,2.061068702,7.190839695,1.511450382,2.791158844,6.486805311,1.648125285,-0.36259542,4.339694656,0.446564885,1.670676164,2.546920751,1.283793319
1,0.359723772,-0.147513253,-0.992832729,0.026385516,0.006459183,0.008923701,-0.069606526,-0.263034272,-0.917715288,-1.454221279,-1.334500981,0.84134184,5.036132813,-2.065185547,-13.8996582,0.133789063,-0.275878906,-1.215820313,0.608398438,-0.050048828,-0.880126953,0.026385516,0.006459183,0.008923701,0.389404297,-0.16796875,-0.994750977,0.162436189,0.080369041,0.094465344,-0.30261723,3.405125409,-0.119956379,3.952500591,7.560295162,1.664287347,-0.0777252,-0.952437895,-0.490197878,-4.236641221,47.67175573,-1.679389313,-0.007878715,0.599554745,-1.543940534,-3.687022901,-2.801526718,-2.122137405,3.458015267,7.190839695,1.511450382,3.952500591,7.560295162,1.664287347,-0.36259542,4.339694656,0.446564885,1.988089684,2.749599091,1.290072613
1,0.360142299,-0.151035854,-1.008701869,0.026558875,0.007606833,0.008663825,-0.064404569,-0.537053809,-0.661468511,-1.455415171,-0.633873249,0.238339361,5.041992188,-2.114501953,-14.12182617,0.133789063,-0.325195313,-1.215820313,0.608398438,-0.050048828,-0.880126953,0.026558875,0.007606833,0.008663825,0.389404297,-0.16796875,-1.008178711,0.162968938,0.087217159,0.09307967,-0.712649945,3.539803708,0.115049073,5.074974178,8.436297226,2.706839428,-0.074531281,-0.766834503,0.38232756,-9.977099237,49.55725191,1.610687023,-0.23052664,0.315848914,0.097672825,-4.648854962,-2.801526718,-2.122137405,3.458015267,7.435114504,3.702290076,5.074974178,8.436297226,2.706839428,-0.56870229,4.339694656,0.65648855,2.252770334,2.904530466,1.645247528
1,0.338378906,-0.14528111,-1.034685407,0.021552902,0.007554957,0.012969691,-0.004208278,-0.75676339,-0.815117507,-1.430592692,-0.359730432,0.382797633,4.737304688,-2.033935547,-14.4855957,0.133789063,-0.325195313,-1.280517578,0.555175781,-0.050048828,-0.880126953,0.021552902,0.007554957,0.012969691,0.353637695,-0.137329102,-1.011352539,0.146809066,0.086919257,0.11388455,-0.848418757,3.525627045,0.239367503,6.160407159,8.396855635,2.567410068,-0.352287837,-0.758751827,0.194456203,-11.8778626,49.35877863,3.351145038,-0.116814226,0.331576052,0.339912306,-5.442748092,-2.801526718,-2.122137405,3.458015267,7.435114504,3.702290076,6.160407159,8.396855635,2.567410068,-0.56870229,4.339694656,0.679389313,2.482016752,2.897732844,1.602313973
1,0.328578404,-0.147879464,-1.041294643,0.02310374,0.007116514,0.011860663,0.141108041,-0.818557414,-0.840486068,-1.626430301,-0.233905336,0.711104285,4.600097656,-2.0703125,-14.578125,0.133789063,-0.325195313,-1.280517578,0.555175781,-0.063964844,-0.880126953,0.02310374,0.007116514,0.011860663,0.341186523,-0.137329102,-1.011352539,0.151999145,0.084359435,0.10890667,-0.775899673,3.3217012,0.46346783,6.111393967,7.36920349,2.252248422,-0.456289956,-0.87792144,-0.012052609,-10.86259542,46.50381679,6.488549618,0.00671794,0.757078982,0.937057096,-5.442748092,-2.801526718,-2.122137405,3.458015267,7.435114504,3.702290076,6.111393967,7.36920349,2.252248422,-0.541984733,4.286259542,0.854961832,2.472123372,2.714627689,1.500749287
1,0.315917969,-0.149309431,-1.046892439,0.023982039,0.006886691,0.011009661,0.367527375,-0.851383622,-0.846148229,-1.631348464,-0.156935935,1.037088721,4.422851563,-2.090332031,-14.65649414,0.133789063,-0.325195313,-1.280517578,0.555175781,-0.063964844,-0.880126953,0.023982039,0.006886691,0.011009661,0.254150391,-0.137329102,-1.012084961,0.154861354,0.082986086,0.10492693,-0.859869138,3.314067612,0.6695747,5.973137724,7.347947781,1.699160696,-0.365734725,-0.874278739,0.124715449,-12.03816794,46.39694656,9.374045802,0.096977964,0.768135384,2.312445349,-5.442748092,-2.801526718,-1.870229008,3.458015267,7.435114504,3.702290076,5.973137724,7.347947781,1.699160696,-0.629770992,4.286259542,0.854961832,2.444000353,2.71070983,1.303518583
1,0.296840123,-0.141305106,-1.039219448,0.01947699,0.007369373,0.011168458,0.561485362,-0.997745056,-1.054772923,-1.212210821,-0.064824951,1.28409039,4.155761719,-1.978271484,-14.54907227,0.133789063,-0.325195313,-1.280517578,0.555175781,-0.061279297,-0.880126953,0.01947699,0.007369373,0.011168458,0.243530273,-0.099243164,-1.011352539,0.139559988,0.085845053,0.105680925,-0.929116685,3.700109051,0.616139586,5.820939506,9.204936314,1.642242729,-0.299204118,-0.637905561,0.251877528,-13.00763359,51.80152672,8.625954198,0.234226184,0.383075447,2.764266249,-5.442748092,-2.801526718,-1.870229008,3.458015267,8.442748092,3.702290076,5.820939506,9.204936314,1.642242729,-0.629770992,4.389312977,0.797709924,2.412662327,3.033963796,1.281500187
1,0.321794782,-0.150094169,-1.013689314,0.019431531,0.007268687,0.010582561,0.287582709,-0.723852007,-1.089968566,-1.626912688,-0.472140903,2.853641225,4.505126953,-2.101318359,-14.19165039,0.15625,-0.325195313,-1.280517578,0.555175781,-0.061279297,-0.858398438,0.019431531,0.007268687,0.010582561,0.29309082,-0.137329102,-1.008789063,0.139397027,0.085256596,0.102871577,-1.282442748,4.06434024,0.556706652,5.293128875,5.961717439,1.797927002,-0.055203236,-0.072745049,0.225520686,-17.95419847,56.90076336,7.79389313,0.529924138,-0.064328313,1.976517439,-5.442748092,-0.229007634,-1.870229008,3.458015267,8.442748092,3.702290076,5.293128875,5.961717439,1.797927002,-0.65648855,4.389312977,0.797709924,2.30068009,2.441662843,1.340868003
1,0.337402344,-0.147722517,-0.99534389,0.018548975,0.007202501,0.012545682,0.005946064,-0.828318642,-0.982240315,-1.611000645,-0.29266619,2.480824044,4.723632813,-2.068115234,-13.93481445,0.15625,-0.325195313,-1.280517578,0.555175781,-0.061279297,-0.826416016,0.018548975,0.007202501,0.012545682,0.351928711,-0.128662109,-1.005737305,0.13619462,0.084867551,0.112007507,-1.369683751,4.609051254,0.591057797,5.511564364,5.67864683,1.671031492,0.038044722,-0.157860969,0.332619988,-19.17557252,64.52671756,8.27480916,0.228249215,0.067274367,2.417680673,-5.442748092,-0.229007634,-1.870229008,3.458015267,8.442748092,3.702290076,5.511564364,5.67864683,1.671031492,-0.65648855,4.5,0.797709924,2.347672116,2.382991152,1.292683833
1,0.354038783,-0.144583566,-1.011997768,0.01593266,0.007817582,0.016779522,-0.18524197,-0.707461946,-0.774327908,-1.367382628,-0.409350357,0.505799965,4.956542969,-2.024169922,-14.16796875,0.171142578,-0.325195313,-1.280517578,0.555175781,-0.033203125,-0.826416016,0.01593266,0.007817582,0.016779522,0.39465332,-0.128662109,-1.008789063,0.126224639,0.08841709,0.129535796,-1.140676118,4.293347874,0.36695747,6.691700002,7.327237648,2.202529566,0.073859574,-0.19525487,0.160328421,-15.96946565,60.10687023,5.13740458,-0.412924245,-0.545727139,1.185541788,-5.442748092,-0.229007634,-2.190839695,3.458015267,8.442748092,3.702290076,6.691700002,7.327237648,2.202529566,-0.65648855,4.5,0.763358779,2.58683204,2.706887077,1.484092169
1,0.377075195,-0.15398298,-1.027657645,0.014287387,0.00742235,0.020195121,-0.437163273,-0.47335165,-0.526242297,-1.105311626,-0.508559622,-0.586018962,5.279052734,-2.155761719,-14.38720703,0.19140625,-0.325195313,-1.280517578,0.555175781,-0.033203125,-0.826416016,0.014287387,0.00742235,0.020195121,0.40637207,-0.153930664,-1.008789063,0.119529858,0.086153063,0.14210954,-0.930207197,4.797164667,0.252453653,7.524430234,11.04299744,2.271379777,-0.034377077,0.273313315,0.378291453,-13.02290076,67.16030534,3.534351145,-0.877514976,-0.135408432,1.025713955,-5.442748092,-0.229007634,-2.190839695,3.458015267,11.49618321,3.702290076,7.524430234,11.04299744,2.271379777,-0.629770992,4.561068702,0.645038168,2.743069491,3.323100577,1.507109743
1,0.389718192,-0.167253767,-1.01511928,0.011828261,0.007349825,0.021804566,-0.631194757,-0.163614615,-0.665657831,-0.352899305,-0.750670467,-0.666052656,5.456054688,-2.341552734,-14.21166992,0.19140625,-0.325195313,-1.280517578,0.555175781,-0.033203125,-0.826416016,0.011828261,0.007349825,0.021804566,0.40637207,-0.170898438,-0.995361328,0.108757811,0.085731123,0.147663693,-1.264994547,4.546346783,0.245910578,9.000797233,12.04921458,2.262197187,0.051253967,0.38061757,0.392771576,-17.70992366,63.64885496,3.442748092,-1.205688186,-0.462748491,1.07204265,-5.488549618,-0.229007634,-2.190839695,3.458015267,11.49618321,3.702290076,9.000797233,12.04921458,2.262197187,-0.629770992,4.446564885,0.645038168,3.000132869,3.47119786,1.504060234
1,0.366995675,-0.163626535,-1.01851981,0.016323862,0.007036339,0.021741279,-0.543619105,-0.287138144,-0.5887805,-0.671813654,-0.459946829,-0.726895525,5.137939453,-2.290771484,-14.25927734,0.127441406,-0.325195313,-1.280517578,0.555175781,-0.033203125,-0.826416016,0.016323862,0.007036339,0.021741279,0.39465332,-0.170898438,-1.008789063,0.127764868,0.083882889,0.147449242,-1.472737186,4.593784079,0.236641221,8.615442567,12.26901945,2.250783306,0.263305099,0.34286723,0.4140464,-20.61832061,64.3129771,3.312977099,-0.949938789,-0.587045411,1.133269733,-5.488549618,-0.229007634,-2.190839695,3.458015267,11.49618321,3.702290076,8.615442567,12.26901945,2.250783306,-1.301526718,4.446564885,0.63740458,2.935207415,3.502716011,1.500261079
1,0.346836635,-0.156685965,-1.025809152,0.017891972,0.007477945,0.02100999,-0.22045115,-0.467728845,-0.46807472,-1.162359018,-0.6073965,-0.680499051,4.855712891,-2.193603516,-14.36132813,0.127441406,-0.325195313,-1.280517578,0.555175781,-0.033203125,-0.826416016,0.017891972,0.007477945,0.02100999,0.385375977,-0.153930664,-1.011962891,0.133760876,0.086475114,0.144948233,-1.235005453,4.689749182,0.419847328,8.272874349,12.14425918,1.889319701,0.035992997,0.255680192,0.395414985,-17.29007634,65.65648855,5.877862595,-0.827308811,-0.567373968,2.087043455,-5.488549618,-0.229007634,-2.190839695,3.458015267,11.49618321,3.702290076,8.272874349,12.14425918,1.889319701,-0.629770992,4.633587786,0.721374046,2.87626048,3.48486143,1.374525264
1,0.324759347,-0.151611328,-1.034441267,0.019615102,0.007773858,0.019344618,0.055744802,-0.606756124,-0.41489776,-1.317060325,-0.653591457,-0.437344241,4.546630859,-2.122558594,-14.48217773,0.127441406,-0.325195313,-1.280517578,0.555175781,-0.033203125,-0.826416016,0.019615102,0.007773858,0.019344618,0.342651367,-0.128662109,-1.011962891,0.140053924,0.088169484,0.139084932,-1.255179935,4.857142857,0.459651036,8.236185934,11.58605092,1.916735878,0.058577927,0.143744754,0.294292691,-17.57251908,68,6.435114504,-0.799843479,-0.350026446,1.869500707,-5.488549618,-0.229007634,-2.190839695,3.458015267,11.49618321,3.702290076,8.236185934,11.58605092,1.916735878,-0.629770992,4.633587786,0.755725191,2.869875596,3.403828861,1.384462306
1,0.325317383,-0.146083287,-1.034284319,0.019710071,0.006756971,0.019352809,0.046213511,-0.709582784,-0.418453112,-1.337556145,0.024014201,-0.437620488,4.554443359,-2.045166016,-14.47998047,0.127441406,-0.325195313,-1.280517578,0.555175781,-0.033203125,-0.826416016,0.019710071,0.006756971,0.019352809,0.342651367,-0.128662109,-1.010864258,0.14039256,0.0822008,0.139114375,-1.758451472,5.519629226,0.392584515,6.673177618,10.47308938,1.90385816,0.16034278,-0.017035068,0.460181141,-24.61832061,77.27480916,5.496183206,-0.677578915,-0.355857941,2.04487994,-5.488549618,-0.183206107,-2.190839695,2.740458015,11.49618321,3.702290076,6.673177618,10.47308938,1.90385816,-1.301526718,4.717557252,0.721374046,2.58324943,3.236215286,1.379803667
1,0.321881975,-0.142037528,-1.026314872,0.018174499,0.005425354,0.019041054,-0.083473717,-0.300813495,-0.616995531,-1.544316118,-1.128255453,-0.169832047,4.506347656,-1.988525391,-14.3684082,0.127441406,-0.268554688,-1.280517578,0.507080078,-0.033203125,-0.826416016,0.018174499,0.005425354,0.019041054,0.342651367,-0.128662109,-1.00769043,0.134812829,0.073657002,0.137989325,-1.301526718,5.311886587,0.149945474,6.751522907,10.22021181,0.998414178,-0.120652365,0.188119085,-1.181813948,-18.22137405,74.36641221,2.099236641,-0.713144212,-0.16955709,0.695624576,-5.488549618,-0.183206107,-2.190839695,2.740458015,11.49618321,1.267175573,6.751522907,10.22021181,0.998414178,-0.629770992,4.633587786,0.610687023,2.598369279,3.196906601,0.999206775
1,0.332746233,-0.140834263,-0.997366769,0.019401747,0.005523314,0.014923473,-0.269293611,-0.332965381,-0.756993909,-1.664672493,-1.180679406,0.56421164,4.658447266,-1.971679688,-13.96313477,0.127441406,-0.268554688,-1.23828125,0.507080078,-0.033203125,-0.826416016,0.019401747,0.005523314,0.014923473,0.385375977,-0.120239258,-1.003662109,0.139290154,0.074318998,0.122161669,-0.874045802,5.113413304,0.297164667,5.496942979,11.02249606,1.421312765,-0.271825471,0.284487376,-0.36586063,-12.23664122,71.58778626,4.160305344,-0.31578099,-0.496847156,0.636547907,-5.488549618,-0.183206107,-2.190839695,2.740458015,11.49618321,2.58778626,5.496942979,11.02249606,1.421312765,-0.580152672,4.541984733,0.721374046,2.34455603,3.320014467,1.192188225
1,0.357788086,-0.143484933,-1.000819615,0.020557713,0.005311053,0.015157173,-0.499976789,-0.261907119,-0.650388717,-1.279443687,-1.066015769,0.328161954,5.009033203,-2.008789063,-14.01147461,0.127441406,-0.268554688,-1.23828125,0.541992188,-0.033203125,-0.826416016,0.020557713,0.005311053,0.015157173,0.39855957,-0.134399414,-1.005004883,0.143379612,0.072876971,0.123114472,-0.928571429,5.346237732,0.579062159,5.508533277,11.39148792,3.122795042,-0.19066511,0.065713266,1.242144523,-13,74.84732824,8.106870229,-0.359662197,-0.744722164,3.083411005,-5.488549618,-0.183206107,-2.190839695,2.740458015,11.49618321,5.213740458,5.508533277,11.39148792,3.122795042,-0.591603053,4.633587786,0.721374046,2.347026475,3.375127837,1.767143187
1,0.367919922,-0.149361747,-1.000575474,0.018582454,0.005041427,0.015151763,-0.707076401,-0.048568531,-0.657627503,-0.68396189,-0.907718852,0.338208919,5.150878906,-2.091064453,-14.00805664,0.127441406,-0.268554688,-1.23828125,0.541992188,-0.033203125,-0.826416016,0.018582454,0.005041427,0.015151763,0.39855957,-0.155761719,-1.005004883,0.136317475,0.071003005,0.123092498,-1.409487459,5.847328244,0.630861505,8.448813787,14.05524154,3.180921025,-0.494222283,-0.010935692,1.118372069,-19.73282443,81.86259542,8.832061069,-0.110782083,-1.039454279,2.655699819,-7.374045802,-0.183206107,-2.190839695,2.740458015,11.57251908,5.213740458,8.448813787,14.05524154,3.180921025,-0.961832061,5.881679389,0.721374046,2.906684329,3.74903208,1.783513674
1,0.356462751,-0.147391183,-1.013916016,0.022528818,0.005469638,0.017044563,-0.639769987,0.055475251,-0.376806901,-1.147146126,-0.877810719,-0.529078869,4.990478516,-2.063476563,-14.19482422,0.122070313,-0.268554688,-1.23828125,0.541992188,-0.033203125,-0.826416016,0.022528818,0.005469638,0.017044563,0.39855957,-0.155761719,-1.009155273,0.150096028,0.073957,0.130554826,-1.503816794,5.669029444,0.989640131,8.359912682,13.50359363,5.085418253,-0.392276522,0.12673453,1.063596219,-21.05343511,79.36641221,13.85496183,-0.113119652,-0.825283011,0.877871269,-7.374045802,-0.183206107,-2.190839695,2.740458015,11.57251908,5.786259542,8.359912682,13.50359363,5.085418253,-1.530534351,5.328244275,0.721374046,2.891351359,3.674723613,2.255087194
1,0.329363142,-0.136579241,-1.037179129,0.02541548,0.00583675,0.016828743,-0.335273189,-0.233102151,-0.106369331,-1.588642063,-0.966369047,-0.746810819,4.611083984,-1.912109375,-14.52050781,0.103759766,-0.268554688,-1.23828125,0.541992188,-0.033203125,-0.826416016,0.02541548,0.00583675,0.016828743,0.385375977,-0.134399414,-1.017944336,0.159422332,0.076398626,0.129725644,-1.585605234,6.176117775,1.364776445,8.69695982,13.42141138,5.410991636,-0.319815474,-0.19538926,0.696737679,-22.19847328,86.46564885,19.10687023,-0.392131475,-0.780780967,-0.159567086,-7.374045802,-0.183206107,-2.190839695,2.740458015,11.57251908,5.786259542,8.69695982,13.42141138,5.410991636,-1.530534351,6.5,0.801526718,2.949060837,3.663524448,2.326153829
1,0.311924526,-0.131434849,-1.049037388,0.026546658,0.006111031,0.013414327,-0.036329772,-0.400416596,-0.325390325,-1.799206919,-1.063537324,-0.592449323,4.366943359,-1.840087891,-14.68652344,0.103759766,-0.268554688,-1.23828125,0.541992188,-0.033203125,-0.874023438,0.026546658,0.006111031,0.013414327,0.362426758,-0.109375,-1.017944336,0.162931452,0.078173086,0.115820234,-1.419302072,5.976008724,1.404034896,8.541984413,13.23540279,5.241002311,-0.513534713,-0.018764652,0.720068275,-19.87022901,83.66412214,19.65648855,-0.145458452,-0.734066101,-0.065795988,-7.374045802,-0.183206107,-2.190839695,2.740458015,11.57251908,5.786259542,8.541984413,13.23540279,5.241002311,-1.076335878,5.526717557,0.801526718,2.922667346,3.638049311,2.289323549
1,0.294782366,-0.134643555,-1.033307757,0.027808948,0.005576287,0.010466793,0.234916822,-0.480517085,-0.444301151,-1.844285399,-0.970237868,0.209059184,4.126953125,-1.885009766,-14.46630859,0.103759766,-0.268554688,-1.230712891,0.541992188,-0.033691406,-0.874023438,0.027808948,0.005576287,0.010466793,0.261474609,-0.109375,-1.013671875,0.166760151,0.074674543,0.102307346,-1.638495093,6.330970556,1.617230098,7.250766336,10.29044934,4.226603767,-0.695943741,0.214286976,1.107386587,-22.9389313,88.63358779,22.64122137,0.22191408,-0.608676688,0.091380265,-7.374045802,1.053435115,-0.770992366,2.27480916,11.57251908,5.786259542,7.250766336,10.29044934,4.226603767,-1.076335878,5.526717557,0.824427481,2.692724705,3.207873024,2.055870562
1,0.298828125,-0.134504046,-1.008911133,0.029771044,0.005558257,0.008426563,0.284019147,-0.484847553,-0.328858509,-1.767830871,-0.953332739,0.328489479,4.18359375,-1.883056641,-14.12475586,0.103759766,-0.268554688,-1.184082031,0.550292969,-0.033691406,-0.874023438,0.029771044,0.005558257,0.008426563,0.261474609,-0.109375,-1.009155273,0.172542875,0.074553716,0.091796313,-1.681025082,5.905125409,1.79825518,6.917618917,8.09170807,3.754216531,-0.805656324,0.296234587,1.162909119,-23.53435115,82.67175573,25.17557252,0.25927454,0.084038881,0.184686159,-7.374045802,1.053435115,-0.351145038,1.748091603,11.57251908,5.786259542,6.917618917,8.09170807,3.754216531,-1.076335878,5.320610687,0.946564885,2.630136673,2.844592778,1.937580071
1,0.313720703,-0.132760184,-1.007952009,0.035530842,0.005163359,0.008718094,0.264177598,-0.433002345,-0.25933971,-1.865909919,-0.958135201,0.313922394,4.392089844,-1.858642578,-14.11132813,0.103759766,-0.268554688,-1.184082031,0.590087891,-0.033691406,-0.860595703,0.035530842,0.005163359,0.008718094,0.261474609,-0.109375,-1.009155273,0.188496266,0.07185652,0.093370732,-1.476008724,6.287350055,1.773718648,5.824760142,6.142878595,3.812496198,-0.99367974,0.5773919,1.164761734,-20.66412214,88.02290076,24.83206107,1.578339592,0.459050598,0.157301172,-7.374045802,1.946564885,-0.351145038,1.748091603,11.57251908,5.786259542,5.824760142,6.142878595,3.812496198,-1.076335878,5.740458015,0.916030534,2.413453986,2.478483124,1.952561445
1,0.340663365,-0.133457729,-1.000418527,0.034883688,0.005241409,0.009122724,-0.052209596,-0.408649365,-0.461895068,-1.937726992,-1.040605207,0.156985458,4.769287109,-1.868408203,-14.00585938,0.103759766,-0.268554688,-1.184082031,0.590087891,-0.033691406,-0.860595703,0.034883688,0.005241409,0.009122724,0.375610352,-0.109375,-1.005004883,0.186771754,0.072397574,0.095512952,-1.331515812,6.016357688,1.751363141,5.965859209,6.723849311,3.868877233,-1.142876235,0.726218478,1.163611507,-18.64122137,84.22900763,24.51908397,1.679383993,0.284164454,0.129726685,-7.374045802,1.946564885,-0.351145038,1.748091603,11.57251908,5.786259542,5.965859209,6.723849311,3.868877233,-0.65648855,5.320610687,0.916030534,2.442510841,2.593038625,1.966946169
1,0.358154297,-0.144321987,-1.000104632,0.033102338,0.005690482,0.009106395,-0.323112987,-0.095165244,-0.473864667,-1.715776403,-1.376864584,0.179373262,5.014160156,-2.020507813,-14.00146484,0.103759766,-0.268554688,-1.184082031,0.590087891,-0.033691406,-0.860595703,0.033102338,0.005690482,0.009106395,0.416259766,-0.144897461,-1.005004883,0.18194048,0.075435281,0.095427433,-1.291712105,5.947110142,1.824427481,6.071433694,6.985835183,3.777321565,-1.153777112,0.731013072,1.088952171,-18.08396947,83.25954198,25.54198473,1.60346171,0.138453201,0.07705792,-7.374045802,1.946564885,-0.351145038,1.748091603,11.57251908,5.786259542,6.071433694,6.985835183,3.777321565,-0.65648855,5.320610687,1.263358779,2.464027941,2.643073057,1.943533268
1,0.373203823,-0.152117048,-0.9982387,0.029364546,0.005655201,0.009151635,-0.522287784,0.19934931,-0.53698171,-1.256729236,-1.327130167,0.193816613,5.224853516,-2.129638672,-13.9753418,0.103759766,-0.268554688,-1.184082031,0.590087891,-0.033691406,-0.860595703,0.029364546,0.005655201,0.009151635,0.416259766,-0.178100586,-1.000854492,0.171360864,0.075201072,0.095664176,-0.974372955,6.065430752,1.828789531,7.993730033,6.786781426,3.770200896,-0.604104236,0.623241241,1.085459232,-13.64122137,84.91603053,25.60305344,0.940738268,0.185864825,0.077613155,-7.374045802,1.946564885,-0.351145038,3.900763359,11.57251908,5.786259542,7.993730033,6.786781426,3.770200896,-0.549618321,5.740458015,1.29389313,2.827318523,2.605145183,1.941700517
1,0.359235491,-0.14894322,-0.984043666,0.031050514,0.005499276,0.01164259,-0.271146816,0.076032439,-0.36324616,-1.622349448,-1.23220753,-0.126768608,5.029296875,-2.085205078,-13.77661133,0.103759766,-0.268554688,-1.184082031,0.590087891,-0.033691406,-0.810302734,0.031050514,0.005499276,0.01164259,0.390136719,-0.158691406,-0.992553711,0.176211561,0.0741571,0.107900834,-0.884950927,5.165757906,2.009814613,7.602331443,12.34330462,3.533794683,-0.699291708,-0.722868287,0.940324626,-12.38931298,72.32061069,28.13740458,1.467934897,2.535160407,-0.059062159,-7.374045802,-3.549618321,-0.351145038,3.900763359,11.57251908,5.786259542,7.602331443,12.34330462,3.533794683,-0.549618321,5.320610687,1.603053435,2.75723257,3.513303946,1.879839004
1,0.325561523,-0.128662109,-0.997017997,0.036202667,0.006032889,0.014240477,-0.072534133,0.30745494,-0.250133403,-1.600395834,-1.006557531,-0.82874639,4.557861328,-1.801269531,-13.95825195,0.035644531,-0.234130859,-1.184082031,0.590087891,0.015380859,-0.810302734,0.036202667,0.006032889,0.014240477,0.349487305,-0.137329102,-1.000854492,0.190269984,0.077671672,0.119333472,-1.104143948,5.332061069,2.200654308,7.031889007,12.50160023,3.343067049,-0.584323929,-0.863618555,0.741182559,-15.45801527,74.64885496,30.80916031,1.916581659,2.581397552,-0.224227341,-7.374045802,-3.549618321,-0.351145038,3.900763359,11.57251908,5.786259542,7.031889007,12.50160023,3.343067049,-1.045801527,5.740458015,1.740458015,2.651770919,3.535760205,1.828405603
1,0.305140904,-0.126918248,-1.006644113,0.036311964,0.006201092,0.013012989,0.226852843,0.246233754,-0.099548324,-1.563357793,-1.160970415,-0.506454154,4.271972656,-1.776855469,-14.09301758,0.035644531,-0.234130859,-1.184082031,0.590087891,0.015380859,-0.810302734,0.036311964,0.006201092,0.013012989,0.277832031,-0.137329102,-1.009643555,0.190556985,0.078747011,0.114074487,-1.190839695,5.510359869,2.098146129,6.829734685,11.64654074,3.40470438,-0.516325318,-1.057463066,0.898532309,-16.67175573,77.14503817,29.3740458,2.139351992,3.716359918,-0.098694403,-7.374045802,-3.549618321,-0.351145038,3.900763359,11.57251908,5.786259542,6.829734685,11.64654074,3.40470438,-1.045801527,5.740458015,1.603053435,2.613376109,3.41270285,1.845184105
1,0.277988979,-0.123726981,-1.002336775,0.032781827,0.006366924,0.012827018,0.548202357,0.116219506,-0.227937049,-1.123930139,-1.323274991,-0.37953648,3.891845703,-1.732177734,-14.03271484,0.035644531,-0.234130859,-1.184082031,0.590087891,0.015380859,-0.810302734,0.032781827,0.006366924,0.012827018,0.191162109,-0.114990234,-1.001831055,0.181057523,0.079793007,0.113256425,-1.148854962,5.273173391,1.787895311,6.837155357,11.36896432,2.670340876,-0.571339413,-0.875420496,1.306654339,-16.08396947,73.82442748,25.03053435,2.174016943,3.691029899,1.671388678,-7.374045802,-3.549618321,-0.351145038,3.900763359,11.57251908,5.786259542,6.837155357,11.36896432,2.670340876,-0.782442748,5.320610687,1.320610687,2.614795471,3.371789483,1.634117767
1,0.280308315,-0.12574986,-1.007114955,0.033183207,0.006609527,0.013218081,0.503455846,0.15043138,-0.096096485,-1.217646074,-1.428765394,-0.598780839,3.924316406,-1.760498047,-14.09960938,0.035644531,-0.234130859,-1.184082031,0.590087891,0.015380859,-0.810302734,0.033183207,0.006609527,0.013218081,0.191162109,-0.114990234,-1.002197266,0.182162583,0.081298995,0.114969912,-0.491821156,4.553980371,1.689203926,4.071286094,8.852422212,2.870331463,0.496183284,-1.444533618,1.289460721,-6.885496183,63.75572519,23.64885496,0.699094245,3.970101276,1.425806051,-4.030534351,-3.549618321,-0.351145038,3.900763359,9.396946565,5.786259542,4.071286094,8.852422212,2.870331463,-0.721374046,4.946564885,1.125954198,2.017742822,2.975302037,1.69420526
1,0.314854213,-0.13671875,-0.994541713,0.03811713,0.00611905,0.011114905,0.245976912,0.473223358,-0.233699451,-1.499162757,-1.040943657,0.120921955,4.407958984,-1.9140625,-13.92358398,0.035644531,-0.234130859,-1.184082031,0.605712891,0.015380859,-0.810302734,0.03811713,0.00611905,0.011114905,0.284057617,-0.169189453,-0.993408203,0.195236088,0.078224354,0.105427252,-0.557797165,4.420392585,1.384950927,4.300981781,8.701577049,1.481451361,0.490526509,-1.333462327,0.94902621,-7.809160305,61.88549618,19.38931298,0.420854193,3.888296935,0.909595861,-4.030534351,-3.549618321,-0.351145038,3.900763359,9.396946565,4.20610687,4.300981781,8.701577049,1.481451361,-0.721374046,4.614503817,1.125954198,2.07388085,2.949843563,1.217148866
1,0.342320033,-0.140345982,-0.978062221,0.036190582,0.005629951,0.008189338,-0.052612965,0.578988546,-0.181439481,-1.502497287,-0.60989118,0.969122348,4.792480469,-1.96484375,-13.69287109,0.035644531,-0.234130859,-1.174316406,0.605712891,0.015380859,-0.810302734,0.036190582,0.005629951,0.008189338,0.365722656,-0.169189453,-0.991455078,0.190238224,0.075032998,0.090494959,-0.058342421,4.290621592,1.097600872,4.057559916,7.546363752,0.891396669,0.586939887,-1.882607784,0.554591112,-0.816793893,60.06870229,15.36641221,-0.380008136,4.825557553,-0.132656503,-2.618320611,-3.549618321,-0.351145038,3.900763359,7.580152672,2.977099237,4.057559916,7.546363752,0.891396669,-0.5,4.614503817,0.984732824,2.01433858,2.74706457,0.944138056
1,0.350498744,-0.144130162,-0.981863839,0.034064344,0.005283499,0.008509328,-0.140787367,0.749300057,-0.061939575,-1.281246654,-0.074087958,0.61922967,4.906982422,-2.017822266,-13.74609375,0.035644531,-0.234130859,-1.174316406,0.605712891,0.015380859,-0.810302734,0.034064344,0.005283499,0.008509328,0.365722656,-0.169189453,-0.992431641,0.184565285,0.07268768,0.092246019,-0.236095965,4.332061069,1.382769902,4.772749161,7.643258641,1.140061384,0.466301421,-1.890133753,0.862196729,-3.305343511,60.64885496,19.35877863,-0.633045194,4.766642949,0.007130088,-3.259541985,-3.549618321,0.106870229,3.900763359,7.580152672,3.641221374,4.772749161,7.643258641,1.140061384,-0.5,4.614503817,1.125954198,2.184662253,2.764644397,1.06773657
1,0.357892718,-0.161655971,-0.970284598,0.031623478,0.007092099,0.009483543,-0.187719949,0.311364131,-0.272356181,-1.034644182,0.658099684,0.130897013,5.010498047,-2.263183594,-13.58398438,0.035644531,-0.323486328,-1.174316406,0.605712891,0.015380859,-0.810302734,0.031623478,0.007092099,0.009483543,0.365722656,-0.188598633,-0.982666016,0.177829913,0.084214599,0.097383485,-0.796074155,4.162486369,1.314067612,9.273947892,7.879946288,1.293279997,-0.76217153,-1.622998179,0.710249952,-11.14503817,58.27480916,18.39694656,1.551626869,3.714377083,-0.237157489,-8.167938931,-3.549618321,-0.167938931,3.900763359,7.580152672,3.641221374,9.273947892,7.879946288,1.293279997,-0.732824427,4.358778626,1.125954198,3.045315729,2.807124202,1.13722469
1,0.326311384,-0.143938337,-0.981828962,0.032499485,0.01026775,0.009332214,0.092033018,0.433319992,0.036325577,-1.098569911,0.129027495,0.145902175,4.568359375,-2.015136719,-13.74560547,0.035644531,-0.323486328,-1.174316406,0.605712891,0.054443359,-0.810302734,0.032499485,0.01026775,0.009332214,0.319335938,-0.169189453,-0.992431641,0.180276135,0.101329908,0.096603385,-1.182115594,3.883860414,1.548527808,9.302056605,8.143520223,2.28977025,-0.440643589,-1.274371603,1.098165687,-16.54961832,54.3740458,21.67938931,1.112497299,2.532319661,0.675987478,-8.167938931,-3.549618321,-0.167938931,3.900763359,7.580152672,5.045801527,9.302056605,8.143520223,2.28977025,-1.057251908,4.175572519,1.125954198,3.049927312,2.853685376,1.513198681
1,0.287440709,-0.132829939,-1.012782506,0.031568744,0.010018454,0.014663399,0.228560173,0.144584546,-0.692704372,-0.957755697,0.101303643,1.455423077,4.024169922,-1.859619141,-14.17895508,0.035644531,-0.323486328,-1.293945313,0.605712891,0.054443359,-0.810302734,0.031568744,0.010018454,0.014663399,0.267822266,-0.138671875,-1.002197266,0.177675951,0.100092227,0.121092524,-0.859869138,3.842420938,2.035986914,9.759029706,7.942576478,4.527559615,-0.678143507,-1.30648617,1.394138877,-12.03816794,53.79389313,28.50381679,1.048719094,2.701219824,1.756901787,-8.167938931,-3.549618321,-0.167938931,3.900763359,7.580152672,7.335877863,9.759029706,7.942576478,4.527559615,-0.732824427,4.175572519,1.339694656,3.123944575,2.818257703,2.127806292
1,0.265781948,-0.125348772,-1.018327985,0.028003964,0.009881751,0.014063528,0.520870046,-0.089456087,-0.608212429,-0.308414488,0.186848136,1.706600847,3.720947266,-1.754882813,-14.2565918,0.035644531,-0.323486328,-1.293945313,0.605712891,0.054443359,-0.810302734,0.028003964,0.009881751,0.014063528,0.232543945,-0.113769531,-1.007080078,0.16734385,0.099406995,0.118589745,-0.91221374,3.922028353,2.057251908,9.693560533,7.931357582,4.460568014,-0.628478584,-1.406822762,1.408423049,-12.77099237,54.90839695,28.80152672,1.053722596,2.928952352,1.8253308,-8.167938931,-3.549618321,-0.167938931,3.900763359,7.580152672,7.335877863,9.693560533,7.931357582,4.460568014,-0.732824427,4.324427481,1.339694656,3.113448335,2.816266604,2.112005685
1,0.248587472,-0.115687779,-1.011805943,0.026262817,0.008924868,0.014604418,0.850363537,-0.324496795,-0.72985244,0.455189566,0.963425806,1.523836893,3.480224609,-1.619628906,-14.1652832,0.035644531,-0.323486328,-1.293945313,0.605712891,0.054443359,-0.810302734,0.026262817,0.008924868,0.014604418,0.20690918,-0.100097656,-0.999267578,0.162058066,0.09447152,0.120848741,-0.958015267,3.926390403,1.989640131,9.613360796,7.92991808,4.574035108,-0.588467068,-1.412610387,1.447865603,-13.41221374,54.96946565,27.85496183,1.084280743,2.943321213,1.803752832,-8.167938931,-3.549618321,-0.167938931,3.900763359,7.580152672,7.335877863,9.613360796,7.92991808,4.574035108,-0.732824427,4.324427481,1.125954198,3.100542016,2.816011023,2.138699396
1,0.25667899,-0.113333566,-1.012869699,0.029046404,0.00857148,0.014535596,0.736617466,-0.380284367,-0.706194234,-0.217845239,1.339595993,1.539085831,3.593505859,-1.586669922,-14.18017578,0.035644531,-0.323486328,-1.293945313,0.605712891,0.054443359,-0.810302734,0.029046404,0.00857148,0.014535596,0.20690918,-0.100097656,-0.999267578,0.170430055,0.092582286,0.12056366,-1.647764449,3.770992366,1.972737186,9.055648157,7.556068545,4.610451375,-0.56773466,-1.362224139,1.451719669,-23.06870229,52.79389313,27.61832061,0.452572926,3.136799144,1.782348668,-8.167938931,-3.549618321,-0.167938931,2.961832061,7.580152672,7.335877863,9.055648157,7.556068545,4.610451375,-1.057251908,4.175572519,1.011450382,3.0092604,2.748830396,2.147196166
1,0.280587333,-0.117466518,-1.02117048,0.034768906,0.00914701,0.011878623,0.451394161,-0.277852624,-1.220347283,-1.06543983,0.744315928,2.240548511,3.928222656,-1.64453125,-14.29638672,0.035644531,-0.323486328,-1.293945313,0.605712891,0.054443359,-0.855957031,0.034768906,0.00914701,0.011878623,0.227050781,-0.100097656,-0.999267578,0.186464222,0.095640002,0.108989095,-1.442202835,4.278080698,1.852780807,9.342565336,3.160508974,4.654968364,-0.74352742,0.202956793,1.612746309,-20.19083969,59.89312977,25.9389313,0.454373893,-0.247947746,2.141565198,-8.167938931,1.503816794,-0.167938931,2.961832061,7.580152672,7.335877863,9.342565336,3.160508974,4.654968364,-0.732824427,4.175572519,0.885496183,3.056561031,1.777782038,2.157537569
1,0.297659738,-0.124755859,-1.014264788,0.029842571,0.007805173,0.010268401,0.476373241,-0.364347119,-1.46302893,-0.918295483,1.603481849,4.170229465,4.167236328,-1.746582031,-14.19970703,0.045898438,-0.323486328,-1.293945313,0.605712891,0.054443359,-0.855957031,0.029842571,0.007805173,0.010268401,0.263671875,-0.100097656,-0.999267578,0.172750024,0.088346891,0.101333121,-1.296619411,3.960196292,1.619956379,9.677415761,2.810892126,4.850059648,-0.839169981,0.463074548,1.79419267,-18.15267176,55.44274809,22.67938931,0.384000627,0.342828271,2.69751069,-8.167938931,1.503816794,-0.282442748,2.961832061,7.580152672,7.335877863,9.677415761,2.810892126,4.850059648,-0.671755725,3.977099237,0.866412214,3.110854507,1.676571539,2.202285097
1,0.31816755,-0.134713309,-1.019182478,0.030088289,0.00803612,0.010561904,0.160119782,-0.055554015,-1.257142713,-1.151637623,1.228325616,3.400286552,4.454345703,-1.885986328,-14.26855469,0.045898438,-0.323486328,-1.293945313,0.605712891,0.054443359,-0.855957031,0.030088289,0.00803612,0.010561904,0.278808594,-0.113769531,-0.999267578,0.173459761,0.089644408,0.102771123,-1.382224646,4.163576881,1.659760087,9.664798665,3.601365478,4.832179533,-0.745703327,0.426022315,1.741645674,-19.35114504,58.29007634,23.23664122,0.275739435,-0.491558149,2.570591347,-8.167938931,1.503816794,-0.282442748,2.961832061,7.580152672,7.335877863,9.664798665,3.601365478,4.832179533,-0.732824427,3.977099237,0.866412214,3.10882593,1.897726397,2.198221903
1,0.32132394,-0.130719866,-1.014456613,0.029165166,0.008739817,0.011126988,0.146497051,-0.064387538,-1.263145156,-1.05987283,0.676842256,3.040273572,4.498535156,-1.830078125,-14.20239258,0.045898438,-0.323486328,-1.293945313,0.605712891,0.054443359,-0.855957031,0.029165166,0.008739817,0.011126988,0.278808594,-0.113769531,-0.997314453,0.170778119,0.09348699,0.105484537,-1.067066521,4.36695747,1.629770992,11.45470435,4.229182128,4.895767684,-0.615882612,0.254618658,1.744688147,-14.9389313,61.13740458,22.81679389,-0.09728424,-1.118820201,2.541289511,-8.167938931,1.503816794,-0.282442748,3.618320611,7.580152672,7.335877863,11.45470435,4.229182128,4.895767684,-0.557251908,3.977099237,0.816793893,3.384479923,2.056497539,2.212638173
1,0.305960519,-0.116489955,-1.014038086,0.030669251,0.009617428,0.011073807,0.371741885,-0.306714566,-1.281493387,-1.136057354,0.353114292,3.12941016,4.283447266,-1.630859375,-14.1965332,0.045898438,-0.323486328,-1.293945313,0.605712891,0.054443359,-0.855957031,0.030669251,0.009617428,0.011073807,0.263671875,-0.100097656,-0.997314453,0.175126385,0.098068487,0.105232158,-1.615594329,4.112322792,1.841330425,12.25092322,6.707197703,4.828436379,-0.283792677,-0.778157895,1.498288826,-22.61832061,57.57251908,25.77862595,-0.674652028,1.193195315,1.839332637,-8.167938931,-2.061068702,-0.282442748,3.618320611,7.580152672,7.335877863,12.25092322,6.707197703,4.828436379,-1.270992366,3.977099237,0.881679389,3.500131886,2.589825806,2.197370333
1,0.268833705,-0.109444754,-1.024396624,0.025997023,0.009238495,0.012050367,0.492908809,-0.544812783,-0.920042269,-1.00580004,0.835614759,1.669915705,3.763671875,-1.532226563,-14.34155273,0.045898438,-0.323486328,-1.293945313,0.547119141,0.054443359,-0.855957031,0.025997023,0.009238495,0.012050367,0.229370117,-0.09375,-1.024902344,0.161235923,0.096117088,0.109774164,-1.784078517,4.019083969,1.910032715,13.00667819,6.836133361,4.847961869,-0.16562507,-0.643493747,1.382539987,-24.97709924,56.26717557,26.74045802,-1.004949489,0.876257237,1.549933968,-8.167938931,-2.061068702,-0.282442748,3.618320611,7.580152672,7.335877863,13.00667819,6.836133361,4.847961869,-1.270992366,3.839694656,0.881679389,3.606477255,2.614600039,2.201808772
1,0.245099749,-0.109462193,-1.028302874,0.02266523,0.009238194,0.011666403,0.846471016,-0.544209132,-0.864405791,-0.135282975,0.835379873,1.832804158,3.431396484,-1.532470703,-14.39624023,0.045898438,-0.323486328,-1.293945313,0.547119141,0.054443359,-0.855957031,0.02266523,0.009238194,0.011666403,0.203735352,-0.09375,-1.026855469,0.150549759,0.096115522,0.108011125,-2.016902944,3.800436205,1.979825518,11.38565691,5.828402121,4.656574676,-0.202346539,-0.7867054,1.397626969,-28.23664122,53.20610687,27.71755725,-0.735884052,1.602323531,1.697222044,-8.167938931,-2.061068702,-0.282442748,3.618320611,7.290076336,7.335877863,11.38565691,5.828402121,4.656574676,-1.270992366,3.839694656,1.030534351,3.374263906,2.414208384,2.157909793
1,0.237566267,-0.105433873,-1.025495257,0.022845474,0.009319974,0.011671834,1.001633445,-0.676516357,-0.953656667,0.059478557,0.894391773,1.95638734,3.325927734,-1.476074219,-14.35693359,0.045898438,-0.323486328,-1.293945313,0.547119141,0.054443359,-0.855957031,0.022845474,0.009319974,0.011671834,0.192626953,-0.087646484,-1.007202148,0.151147194,0.09654001,0.108036262,-1.838058888,3.721919302,1.804252999,11.35478189,5.59566382,4.459867474,-0.379915008,-0.762291399,1.734294411,-25.73282443,52.10687023,25.25954198,-0.635755067,1.867996522,2.87253018,-8.167938931,-2.061068702,-0.282442748,3.618320611,7.290076336,7.335877863,11.35478189,5.59566382,4.459867474,-0.713740458,3.839694656,1.030534351,3.369685726,2.365515551,2.111839831
1,0.251953125,-0.098842076,-1.03363909,0.02621172,0.006832452,0.009626546,0.717749152,-0.026173085,-1.428722161,-0.909811915,-0.349879368,2.890351964,3.52734375,-1.383789063,-14.47094727,0.045898438,-0.231201172,-1.293945313,0.547119141,0.054443359,-0.926513672,0.02621172,0.006832452,0.009626546,0.192626953,-0.087646484,-1.007202148,0.16190034,0.082658645,0.098114964,-0.916575791,3.966739368,1.931842966,10.67949657,5.74416595,4.145799862,-0.049883919,-1.015221749,1.796908887,-12.83206107,55.53435115,27.04580153,-0.632964176,2.106192259,3.168821349,-5.854961832,-2.061068702,-0.282442748,4.732824427,7.290076336,7.335877863,10.67949657,5.74416595,4.145799862,-0.557251908,4.125954198,1.171755725,3.267949903,2.396698969,2.036123734
1,0.280709403,-0.117675781,-1.020699637,0.028882239,0.005580361,0.011492813,0.393475645,-0.197858665,-1.198191193,-1.469371644,-1.079399035,2.201461021,3.929931641,-1.647460938,-14.28979492,0.045898438,-0.231201172,-1.293945313,0.547119141,0.004638672,-0.869628906,0.028882239,0.005580361,0.011492813,0.203735352,-0.09375,-1.005249023,0.169947754,0.074701814,0.10720454,-0.684296619,4.215376227,1.693565976,10.02971503,5.360187712,3.342541964,-0.249167568,-1.400891645,2.497466291,-9.580152672,59.01526718,23.70992366,-0.231211276,3.580225906,7.525609681,-5.854961832,-2.061068702,-0.282442748,4.732824427,7.290076336,7.335877863,10.02971503,5.360187712,3.342541964,-0.458015267,4.446564885,1.171755725,3.166972533,2.31520792,1.828262006
1,0.302403041,-0.123430525,-0.991751535,0.024499349,0.005466018,0.006187908,0.325861743,0.037729083,-0.197765273,-1.590510179,-1.018467386,-0.770050326,4.233642578,-1.728027344,-13.88452148,0.0859375,-0.231201172,-1.135498047,0.547119141,0.004638672,-0.869628906,0.024499349,0.005466018,0.006187908,0.240356445,-0.100219727,-0.996948242,0.156522677,0.073932526,0.078663259,-0.820610687,3.915485278,1.218102508,9.533125199,5.579955124,0.729307637,-0.165549269,-1.018616112,0.637181099,-11.48854962,54.81679389,17.05343511,0.037014066,2.297868752,0.783604352,-5.854961832,-2.061068702,-0.282442748,4.732824427,7.290076336,3.06870229,9.533125199,5.579955124,0.729307637,-0.458015267,4.125954198,1.030534351,3.087575942,2.362192864,0.853995103
1,0.319824219,-0.12953404,-0.984531948,0.024959023,0.005485046,0.006724822,0.019132927,0.291072865,-0.369768745,-1.738964247,-0.960536899,-0.970096383,4.477539063,-1.813476563,-13.78344727,0.0859375,-0.231201172,-1.135498047,0.547119141,0.004638672,-0.869628906,0.024959023,0.005485046,0.006724822,0.312133789,-0.126586914,-0.979858398,0.15798425,0.074061097,0.08200501,-0.291712105,4.016357688,1.336968375,13.61896768,5.822037062,0.80287465,0.167250782,-1.060950363,0.303024698,-4.083969466,56.22900763,18.71755725,-0.120530705,2.067281679,-0.056725496,-5.854961832,-2.061068702,-0.282442748,6.732824427,7.290076336,3.06870229,13.61896768,5.822037062,0.80287465,-0.370229008,4.198473282,1.171755725,3.690388554,2.412889774,0.896032728
1,0.334594727,-0.118355887,-0.96308245,0.023687186,0.007972462,0.015643314,-0.245672922,0.548243049,1.315490688,-1.535748586,-0.64156295,3.018723034,4.684326172,-1.656982422,-13.4831543,0.0859375,-0.231201172,-1.135498047,0.547119141,0.057617188,-0.630615234,0.023687186,0.007972462,0.015643314,0.370117188,-0.126586914,-0.979858398,0.15390642,0.089288645,0.125073235,-1.093238822,4.297164667,1.420937841,22.87394207,6.796039896,0.799225947,-0.537243086,-0.959750869,0.026543953,-15.30534351,60.16030534,19.89312977,0.629659496,1.453516378,-0.113240635,-11.66412214,-2.061068702,-0.282442748,6.732824427,7.732824427,3.06870229,22.87394207,6.796039896,0.799225947,-0.385496183,4.553435115,1.400763359,4.782671018,2.606921536,0.893994378
1,0.314278739,-0.113455636,-0.957502093,0.023584553,0.00778758,0.015758803,0.074824012,0.38995873,1.152403103,-1.589556708,-0.647122407,2.623463448,4.399902344,-1.588378906,-13.4050293,0.0859375,-0.231201172,-1.135498047,0.547119141,0.057617188,-0.630615234,0.023584553,0.00778758,0.015758803,0.312133789,-0.100341797,-0.94909668,0.153572632,0.088247266,0.125534071,-0.161395856,4.968920393,1.423664122,25.67275403,12.5069497,0.796051423,-0.626920491,0.414166077,0.020217243,-2.259541985,69.5648855,19.93129771,0.841479954,2.04604337,-0.088506032,-11.66412214,-2.061068702,-0.282442748,7.290076336,13.28244275,3.06870229,25.67275403,12.5069497,0.796051423,-0.15648855,4.851145038,1.400763359,5.066828794,3.536516605,0.892217139
1,0.281354632,-0.094464983,-0.965366908,0.02224899,0.008929202,0.016099846,0.205442962,0.222441814,1.310157933,-1.590365654,-0.879327297,2.77681614,3.938964844,-1.322509766,-13.51513672,0.0859375,-0.231201172,-1.135498047,0.510742188,0.057617188,-0.630615234,0.02224899,0.008929202,0.016099846,0.240356445,-0.09387207,-0.98815918,0.149160953,0.094494454,0.126885168,-0.426390403,4.720283533,1.499454744,26.25440383,14.13250624,0.791111458,-0.443380761,0.3827267,-0.240495396,-5.969465649,66.08396947,20.99236641,0.500152076,1.216746731,0.00266639,-11.66412214,-2.061068702,-0.282442748,7.290076336,13.28244275,3.06870229,26.25440383,14.13250624,0.791111458,-0.385496183,4.851145038,1.664122137,5.123905135,3.759322577,0.889444466
1,0.276035854,-0.096086775,-0.960466657,0.022721755,0.008938796,0.015251081,0.308617992,0.281725476,1.34554022,-1.625249596,-0.862060391,3.145970386,3.864501953,-1.345214844,-13.4465332,0.0859375,-0.231201172,-1.135498047,0.510742188,0.057617188,-0.630615234,0.022721755,0.008938796,0.015251081,0.203125,-0.100341797,-0.98815918,0.15073737,0.094545206,0.123495269,-0.489094875,4.853326063,1.580152672,26.154953,13.71673857,0.572568391,-0.403988349,0.296245169,0.349128644,-6.847328244,67.94656489,22.1221374,0.504469302,1.438955104,-0.511024613,-11.66412214,-2.061068702,0.450381679,7.290076336,13.28244275,3.06870229,26.154953,13.71673857,0.572568391,-0.385496183,4.851145038,1.664122137,5.114191333,3.703611557,0.75668249
1,0.254586356,-0.087262835,-0.955200195,0.020801096,0.007859998,0.014296456,0.648835072,0.183586492,1.41071032,-1.12906277,-0.518570997,3.637504893,3.564208984,-1.221679688,-13.37280273,0.0859375,-0.231201172,-1.135498047,0.510742188,0.057617188,-0.630615234,0.020801096,0.007859998,0.014296456,0.192382813,-0.09387207,-0.987548828,0.144225852,0.088656628,0.119567788,-0.374045802,4.66521265,1.509269357,25.99801876,13.2248601,0.623098247,-0.48484788,0.467133411,0.505227418,-5.236641221,65.3129771,21.12977099,0.611242737,1.920592172,-0.684396556,-11.66412214,-2.061068702,0.450381679,7.290076336,13.28244275,3.06870229,25.99801876,13.2248601,0.623098247,-0.278625954,4.622137405,1.400763359,5.098825234,3.636600074,0.789365724
1,0.269095285,-0.093331473,-0.959821429,0.022231608,0.007534957,0.014326918,0.348614299,0.403006189,1.537579062,-1.602349814,-0.155252315,3.916196425,3.767333984,-1.306640625,-13.4375,0.0859375,-0.231201172,-1.135498047,0.510742188,0.057617188,-0.630615234,0.022231608,0.007534957,0.014326918,0.192382813,-0.100341797,-0.999023438,0.149102676,0.086804131,0.119695105,-0.817339149,4.623773173,1.518538713,24.93729041,13.02961033,0.603160693,-0.25821236,0.502169166,0.562506053,-11.44274809,64.73282443,21.25954198,0.752429004,2.107422676,-0.682469069,-11.66412214,-2.061068702,0.580152672,7.290076336,13.28244275,3.06870229,24.93729041,13.02961033,0.603160693,-0.385496183,4.622137405,1.400763359,4.993725103,3.609655154,0.776634208
1,0.295950753,-0.106375558,-0.955723354,0.026055567,0.007164565,0.013586774,0.122439091,0.749717231,1.609753512,-1.689437074,0.540980436,4.370326993,4.143310547,-1.489257813,-13.38012695,0.0859375,-0.231201172,-1.135498047,0.536621094,0.057617188,-0.630615234,0.026055567,0.007164565,0.013586774,0.274902344,-0.104736328,-0.999023438,0.161417369,0.084643752,0.116562319,-0.431842966,5.199563795,1.393129771,22.83505726,9.380795069,0.404627218,-0.472506793,1.096920689,0.421548215,-6.045801527,72.79389313,19.50381679,1.631678277,3.398392366,-1.057820907,-11.66412214,0.06870229,0.580152672,7.290076336,13.28244275,2.488549618,22.83505726,9.380795069,0.404627218,-0.377862595,4.885496183,1.248091603,4.778604112,3.062808363,0.636103151
1,0.329607282,-0.118809291,-0.945765904,0.026690166,0.008853514,0.011119291,-0.056609869,0.599063579,2.282402012,-1.669939759,0.225284853,6.126908135,4.614501953,-1.663330078,-13.24072266,0.086181641,-0.262695313,-1.036621094,0.557128906,0.057617188,-0.630615234,0.026690166,0.008853514,0.011119291,0.370117188,-0.108642578,-0.994506836,0.163371253,0.094093116,0.105448049,-0.089967285,5.970556161,1.218647764,21.1357163,13.66992113,0.419175923,-0.705540168,0.947205884,0.124182447,-1.259541985,83.58778626,17.0610687,2.665045663,1.256753399,-0.475151811,-11.66412214,0.06870229,0.045801527,7.290076336,13.5648855,2.396946565,21.1357163,13.66992113,0.419175923,-0.278625954,5.450381679,1.171755725,4.59735971,3.697285643,0.647437969
1,0.343715123,-0.117728097,-0.945417132,0.024201529,0.008910043,0.011074201,-0.258864492,0.556356415,2.288798695,-1.340775766,0.139400336,6.162577403,4.812011719,-1.648193359,-13.23583984,0.086181641,-0.262695313,-1.036621094,0.557128906,0.057617188,-0.630615234,0.024201529,0.008910043,0.011074201,0.372070313,-0.108642578,-0.994506836,0.155568407,0.094393025,0.10523403,-0.0087241,6.123773173,1.093238822,21.19177076,13.51958312,0.655118525,-0.763771307,0.82323551,-0.399816337,-0.122137405,85.73282443,15.30534351,2.701426472,1.16424447,0.056992081,-11.66412214,0.06870229,-0.595419847,7.290076336,13.5648855,2.396946565,21.19177076,13.51958312,0.655118525,-0.217557252,5.812977099,1.041984733,4.603452048,3.676898574,0.809393925
1,0.345703125,-0.120744978,-0.939871652,0.023545109,0.008726191,0.010776973,-0.266865686,0.675026552,2.215499333,-1.269729293,0.409382209,6.034747835,4.83984375,-1.690429688,-13.15820313,0.086181641,-0.262695313,-1.036621094,0.557128906,0.057617188,-0.630615234,0.023545109,0.008726191,0.010776973,0.372070313,-0.110717773,-0.981445313,0.153444157,0.093414082,0.103812201,0.131952017,5.793347874,1.010905125,21.24249016,16.14125467,0.734067983,-0.865844744,0.60083706,-0.170984359,1.847328244,81.10687023,14.15267176,2.805999902,0.549851632,-0.62464333,-11.66412214,-0.038167939,-0.595419847,7.290076336,13.5648855,2.396946565,21.24249016,16.14125467,0.734067983,-0.167938931,5.812977099,0.874045802,4.6089576,4.017618035,0.856777674
1,0.329119001,-0.106549944,-0.933419364,0.023523619,0.008170098,0.010941528,0.033951881,0.437943561,1.968791256,-1.335462397,0.234473388,5.053784314,4.607666016,-1.491699219,-13.06787109,0.086181641,-0.262695313,-1.036621094,0.557128906,0.057617188,-0.630615234,0.023523619,0.008170098,0.010941528,0.3515625,-0.108642578,-0.96081543,0.153374115,0.090388593,0.104601758,-0.685387132,6.104143948,1.089967285,22.49561554,17.52459833,0.925014936,-0.536247369,0.374782141,0.076299574,-9.595419847,85.45801527,15.25954198,1.718613377,-0.171401577,-0.698496322,-11.66412214,-0.038167939,-0.595419847,7.290076336,13.5648855,2.72519084,22.49561554,17.52459833,0.925014936,-0.217557252,5.893129771,0.874045802,4.742954305,4.186239163,0.961776968
1,0.291399275,-0.079921177,-0.93284389,0.028686988,0.012208321,0.011025231,-0.060195083,0.762004505,1.935858724,-0.726334872,0.702753792,4.871237682,4.079589844,-1.118896484,-13.05981445,-0.017333984,-0.262695313,-1.036621094,0.557128906,0.163574219,-0.630615234,0.028686988,0.012208321,0.011025231,0.285766602,-0.103515625,-0.96081543,0.169372337,0.110491269,0.105001101,-0.284623773,5.943293348,1.29825518,24.9272584,18.22967744,1.810513681,-0.598968121,0.447018558,1.101303958,-3.984732824,83.20610687,18.17557252,1.113934028,-0.331154696,1.650594001,-11.66412214,-0.038167939,-0.595419847,7.290076336,13.5648855,4.625954198,24.9272584,18.22967744,1.810513681,-0.167938931,5.893129771,0.874045802,4.99272054,4.269622634,1.345553299
1,0.277936663,-0.076747349,-0.942766462,0.029536492,0.011859276,0.011459605,0.174587898,0.718051858,2.083740188,-0.848172929,0.829389102,5.266210674,3.891113281,-1.074462891,-13.19873047,-0.017333984,-0.262695313,-1.036621094,0.557128906,0.163574219,-0.630615234,0.029536492,0.011859276,0.011459605,0.213623047,-0.103149414,-0.994506836,0.171861841,0.108900302,0.107049543,-0.308069793,6.151581243,1.299345692,24.92135215,16.90020626,1.80907674,-0.582757086,0.42368851,1.100409784,-4.312977099,86.1221374,18.19083969,1.101142312,-0.046054078,1.653926909,-11.66412214,-0.038167939,-0.595419847,7.290076336,13.5648855,4.625954198,24.92135215,16.90020626,1.80907674,-0.217557252,5.893129771,0.874045802,4.992129019,4.110986044,1.345019234
1,0.263410296,-0.073765346,-0.952462333,0.027253925,0.011380625,0.011946875,0.411344145,0.71668723,2.203719206,-0.331496836,1.047282837,5.600390592,3.687744141,-1.032714844,-13.33447266,-0.017333984,-0.262695313,-1.038818359,0.557128906,0.163574219,-0.630615234,0.027253925,0.011380625,0.011946875,0.213623047,-0.103149414,-0.999633789,0.16508763,0.106680014,0.10930176,-0.950381679,5.790076336,1.195201745,20.95659434,19.01425639,1.714717309,-0.594642172,0.473013755,1.416749897,-13.30534351,81.0610687,16.73282443,1.823548398,-0.40129503,2.769763034,-11.66412214,-0.038167939,-0.595419847,7.290076336,13.5648855,4.625954198,20.95659434,19.01425639,1.714717309,-0.301526718,5.328244275,0.874045802,4.577837299,4.360533957,1.309472149
1,0.25315639,-0.084960938,-0.97870745,0.025916342,0.0099673,0.003396806,0.622473799,1.06266773,1.070593575,0.169905429,2.694996898,-0.187733916,3.544189453,-1.189453125,-13.7019043,-0.017333984,-0.262695313,-1.038818359,0.557128906,0.163574219,-0.861572266,0.025916342,0.0099673,0.003396806,0.213623047,-0.103149414,-1.000610352,0.160985534,0.099836364,0.058282126,-0.215376227,5.575790622,1.10959651,11.55905545,18.76046056,1.67877618,0.587155127,0.646550256,1.672908009,-3.015267176,78.0610687,15.53435115,1.568199052,-0.16101967,3.604930667,-6.709923664,-0.038167939,-0.595419847,7.290076336,13.5648855,4.625954198,11.55905545,18.76046056,1.67877618,-0.301526718,4.694656489,0.797709924,3.399861093,4.331334732,1.295675955
1,0.273925781,-0.092930385,-0.980364118,0.028887354,0.011099527,0.003195852,0.305350402,1.017263476,1.167770266,-0.604980466,2.042849523,0.266372888,3.834960938,-1.301025391,-13.72509766,-0.017333984,-0.262695313,-1.038818359,0.557128906,0.163574219,-0.861572266,0.028887354,0.011099527,0.003195852,0.231933594,-0.107543945,-1.000610352,0.169962803,0.105354295,0.056531865,-0.792802617,4.734460196,1.057251908,6.892514397,14.70498114,1.740679896,-0.039472077,0.876942678,1.691132266,-11.09923664,66.28244275,14.80152672,2.68489717,0.893875998,3.467378577,-6.709923664,-0.038167939,-0.595419847,5.13740458,13.5648855,4.625954198,6.892514397,14.70498114,1.740679896,-0.400763359,4.599236641,0.732824427,2.62535986,3.834707438,1.319348285
1,0.305088588,-0.112583705,-0.974208287,0.029881675,0.01016536,0.002980476,0.033610804,1.385399555,1.013135341,-0.80917414,3.977401185,0.009725868,4.271240234,-1.576171875,-13.63891602,-0.017333984,-0.262695313,-1.038818359,0.557128906,0.163574219,-0.861572266,0.029881675,0.01016536,0.002980476,0.244506836,-0.108642578,-0.997070313,0.17286317,0.10082341,0.054593738,-0.650490731,5.1695747,0.968920393,6.448030002,12.98291904,1.677815658,-0.166865627,0.832632898,1.994060616,-9.106870229,72.3740458,13.5648855,3.543002386,1.204156085,4.694005926,-6.709923664,-0.038167939,-0.595419847,5.13740458,13.5648855,4.625954198,6.448030002,12.98291904,1.677815658,-0.400763359,4.694656489,0.721374046,2.539297147,3.603181794,1.295305237
1,0.328316825,-0.12121582,-0.978690011,0.032187574,0.011148891,0.003597841,-0.241714798,1.368879859,0.657236334,-0.953859023,3.393929297,-0.140996831,4.596435547,-1.697021484,-13.70166016,-0.017333984,-0.262695313,-1.071777344,0.557128906,0.163574219,-0.861572266,0.032187574,0.011148891,0.003597841,0.300292969,-0.109985352,-0.997070313,0.179408956,0.105588307,0.059982007,-0.256815703,5.04525627,1.038167939,9.033386141,13.44091894,1.726813481,0.152274674,0.876891261,1.749349938,-3.595419847,70.63358779,14.53435115,1.593836882,1.050002986,3.70838171,-6.709923664,-0.038167939,-0.595419847,5.351145038,13.5648855,4.625954198,9.033386141,13.44091894,1.726813481,-0.400763359,4.694656489,0.721374046,3.005559206,3.666185884,1.314082753
1,0.35269601,-0.131853376,-1.00402832,0.031498979,0.011941593,0.014029051,-0.5741323,1.470983316,-2.143685042,-0.581334053,3.30139217,6.586384817,4.937744141,-1.845947266,-14.05639648,-0.017333984,-0.262695313,-1.359863281,0.557128906,0.163574219,-0.861572266,0.031498979,0.011941593,0.014029051,0.381347656,-0.120483398,-0.997070313,0.177479516,0.109277597,0.118444296,-0.416575791,5.504907306,1.226281352,9.391650247,16.01393909,2.092325686,0.29126608,0.579994487,1.221564579,-5.832061069,77.06870229,17.16793893,1.278865657,-0.247252407,1.072490906,-6.709923664,-0.038167939,-0.595419847,5.351145038,13.5648855,4.625954198,9.391650247,16.01393909,2.092325686,-0.625954198,5.366412214,0.736641221,3.064579946,4.001742007,1.446487361
1,0.329799107,-0.120605469,-0.99609375,0.036053161,0.014292864,0.015100296,-0.288371439,1.105881506,-2.05782521,-1.224778973,1.141279419,5.963976515,4.6171875,-1.688476563,-13.9453125,-0.017333984,-0.262695313,-1.359863281,0.557128906,0.163574219,-0.861572266,0.036053161,0.014292864,0.015100296,0.300292969,-0.120483398,-0.997070313,0.1898767,0.119552765,0.122883261,-0.113958561,5.36259542,1.500545256,9.258555529,15.97959371,2.763732742,0.008918745,0.70373261,0.86306906,-1.595419847,75.07633588,21.00763359,1.321954282,-0.107389228,-0.398784015,-6.709923664,-0.038167939,-0.595419847,5.351145038,13.5648855,4.625954198,9.258555529,15.97959371,2.763732742,-0.400763359,4.641221374,0.84351145,3.04278746,3.9974484,1.662447816
1,0.297781808,-0.102382115,-1.012084961,0.036142151,0.016690223,0.019260569,0.008810039,0.708888724,-1.491467439,-1.354840818,-0.256128511,2.229005232,4.168945313,-1.433349609,-14.16918945,-0.017333984,-0.262695313,-1.359863281,0.557128906,0.163574219,-0.861572266,0.036142151,0.016690223,0.019260569,0.244506836,-0.109619141,-0.997070313,0.190110892,0.129190646,0.138782453,-0.031624864,5.336423119,1.946019629,9.292446264,15.95325236,5.362028072,-0.08388304,0.728074231,1.236985322,-0.442748092,74.70992366,27.24427481,1.290343367,-0.069513769,1.11890206,-6.709923664,-0.038167939,-0.595419847,5.351145038,13.5648855,7.549618321,9.292446264,15.95325236,5.362028072,-0.259541985,4.641221374,0.84351145,3.048351401,3.99415227,2.315605336
1,0.270699637,-0.090175084,-1.015904018,0.031282436,0.01456142,0.019333224,0.240540662,0.725022168,-1.388802586,-1.086257389,-0.0104831,1.968824616,3.789794922,-1.262451172,-14.22265625,-0.017333984,-0.235595703,-1.359863281,0.525390625,0.163574219,-0.861572266,0.031282436,0.01456142,0.019333224,0.231933594,-0.103149414,-1.000610352,0.176868414,0.12067071,0.139043963,-0.080152672,4.705561614,2.003816794,9.340461153,10.34440089,5.172244311,-0.029402912,0.587014491,1.259158701,-1.122137405,65.8778626,28.05343511,1.233414947,0.144613512,1.255687241,-6.709923664,-0.038167939,-0.595419847,5.351145038,11.09160305,7.549618321,9.340461153,10.34440089,5.172244311,-0.56870229,4.641221374,0.896946565,3.056216804,3.216271272,2.27425687
1,0.274727958,-0.096121652,-1.020246233,0.032228162,0.015008463,0.019478133,0.184518246,0.838374874,-1.26813396,-1.234234341,-0.014095586,1.659963668,3.846191406,-1.345703125,-14.28344727,-0.017333984,-0.235595703,-1.359863281,0.525390625,0.163574219,-0.861572266,0.032228162,0.015008463,0.019478133,0.231933594,-0.109619141,-1.012817383,0.179522038,0.122509031,0.139564081,-0.432933479,4.760632497,2.085059978,10.38388859,10.61917323,4.809822425,0.183529713,0.53848042,1.397226842,-6.061068702,66.64885496,29.19083969,0.555128705,-0.067061495,1.539964982,-6.709923664,-0.038167939,0.030534351,5.351145038,11.09160305,7.549618321,10.38388859,10.61917323,4.809822425,-0.824427481,4.641221374,0.896946565,3.222404163,3.258707295,2.193130736
1,0.291294643,-0.095633371,-1.024797712,0.033593993,0.014995038,0.018870819,-0.076453836,0.825705851,-1.2396378,-1.409142017,-0.025382438,1.76129419,4.078125,-1.338867188,-14.34716797,-0.017333984,-0.235595703,-1.359863281,0.525390625,0.163574219,-0.861572266,0.033593993,0.014995038,0.018870819,0.244506836,-0.106201172,-1.012817383,0.183286641,0.122454228,0.137371099,-0.634133043,4.912758997,2.361504907,10.23703536,9.370806922,4.656422274,0.391275752,0.76174902,1.146731818,-8.877862595,68.77862595,33.0610687,0.772197168,0.107003819,0.902680935,-6.709923664,0.72519084,0.167938931,5.351145038,11.09160305,7.549618321,10.23703536,9.370806922,4.656422274,-1.015267176,4.641221374,1.377862595,3.199536741,3.061177375,2.157874481
1,0.311471122,-0.099853516,-1.021780831,0.036278607,0.014670253,0.019941469,-0.310356973,0.962555595,-1.103696582,-1.494133623,0.307724208,1.54301345,4.360595703,-1.397949219,-14.30493164,-0.017333984,-0.235595703,-1.359863281,0.525390625,0.163574219,-0.837402344,0.036278607,0.014670253,0.019941469,0.328491211,-0.106201172,-1.012817383,0.190469439,0.121120819,0.141214267,-0.279716467,4.474372955,2.359323882,7.357582776,7.077710705,4.654780421,1.1844019,1.039019254,1.150777329,-3.916030534,62.64122137,33.03053435,1.004748909,1.858406677,0.912334319,-4.099236641,0.72519084,0.167938931,5.351145038,11.09160305,7.549618321,7.357582776,7.077710705,4.654780421,-1.015267176,4.545801527,1.377862595,2.712486456,2.660396719,2.157494014
1,0.343209403,-0.123779297,-1.026733398,0.027904155,0.009109378,0.018575904,-0.419593143,0.939670715,-1.219527861,-1.595166841,0.533885005,1.899904458,4.804931641,-1.732910156,-14.37426758,0.088378906,-0.235595703,-1.359863281,0.525390625,0.077148438,-0.837402344,0.027904155,0.009109378,0.018575904,0.418457031,-0.118041992,-1.012817383,0.167045367,0.095443061,0.13629345,-0.770992366,4.36259542,2.218647764,5.004477953,7.640667793,4.245060196,1.594014635,0.949524489,1.441493327,-10.79389313,61.07633588,31.0610687,3.89239849,1.442646091,2.187263444,-4.099236641,0.72519084,0.167938931,5.351145038,11.09160305,7.549618321,5.004477953,7.640667793,4.245060196,-1.27480916,4.545801527,1.377862595,2.237069054,2.764175789,2.060354386
1,0.350324358,-0.12512207,-1.025233677,0.025822635,0.009086607,0.018604633,-0.507995772,0.992036133,-1.254899864,-1.307775141,0.630055792,1.956353691,4.904541016,-1.751708984,-14.35327148,0.088378906,-0.235595703,-1.359863281,0.525390625,0.077148438,-0.837402344,0.025822635,0.009086607,0.018604633,0.418457031,-0.127441406,-1.002319336,0.160694227,0.095323694,0.1363988,-1.02344602,4.284078517,2.279716467,5.664296632,7.696639326,4.096817087,1.496362216,1.034974685,1.449869371,-14.32824427,59.97709924,31.91603053,3.309083577,1.519681369,2.346246507,-4.099236641,0.72519084,0.167938931,5.351145038,11.09160305,7.549618321,5.664296632,7.696639326,4.096817087,-1.488549618,4.301526718,1.683206107,2.379978284,2.774281768,2.024059556
1,0.344552176,-0.127842494,-1.026663644,0.027636523,0.009212389,0.0186751,-0.444644244,1.063573907,-1.21242496,-1.541932536,0.669989633,1.842876435,4.823730469,-1.789794922,-14.37329102,0.088378906,-0.235595703,-1.359863281,0.525390625,0.077148438,-0.837402344,0.027636523,0.009212389,0.0186751,0.418457031,-0.146484375,-1.002319336,0.166242362,0.095981193,0.136656868,-0.928026172,4.382769902,2.285714286,5.537723858,7.076500447,4.079999949,1.418967046,1.20973783,1.45307906,-12.99236641,61.35877863,32,3.30081411,1.905316962,2.368322087,-4.099236641,1.297709924,0.167938931,5.351145038,11.09160305,7.549618321,5.537723858,7.076500447,4.079999949,-1.27480916,4.301526718,1.683206107,2.353236889,2.660169252,2.019900975
1,0.335484096,-0.129673549,-1.034441267,0.030691687,0.009146056,0.019042597,-0.371820618,1.139758344,-0.998470437,-1.789518361,0.850193797,1.302101657,4.696777344,-1.815429688,-14.48217773,0.088378906,-0.235595703,-1.359863281,0.525390625,0.077148438,-0.837402344,0.030691687,0.009146056,0.019042597,0.418457031,-0.146484375,-1.028076172,0.175190429,0.095635016,0.137994917,-1.119956379,4.129770992,2.131952017,6.237823944,7.781866755,4.920229936,1.279805923,1.232787929,0.956924659,-15.67938931,57.81679389,29.84732824,2.570614303,1.651788157,1.653856854,-4.099236641,1.190839695,-1.404580153,5.351145038,11.09160305,7.549618321,6.237823944,7.781866755,4.920229936,-1.389312977,3.748091603,1.683206107,2.497563602,2.789599748,2.218159132
1,0.305908203,-0.12336077,-1.049560547,0.03402875,0.008602366,0.018998586,-0.086021036,1.070749632,-0.698457324,-1.936839192,0.948881477,0.812991157,4.282714844,-1.727050781,-14.69384766,0.061279297,-0.235595703,-1.359863281,0.525390625,0.077148438,-0.837402344,0.03402875,0.008602366,0.018998586,0.335327148,-0.125366211,-1.054199219,0.184468833,0.092748943,0.137835359,-1.063249727,4.218647764,2.13740458,6.322667485,7.389775628,4.89758083,1.182919883,1.286829687,0.961980587,-14.88549618,59.0610687,29.92366412,2.254111835,1.912040294,1.680678244,-4.099236641,1.190839695,-1.404580153,5.351145038,11.09160305,7.549618321,6.322667485,7.389775628,4.89758083,-1.389312977,3.748091603,1.683206107,2.514491496,2.718414175,2.21304786
1,0.280081613,-0.11441476,-1.053658622,0.031320858,0.007894219,0.018358801,0.203458064,0.977255278,-0.661900628,-1.854640781,1.055480093,0.991134224,3.921142578,-1.601806641,-14.7512207,0.061279297,-0.235595703,-1.359863281,0.525390625,0.077148438,-0.837402344,0.031320858,0.007894219,0.018358801,0.219360352,-0.123535156,-1.054199219,0.176976998,0.088849417,0.135494652,-1.00436205,4.112868048,2.138495093,6.356969643,7.104052378,4.894280476,1.093625931,1.469991425,0.961977469,-14.0610687,57.58015267,29.9389313,2.044758307,2.652932511,1.684674119,-4.099236641,1.190839695,-1.404580153,5.351145038,11.09160305,7.549618321,6.356969643,7.104052378,4.894280476,-1.263358779,3.748091603,1.683206107,2.521303164,2.665342826,2.212302076
1,0.253836496,-0.105294364,-1.049159459,0.02709733,0.006783801,0.018466616,0.482308236,1.087241443,-0.768594148,-1.577982591,1.537335594,1.064628189,3.553710938,-1.474121094,-14.68823242,0.061279297,-0.235595703,-1.359863281,0.504394531,0.077148438,-0.837402344,0.02709733,0.006783801,0.018466616,0.169555664,-0.113769531,-1.029174805,0.164612667,0.082363834,0.135891927,-1.400218103,4.369138495,2.062159215,3.132009649,7.147993054,5.028753544,-0.188418671,1.176264821,1.021716227,-19.60305344,61.16793893,28.87022901,-0.654980321,1.893787058,1.589787633,-4.099236641,1.190839695,-1.404580153,1.648854962,11.09160305,7.549618321,3.132009649,7.147993054,5.028753544,-1.263358779,4.301526718,1.286259542,1.76974847,2.673573087,2.242488248
1,0.247593471,-0.09488351,-1.020472935,0.024359207,0.005379407,0.010790191,0.453174446,1.543340925,-0.25209641,-1.565918087,2.105308719,0.445307434,3.466308594,-1.328369141,-14.28662109,0.061279297,-0.171386719,-1.236816406,0.504394531,0.077148438,-0.837402344,0.024359207,0.005379407,0.010790191,0.169555664,-0.103881836,-1.008300781,0.156074362,0.073344443,0.103875843,-1.618865867,3.664122137,1.862050164,4.31743232,3.898625237,5.033806209,-0.452133493,0.321724356,1.288721939,-22.66412214,51.29770992,26.06870229,-0.578610495,-0.83440595,2.141749437,-5.557251908,1.190839695,-1.404580153,1.648854962,7.435114504,7.549618321,4.31743232,3.898625237,5.033806209,-1.263358779,3.748091603,0.938931298,2.077843189,1.974493666,2.243614541
1,0.276628767,-0.11000279,-1.029506138,0.026220262,0.003875941,0.009235234,0.1764291,2.15763298,-0.25760072,-1.804144718,6.522541834,1.263602676,3.872802734,-1.540039063,-14.41308594,0.061279297,-0.171386719,-1.236816406,0.504394531,0.077148438,-0.837402344,0.026220262,0.003875941,0.009235234,0.219360352,-0.113769531,-1.008544922,0.161926717,0.062257054,0.096100125,-1.664122137,3.529989095,1.652671756,4.027584909,3.894687097,4.494069738,-0.607346037,0.540974639,1.716494854,-23.29770992,49.41984733,23.13740458,-0.668699745,-0.66903526,4.23728939,-5.557251908,1.190839695,-1.404580153,1.015267176,7.435114504,7.549618321,4.027584909,3.894687097,4.494069738,-1.263358779,3.095419847,0.938931298,2.006884378,1.973496161,2.119922107
1,0.301252093,-0.128993443,-1.002580915,0.024724772,0.001269933,0.007362281,-0.117797826,-0.406368449,0.460286873,-1.816183531,-1.511467369,0.146387744,4.217529297,-1.805908203,-14.03613281,0.061279297,-0.188720703,-1.146484375,0.504394531,-0.08984375,-0.837402344,0.024724772,0.001269933,0.007362281,0.335327148,-0.123535156,-1.008056641,0.157241127,0.035636119,0.085803733,-1.880588877,3.037077426,1.19738277,3.583847159,5.062855913,1.61342451,-0.499088432,0.201910548,0.307493792,-26.32824427,42.51908397,16.76335878,-0.563917877,0.250285382,1.335642255,-5.557251908,-1.267175573,-1.404580153,1.015267176,7.435114504,3.900763359,3.583847159,5.062855913,1.61342451,-1.671755725,2.709923664,0.938931298,1.893105163,2.25007909,1.270206483
1,0.318446568,-0.127598354,-1.018920898,0.024298527,0.001408949,0.012753604,-0.42589553,-0.255437322,-0.587763259,-1.613099006,-1.389478542,1.169125807,4.458251953,-1.786376953,-14.26489258,0.061279297,-0.188720703,-1.278320313,0.504394531,-0.072265625,-0.837402344,0.024298527,0.001408949,0.012753604,0.41027832,-0.123535156,-1.008056641,0.155879847,0.037535974,0.112931854,-1.73827699,3.231188659,1.401853871,4.18175764,6.299331925,2.047940609,-0.362807277,0.334458313,0.202643704,-24.33587786,45.23664122,19.6259542,-0.769737308,-0.251979557,0.195156075,-5.557251908,-1.267175573,-1.404580153,1.13740458,7.450381679,3.900763359,4.18175764,6.299331925,2.047940609,-1.671755725,2.709923664,1.099236641,2.04493463,2.509846992,1.431062755
1,0.298601423,-0.115164621,-1.002301897,0.025902596,0.002446417,0.015007943,-0.108845679,0.749346859,-0.611530326,-1.891946458,1.476997151,0.724355003,4.180419922,-1.612304688,-14.03222656,0.061279297,-0.188720703,-1.278320313,0.504394531,0.004394531,-0.831298828,0.025902596,0.002446417,0.015007943,0.335693359,-0.113769531,-1.007202148,0.160942836,0.049461267,0.122506908,-1.243184297,3.215376227,1.401853871,5.09577492,6.159656991,2.047940609,-0.203130549,0.302861579,0.202643704,-17.40458015,45.01526718,19.6259542,-0.082968428,-0.273250446,0.195156075,-5.557251908,-1.267175573,-1.404580153,2.832061069,7.450381679,3.900763359,5.09577492,6.159656991,2.047940609,-1.263358779,2.709923664,1.099236641,2.257382316,2.481865627,1.431062755
1,0.278808594,-0.11870466,-1.007167271,0.025476245,0.002546074,0.015235916,0.207430074,0.907635955,-0.469295609,-1.833471964,1.415486417,0.479086716,3.903320313,-1.661865234,-14.1003418,0.061279297,-0.188720703,-1.278320313,0.504394531,0.004394531,-0.831298828,0.025476245,0.002546074,0.015235916,0.2109375,-0.123535156,-1.008056641,0.159612796,0.050458633,0.123433851,-1.358778626,3.477099237,1.053980371,5.37244109,6.485158656,1.869816303,-0.068391202,0.016073337,0.127627019,-19.02290076,48.67938931,14.75572519,-0.437549038,-0.61588134,0.294765847,-5.557251908,-1.267175573,-1.404580153,2.832061069,7.450381679,3.717557252,5.37244109,6.485158656,1.869816303,-1.332061069,3.095419847,0.885496183,2.317852689,2.546597466,1.367412265
1,0.243600028,-0.119419643,-1.025163923,0.025724202,0.002511417,0.013189797,0.320771989,0.965745006,-0.352092077,-1.486219492,1.625899873,0.834811337,3.410400391,-1.671875,-14.35229492,0.011474609,-0.188720703,-1.278320313,0.495117188,0.004394531,-0.831298828,0.025724202,0.002511417,0.013189797,0.161010742,-0.123535156,-1.008544922,0.160387661,0.050114045,0.114846841,-1.182660851,3.408396947,0.421483097,5.659007358,6.465955902,5.235459459,-0.262825123,0.109375525,-1.824691136,-16.55725191,47.71755725,5.900763359,-0.648805609,-0.587805725,5.257501081,-5.557251908,-1.267175573,-6.160305344,2.832061069,7.450381679,3.717557252,5.659007358,6.465955902,5.235459459,-0.63740458,2.919847328,0.744274809,2.378866822,2.542824395,2.288112641
1,0.226457868,-0.113996233,-1.029575893,0.023066665,0.002316167,0.012566629,0.611949254,0.818248616,-0.29193863,-0.91539312,1.803135045,1.172276195,3.170410156,-1.595947266,-14.4140625,0.011474609,-0.188720703,-1.278320313,0.495117188,0.004394531,-0.831298828,0.023066665,0.002316167,0.012566629,0.161010742,-0.112426758,-1.008544922,0.151877137,0.048126577,0.112100978,-1.052889858,3.603053435,0.282988004,5.73886643,6.111505067,4.837296233,-0.432995757,-0.099943427,-1.927801484,-14.74045802,50.44274809,3.961832061,-0.62813621,-0.280404384,5.986461529,-5.557251908,-1.267175573,-6.160305344,2.832061069,7.450381679,3.717557252,5.73886643,6.111505067,4.837296233,-0.270992366,3.267175573,0.729007634,2.395593127,2.472145843,2.199385422
1,0.22190639,-0.111833845,-1.028791155,0.023020593,0.002325833,0.012614099,0.717123867,0.662381406,-0.313033374,-0.79506812,1.5771956,1.146889809,3.106689453,-1.565673828,-14.40307617,0.011474609,-0.188720703,-1.278320313,0.495117188,0.004394531,-0.831298828,0.023020593,0.002325833,0.012614099,0.161010742,-0.102050781,-1.008544922,0.151725386,0.048226886,0.112312504,-0.832606325,3.726281352,0.22519084,5.07788648,6.281549463,4.726385409,-0.686598612,-0.246278947,-1.9198956,-11.65648855,52.16793893,3.152671756,0.235183642,-0.409003888,6.154083442,-5.557251908,-1.267175573,-6.160305344,2.832061069,7.450381679,3.717557252,5.07788648,6.281549463,4.726385409,-0.270992366,3.557251908,0.729007634,2.253416624,2.50630195,2.174025163
1,0.246372768,-0.113054548,-1.022600446,0.02819847,0.002491717,0.012750009,0.443310139,0.531937782,-0.487131274,-1.398821227,1.29963659,1.165214267,3.44921875,-1.582763672,-14.31640625,0.011474609,-0.188720703,-1.278320313,0.503662109,0.004394531,-0.831298828,0.02819847,0.002491717,0.012750009,0.173950195,-0.102050781,-1.008056641,0.167924001,0.0499171,0.112915936,-0.65648855,3.76608506,0.221919302,5.477590063,6.164896318,4.720914276,-0.783009108,-0.291542146,-1.918686005,-9.190839695,52.72519084,3.106870229,0.058982239,-0.272904061,6.161015555,-5.557251908,-1.267175573,-6.160305344,2.832061069,7.450381679,3.717557252,5.477590063,6.164896318,4.720914276,-0.095419847,3.557251908,0.729007634,2.340425189,2.482920925,2.172766503
1,0.270699637,-0.117675781,-1.020490374,0.029868293,0.002907166,0.012429067,0.116633599,0.46847434,-0.544181153,-1.689026458,0.577213392,1.446916927,3.789794922,-1.647460938,-14.28686523,0.011474609,-0.189453125,-1.278320313,0.503662109,0.004394531,-0.831298828,0.029868293,0.002907166,0.012429067,0.192016602,-0.102050781,-1.008056641,0.172824456,0.053918143,0.111485727,-0.538167939,4.194111232,0.417666303,4.80594864,6.355660772,4.571604027,-0.851215745,-0.559759103,-2.282640475,-7.534351145,58.71755725,5.847328244,0.78556928,0.037749666,7.852801902,-5.557251908,-1.267175573,-6.160305344,2.832061069,7.450381679,3.717557252,4.80594864,6.355660772,4.571604027,-0.095419847,4.351145038,0.740458015,2.192247395,2.521043588,2.138130966
1,0.293387277,-0.125592913,-1.01109096,0.02684103,0.0038638,0.011115218,-0.137812028,0.178752938,-0.803209863,-1.559275561,0.086900366,2.835875141,4.107421875,-1.758300781,-14.15527344,0.011474609,-0.233154297,-1.278320313,0.503662109,0.004394531,-0.831298828,0.02684103,0.0038638,0.011115218,0.287963867,-0.102050781,-1.008056641,0.163832323,0.06215947,0.105428735,-0.468375136,4.642857143,0.416030534,4.955042132,7.777260412,4.572252379,-0.895824546,-0.501342218,-2.279499071,-6.557251908,65,5.824427481,0.681019761,0.039261563,7.839971952,-5.557251908,-1.267175573,-6.160305344,2.832061069,9.030534351,3.717557252,4.955042132,7.777260412,4.572252379,-0.057251908,4.923664122,0.740458015,2.225992393,2.788773998,2.138282577
1,0.299211775,-0.126900809,-1.01171875,0.025653772,0.003795983,0.011116303,-0.226910736,0.245724409,-0.782267328,-1.366876016,0.243436413,2.808827909,4.188964844,-1.776611328,-14.1640625,0.011474609,-0.233154297,-1.278320313,0.503662109,0.004394531,-0.831298828,0.025653772,0.003795983,0.011116303,0.310668945,-0.106933594,-1.008544922,0.16016795,0.06161155,0.105433879,-0.333151581,4.561613959,0.352235551,5.245181222,7.863274189,4.584651756,-0.968756367,-0.397134913,-2.167938191,-4.664122137,63.86259542,4.93129771,0.545943328,-0.113028535,7.416622981,-5.557251908,-1.267175573,-6.160305344,2.832061069,9.030534351,3.717557252,5.245181222,7.863274189,4.584651756,0.396946565,4.595419847,0.729007634,2.290236062,2.804153025,2.141179992
1,0.294276646,-0.126377651,-1.005580357,0.027496197,0.003827266,0.011682555,-0.228001196,0.219697191,-0.875211486,-1.480358093,0.171603868,2.476062109,4.119873047,-1.769287109,-14.078125,0.011474609,-0.233154297,-1.278320313,0.503662109,0.004394531,-0.831298828,0.027496197,0.003827266,0.011682555,0.310668945,-0.106445313,-1.001953125,0.165819772,0.061864898,0.108085868,-0.118320611,4.408942203,0.348418757,5.957163604,7.678956438,4.581601459,-0.916411838,-0.235113937,-2.164062759,-1.65648855,61.72519084,4.877862595,0.265412838,-0.043392053,7.41047612,-5.557251908,-1.267175573,-6.160305344,2.832061069,9.030534351,3.717557252,5.957163604,7.678956438,4.581601459,0.847328244,4,0.70610687,2.440730138,2.771093004,2.14046758
1,0.278913225,-0.135166713,-1.020839146,0.026950017,0.004217135,0.013386732,0.042131836,0.438591955,-0.521656082,-1.460828716,-0.014436347,0.947106956,3.904785156,-1.892333984,-14.29174805,0.011474609,-0.233154297,-1.278320313,0.503662109,0.004394531,-0.831298828,0.026950017,0.004217135,0.013386732,0.219726563,-0.133056641,-1.01159668,0.164164605,0.064939472,0.115701046,0.234460196,4.677753544,0.077971647,3.566830233,6.84505725,5.488385369,-0.498149271,-0.477074282,-1.566238593,3.282442748,65.48854962,1.091603053,-0.631298847,0.835286813,3.557100754,-3.221374046,-1.267175573,-6.160305344,2.832061069,9.030534351,3.717557252,3.566830233,6.84505725,5.488385369,0.847328244,4.503816794,0.70610687,1.888605367,2.616306031,2.342730324
1,0.24937221,-0.13269043,-1.019757952,0.025411053,0.004159283,0.013432296,0.308377988,0.320013173,-0.55054778,-1.308438406,0.00794862,0.942243709,3.491210938,-1.857666016,-14.27661133,0.011474609,-0.233154297,-1.278320313,0.503662109,0.004394531,-0.831298828,0.025411053,0.004159283,0.013432296,0.196289063,-0.119384766,-1.005249023,0.159408447,0.064492505,0.115897783,0.03653217,4.838058888,-0.19302072,3.782424178,6.512209514,5.693181127,-0.200624785,-0.690623291,-1.191120487,0.511450382,67.73282443,-2.702290076,-1.066161836,1.47774196,2.279995046,-3.221374046,-1.267175573,-6.160305344,2.832061069,9.030534351,3.717557252,3.782424178,6.512209514,5.693181127,0.396946565,4.950381679,0.618320611,1.944845541,2.551903116,2.386038794
1,0.230259487,-0.12461635,-1.029976981,0.022961661,0.004097569,0.01137498,0.627812013,0.006852413,-0.672058744,-0.712735778,-0.02711398,1.771752835,3.223632813,-1.744628906,-14.41967773,0.011474609,-0.233154297,-1.278320313,0.503662109,0.004394531,-0.831298828,0.022961661,0.004097569,0.01137498,0.19128418,-0.106445313,-1.008911133,0.151531056,0.064012258,0.106653549,0.181025082,5.232824427,-0.224100327,3.33638822,3.502904618,5.615089735,-0.323659925,0.611781165,-1.181949944,2.534351145,73.25954198,-3.13740458,-0.542912249,-0.445862656,2.354560742,-3.221374046,2.664122137,-6.160305344,2.832061069,9.030534351,3.717557252,3.33638822,3.502904618,5.615089735,0.396946565,4.950381679,0.618320611,1.826578282,1.871604824,2.369618057
1,0.220214844,-0.125488281,-1.009940011,0.020297326,0.004009898,0.00627806,0.798325842,0.027431328,0.224806431,0.048909135,0.104327778,1.850084998,3.083007813,-1.756835938,-14.13916016,0.011474609,-0.233154297,-1.171875,0.503662109,0.004394531,-0.831298828,0.020297326,0.004009898,0.00627806,0.19128418,-0.106445313,-1.000366211,0.142468683,0.063323755,0.079234212,0.081788441,5.066521265,-0.408942203,3.269841981,3.095789008,4.52416449,-0.155813965,0.888529048,-1.877281143,1.145038168,70.93129771,-5.72519084,-0.491886962,0.56967701,3.317461939,-3.221374046,2.664122137,-6.160305344,2.832061069,9.030534351,1.335877863,3.269841981,3.095789008,4.52416449,-0.08778626,4.950381679,0.618320611,1.808270439,1.759485438,2.127008343
1,0.243861607,-0.13520159,-1.020141602,0.023636862,0.0026135,0.003809853,0.463276975,-0.746116491,-1.098414953,-0.838508436,-0.772303095,1.787638724,3.4140625,-1.892822266,-14.28198242,0.011474609,-0.233154297,-1.171875,0.503662109,-0.075683594,-0.922851563,0.023636862,0.0026135,0.003809853,0.196289063,-0.119384766,-1.000366211,0.153742845,0.051122405,0.061724009,-0.240458015,4.999454744,-0.514721919,2.814761109,2.848591971,4.464162607,-0.013080133,0.993952613,-1.749469794,-3.366412214,69.99236641,-7.20610687,-0.424747976,1.280296432,3.004964081,-3.221374046,2.664122137,-6.160305344,2.816793893,9.030534351,1.335877863,2.814761109,2.848591971,4.464162607,-0.282442748,4.950381679,0.458015267,1.67772498,1.687777228,2.112856504
1,0.26246861,-0.133544922,-1.00226702,0.025129322,0.002582046,0.006727296,0.147469963,-0.868775311,0.269638121,-1.230998311,-0.555432044,2.422198529,3.674560547,-1.869628906,-14.03173828,0.011474609,-0.233154297,-1.171875,0.503662109,-0.075683594,-0.810302734,0.025129322,0.002582046,0.006727296,0.219726563,-0.119384766,-0.996704102,0.158522309,0.050813834,0.082020095,0.02344602,4.78953108,-0.638495093,2.095417286,3.1236006,4.799869177,0.128389519,1.107379703,-1.459755743,0.328244275,67.05343511,-8.938931298,-0.316947131,1.281228537,1.721941276,-2.404580153,2.664122137,-6.160305344,2.816793893,9.030534351,1.335877863,2.095417286,3.1236006,4.799869177,-0.08778626,4.58778626,0.458015267,1.447555624,1.767371098,2.190860374
1,0.293910435,-0.141653878,-1.006905692,0.021972031,0.002944031,0.007898637,0.048273649,-0.509301808,0.030015656,-1.597114994,-1.333438453,1.619919587,4.114746094,-1.983154297,-14.09667969,0.081542969,-0.233154297,-1.171875,0.503662109,-0.075683594,-0.810302734,0.021972031,0.002944031,0.007898637,0.260253906,-0.129516602,-0.996704102,0.148229658,0.054258925,0.088874278,-0.010359869,4.780261723,-0.127044711,2.060876918,3.158702232,2.379264317,0.204250046,1.087878015,-1.164454832,-0.145038168,66.92366412,-1.778625954,-0.183512062,1.233632656,-0.107047827,-2.404580153,2.664122137,-3.236641221,2.816793893,9.030534351,1.335877863,2.060876918,3.158702232,2.379264317,-0.08778626,4.58778626,0.70610687,1.435575466,1.77727382,1.542486407
1,0.3003976,-0.148803711,-1.017787388,0.021067571,0.002948328,0.009222882,-0.069396322,-0.187509906,0.154964429,-1.438464053,-1.586699859,0.660722522,4.205566406,-2.083251953,-14.24902344,0.081542969,-0.233154297,-1.171875,0.503662109,-0.075683594,-0.810302734,0.021067571,0.002948328,0.009222882,0.277954102,-0.131591797,-1.000366211,0.145146722,0.054298506,0.096035838,0.45474373,4.917121047,-0.010359869,5.176224393,3.197678611,2.782145627,1.514089943,0.830846304,-0.883505085,6.366412214,68.83969466,-0.145038168,3.305551435,0.725495979,-0.231499998,-2.404580153,2.664122137,-3.236641221,6.58778626,9.030534351,2.351145038,5.176224393,3.197678611,2.782145627,-0.003816794,4.950381679,0.717557252,2.275131731,1.788205416,1.667976507
1,0.302943638,-0.160191127,-1.026018415,0.020591432,0.003461369,0.00977813,-0.109807981,-0.056524229,0.358218754,-1.34534078,-1.400974909,0.356065422,4.241210938,-2.242675781,-14.36425781,0.081542969,-0.255126953,-1.171875,0.503662109,-0.075683594,-0.810302734,0.020591432,0.003461369,0.00977813,0.277954102,-0.157836914,-1.008911133,0.14349715,0.058833399,0.098884428,0.350599782,4.309160305,-0.063794984,5.608149644,8.043871838,2.735707594,1.375776357,-1.24659079,-0.801375256,4.908396947,60.32824427,-0.893129771,2.758055386,3.787861798,-0.264299964,-2.404580153,-3.34351145,-3.236641221,6.58778626,9.030534351,2.351145038,5.608149644,8.043871838,2.735707594,-0.003816794,4.58778626,0.458015267,2.368153214,2.83617204,1.653997459
1,0.277378627,-0.146850586,-1.020961217,0.018689228,0.005266481,0.010722746,0.115269634,0.336489308,0.284784008,-1.384580508,-0.345039463,-0.201449035,3.883300781,-2.055908203,-14.29345703,0.081542969,-0.255126953,-1.171875,0.463134766,0.002685547,-0.810302734,0.018689228,0.005266481,0.010722746,0.260131836,-0.131591797,-1.008911133,0.13670855,0.072570522,0.103550692,0.540348964,5.075790622,-0.300436205,6.59912394,13.55568722,2.989162431,1.11144248,0.047635595,-0.442633604,7.564885496,71.0610687,-4.20610687,1.035417818,2.911720797,-1.006074208,-2.404580153,-3.34351145,-3.236641221,6.58778626,13.39694656,2.351145038,6.59912394,13.55568722,2.989162431,-0.003816794,4.950381679,0.106870229,2.568876007,3.681804886,1.72891944
1,0.238839286,-0.14855957,-1.024135045,0.024266605,0.005464185,0.011249532,-0.256667216,0.351082792,0.306116644,-0.208797883,-0.487474619,-0.402620867,3.34375,-2.079833984,-14.33789063,-0.078857422,-0.255126953,-1.171875,0.463134766,0.002685547,-0.810302734,0.024266605,0.005464185,0.011249532,0.237548828,-0.131591797,-1.008911133,0.15577742,0.073920124,0.10606381,0.791166848,4.708287895,-0.992366412,5.888939654,13.77838999,7.253288987,1.116834391,0.328620267,-1.613905074,11.07633588,65.91603053,-13.89312977,1.285618629,2.821100179,3.496323081,-2.251908397,-3.34351145,-8.351145038,6.58778626,13.39694656,2.351145038,5.888939654,13.77838999,7.253288987,0.358778626,4.58778626,-0.080152672,2.426713756,3.711925375,2.693193084
1,0.225341797,-0.137015206,-1.022356306,0.022745197,0.005226568,0.011329236,-0.043655634,0.063609747,0.247300159,0.105778835,-0.547272769,-0.474748022,3.154785156,-1.918212891,-14.31298828,-0.078857422,-0.255126953,-1.171875,0.463134766,0.002685547,-0.810302734,0.022745197,0.005226568,0.011329236,0.214111328,-0.129516602,-1.000366211,0.150815107,0.072295006,0.106438882,0.672846238,4.346782988,-0.947110142,6.037552565,12.24257789,7.400272212,1.225254874,0.585343699,-1.604161658,9.419847328,60.85496183,-13.25954198,1.351722838,4.540479134,3.371854782,-2.251908397,-3.34351145,-8.351145038,6.58778626,13.39694656,2.351145038,6.037552565,12.24257789,7.400272212,-0.003816794,4.118320611,-0.080152672,2.457143171,3.498939538,2.720344135
1,0.220825195,-0.133614676,-1.01839774,0.022864541,0.005576596,0.011597685,0.058583365,-0.020581637,0.126484359,0.066753955,-0.850598154,-0.65429532,3.091552734,-1.870605469,-14.25756836,-0.078857422,-0.255126953,-1.171875,0.463134766,0.002685547,-0.810302734,0.022864541,0.005576596,0.011597685,0.192749023,-0.129516602,-0.995483398,0.151210255,0.07467661,0.107692547,0.499454744,4.377862595,-0.866412214,6.13386986,12.20222732,7.629524458,1.415741088,0.558099394,-1.606485631,6.992366412,61.29007634,-12.12977099,1.701059875,4.567832343,3.220748938,-2.251908397,-3.34351145,-8.351145038,6.58778626,13.39694656,2.351145038,6.13386986,12.20222732,7.629524458,-0.282442748,4.118320611,0.34351145,2.476665068,3.493168665,2.762159383
1,0.236955915,-0.134102958,-1.018572126,0.021922714,0.00553955,0.011562223,-0.234133792,-0.003306512,0.128038735,0.377884379,-0.815709914,-0.641114804,3.317382813,-1.877441406,-14.26000977,-0.078857422,-0.255126953,-1.171875,0.463134766,0.002685547,-0.810302734,0.021922714,0.00553955,0.011562223,0.214111328,-0.129516602,-0.995483398,0.14806321,0.07442815,0.107527779,0.254089422,4.481461287,-0.816793893,5.752062401,12.26306038,7.830823916,1.828392702,0.452926768,-1.575581042,3.557251908,62.74045802,-11.4351145,3.280520831,4.404137173,3.051560622,-2.251908397,-3.34351145,-8.351145038,6.58778626,13.39694656,2.351145038,5.752062401,12.26306038,7.830823916,-0.465648855,4.58778626,0.366412214,2.398345763,3.501865271,2.798360934
1,0.25491769,-0.129237584,-1.003958566,0.024837859,0.005045319,0.009726746,-0.380759842,-0.121777586,-0.007079236,-0.056182231,-0.378506185,-0.229718088,3.568847656,-1.809326172,-14.05541992,-0.078857422,-0.255126953,-1.154296875,0.463134766,0.002685547,-0.810302734,0.024837859,0.005045319,0.009726746,0.255249023,-0.129516602,-0.991577148,0.157600315,0.071030407,0.098624267,0.197928026,4.498364231,-0.660305344,5.901749174,12.28538259,7.35805023,1.815795694,0.43539274,-1.868345723,2.770992366,62.97709924,-9.244274809,3.172282271,4.362718659,4.444365466,-2.251908397,-3.34351145,-8.351145038,6.58778626,13.39694656,2.351145038,5.901749174,12.28538259,7.35805023,-0.465648855,4.58778626,0.366412214,2.429351595,3.50505101,2.712572622
1,0.283028739,-0.130615234,-1.007237026,0.025403797,0.00506656,0.009800999,-0.640205583,-0.054595665,0.104834536,0.368710411,-0.416370558,-0.273844465,3.962402344,-1.828613281,-14.10131836,-0.078857422,-0.255126953,-1.154296875,0.475097656,0.002685547,-0.810302734,0.025403797,0.00506656,0.009800999,0.277954102,-0.131591797,-0.993896484,0.159385686,0.071179771,0.098999995,-0.037622683,4.399672846,-0.648854962,7.669693485,12.33296076,7.319315263,0.943769797,0.52925517,-1.892668028,-0.526717557,61.59541985,-9.083969466,2.23219683,4.373803216,4.570186058,-5.053435115,-3.34351145,-8.351145038,6.58778626,13.39694656,2.351145038,7.669693485,12.33296076,7.319315263,-0.465648855,4.118320611,0.366412214,2.769421146,3.511831539,2.705423306
1,0.310389927,-0.14969308,-1.011073521,0.028960114,0.007904877,0.009971468,-0.723380998,-0.505133418,0.225823317,0.482625344,0.481540316,-0.354202897,4.345458984,-2.095703125,-14.1550293,-0.078857422,-0.342773438,-1.154296875,0.548583984,0.002685547,-0.810302734,0.028960114,0.007904877,0.009971468,0.296386719,-0.138183594,-0.993896484,0.170176715,0.088909374,0.09985724,0.10959651,4.284623773,-0.844601963,7.885810914,12.55299295,7.27000495,0.744730987,0.618272201,-1.680951412,1.534351145,59.98473282,-11.82442748,1.684671581,4.195086475,3.967762864,-5.053435115,-3.34351145,-8.351145038,6.58778626,13.39694656,2.351145038,7.885810914,12.55299295,7.27000495,-0.435114504,3.973282443,-0.473282443,2.808168605,3.543020315,2.69629467
1,0.3142613,-0.152291434,-1.01234654,0.028900497,0.007634394,0.009957769,-0.804531594,-0.462194892,0.270722531,0.595338843,0.673298331,-0.327356149,4.399658203,-2.132080078,-14.17285156,-0.078857422,-0.342773438,-1.154296875,0.548583984,0.002685547,-0.810302734,0.028900497,0.007634394,0.009957769,0.323486328,-0.138183594,-1.002807617,0.170001461,0.087375018,0.099788624,-0.047437296,4.521810251,-0.965103599,8.353316138,13.76845179,6.960861294,0.811274275,0.439440528,-1.671684089,-0.664122137,63.30534351,-13.51145038,1.371015286,2.83931874,4.202015141,-5.053435115,-3.34351145,-8.351145038,6.58778626,13.39694656,2.351145038,8.353316138,13.76845179,6.960861294,-0.648854962,3.973282443,-0.748091603,2.890210397,3.710586448,2.638344423
1,0.302961077,-0.150338309,-1.002668108,0.027064805,0.007774877,0.01206602,-0.713459383,-0.513909453,0.244944181,0.823083824,0.57945972,-0.876020639,4.241455078,-2.104736328,-14.03735352,-0.078857422,-0.342773438,-1.154296875,0.548583984,0.002685547,-0.810302734,0.027064805,0.007774877,0.01206602,0.309814453,-0.138183594,-1.002807617,0.164513843,0.088175265,0.109845437,-0.288440567,4.149945474,-0.629225736,10.01359235,14.30037345,8.559190242,0.542246755,0.683251353,-1.250857672,-4.038167939,58.09923664,-8.809160305,0.713625388,2.70505019,2.97088968,-5.053435115,-3.34351145,-8.351145038,6.58778626,13.39694656,3.763358779,10.01359235,14.30037345,8.559190242,-0.648854962,3.751908397,-0.282442748,3.164426069,3.781583458,2.92560938
1,0.304373605,-0.146187919,-1.022024972,0.027450804,0.008183618,0.009291614,-0.709211698,-0.582366036,0.313517374,0.75196408,0.338079778,-0.772216522,4.261230469,-2.046630859,-14.30834961,-0.078857422,-0.342773438,-1.154296875,0.548583984,0.002685547,-0.838623047,0.027450804,0.008183618,0.009291614,0.309814453,-0.1328125,-1.02734375,0.165682841,0.090463354,0.096393017,-0.342966194,3.794983642,-0.31134133,9.965758354,17.0835827,8.554523706,0.6053536,0.509467878,-1.553746105,-4.801526718,53.12977099,-4.358778626,0.811220992,1.574378101,3.808963651,-5.053435115,-3.34351145,-8.351145038,6.58778626,13.39694656,3.763358779,9.965758354,17.0835827,8.554523706,-0.648854962,3.751908397,0.423664122,3.156858938,4.133229088,2.924811739
1,0.306588309,-0.142578125,-1.013427734,0.028222049,0.007830354,0.007877093,-0.679683264,-0.723518763,0.358326986,0.634536584,0.824001985,-0.453879202,4.292236328,-1.99609375,-14.18798828,-0.078857422,-0.342773438,-1.145019531,0.548583984,0.002685547,-0.838623047,0.028222049,0.007830354,0.007877093,0.309814453,-0.1328125,-1.024780273,0.167994193,0.088489287,0.088752989,0.164122137,3.743729553,-0.248091603,14.20707732,17.21233489,8.789175366,0.642455552,0.543044102,-1.537875422,2.297709924,52.41221374,-3.473282443,-0.080244065,1.53099198,3.612778012,-5.053435115,-3.34351145,-8.351145038,7.34351145,13.39694656,3.763358779,14.20707732,17.21233489,8.789175366,-0.648854962,3.751908397,0.423664122,3.769227682,4.148775108,2.964654342
1,0.320905413,-0.137799944,-1.00566755,0.030205009,0.007604761,0.006520722,-0.815973714,-0.92744373,0.524601639,0.484434012,1.336792139,-0.123781758,4.492675781,-1.929199219,-14.0793457,-0.078857422,-0.342773438,-1.121826172,0.548583984,0.002685547,-0.838623047,0.030205009,0.007604761,0.006520722,0.323486328,-0.124755859,-1.024780273,0.173795882,0.087205283,0.080750989,-0.610687023,3.466194111,-0.269901854,11.89174918,16.97847502,8.67373344,0.870067857,0.770663444,-1.562047359,-8.549618321,48.52671756,-3.778625954,0.964702197,1.913396652,3.719677714,-5.053435115,-3.34351145,-8.351145038,7.34351145,13.39694656,3.763358779,11.89174918,16.97847502,8.67373344,-0.782442748,3.091603053,0.423664122,3.448441558,4.120494512,2.945120276
1,0.339390346,-0.141427176,-0.978393555,0.03147557,0.008705574,0.010756674,-1.042392169,-0.96753154,1.101435859,0.727887012,0.8741952,1.34407861,4.751464844,-1.979980469,-13.69750977,-0.078857422,-0.342773438,-1.121826172,0.548583984,0.002685547,-0.729003906,0.03147557,0.008705574,0.010756674,0.386352539,-0.124755859,-1.002807617,0.177413557,0.093303666,0.103714385,-0.988549618,3.86695747,-0.057251908,15.22639213,13.34901332,9.4269363,0.444280442,1.297759635,-1.516114073,-13.83969466,54.13740458,-0.801526718,0.44980576,3.100937969,3.238334985,-7.541984733,-2.152671756,-8.351145038,7.34351145,13.39694656,3.763358779,15.22639213,13.34901332,9.4269363,-0.782442748,3.091603053,0.916030534,3.90210099,3.653630156,3.070331627
1,0.365879604,-0.154628209,-0.968906948,0.030251298,0.00704776,0.01359047,-1.42503149,-1.23721939,0.987569506,2.010517015,0.99912962,0.166900413,5.122314453,-2.164794922,-13.56469727,-0.078857422,-0.342773438,-1.121826172,0.548583984,-0.063720703,-0.729003906,0.030251298,0.00704776,0.01359047,0.443725586,-0.13671875,-1.002807617,0.173929002,0.083950936,0.11657817,-1.47219193,3.067066521,0.035986914,13.09785477,5.887904852,9.091046591,0.755854502,0.163083298,-1.673463402,-20.61068702,42.9389313,0.503816794,1.825743801,1.987154713,4.005668206,-7.541984733,-2.152671756,-8.351145038,7.34351145,8.442748092,3.763358779,13.09785477,5.887904852,9.091046591,-1.145038168,2.458015267,0.916030534,3.61909585,2.426500536,3.015136248
1,0.406825474,-0.150721959,-0.921404157,0.014501348,0.006767086,0.029535949,-0.903422511,-1.448637024,1.752127611,-0.435401855,1.730792236,3.199151324,5.695556641,-2.110107422,-12.8996582,0.179199219,-0.342773438,-1.081298828,0.548583984,-0.063720703,-0.456787109,0.014501348,0.006767086,0.029535949,0.46105957,-0.13671875,-0.978637695,0.120421543,0.0822623,0.17186026,-2.37131952,2.839694656,0.652671756,19.42131405,7.115552707,3.275089313,0.074100697,0.073679047,-0.048225247,-33.19847328,39.75572519,9.13740458,1.660035625,0.872525837,-0.879570514,-11.48091603,-2.152671756,-2.145038168,7.34351145,8.442748092,3.763358779,19.42131405,7.115552707,3.275089313,-1.927480916,2.458015267,0.916030534,4.406961997,2.667499336,1.809720783
1,0.411429269,-0.154628209,-0.922293527,0.012647484,0.006314457,0.029678404,-0.832306433,-1.52113979,1.753918561,-0.473790776,2.00766238,3.183781648,5.760009766,-2.164794922,-12.91210938,0.179199219,-0.342773438,-1.081298828,0.548583984,-0.063720703,-0.456787109,0.012647484,0.006314457,0.029678404,0.46105957,-0.13671875,-0.984863281,0.112461032,0.07946356,0.172274211,-2.460741549,2.680479826,0.594329335,19.20739429,7.083017909,3.297323154,0.141693196,0.270651264,0.061154436,-34.45038168,37.52671756,8.320610687,1.792339471,0.969646331,-0.916924516,-11.48091603,-2.152671756,-2.145038168,7.34351145,8.442748092,3.763358779,19.20739429,7.083017909,3.297323154,-2.190839695,2.255725191,0.629770992,4.382624133,2.661393978,1.815853285
1,0.412318638,-0.165754046,-0.916782924,0.012213706,0.005868989,0.029641975,-0.778320236,-1.389825529,1.647105975,-0.668843472,1.446356575,2.903699288,5.772460938,-2.320556641,-12.83496094,0.191650391,-0.342773438,-1.081298828,0.548583984,-0.073486328,-0.456787109,0.012213706,0.005868989,0.029641975,0.46105957,-0.145751953,-0.984863281,0.110515635,0.076609329,0.172168451,-2.115594329,2.365321701,0.649400218,22.0461947,7.593414918,3.385184334,0.08210826,0.506941081,-0.024683614,-29.61832061,33.11450382,9.091603053,0.773262004,0.729768862,-1.052565566,-11.48091603,-2.152671756,-2.145038168,7.34351145,8.442748092,3.763358779,22.0461947,7.593414918,3.385184334,-2.190839695,2.221374046,0.835877863,4.695337549,2.755615161,1.839887044
1,0.397007533,-0.160818917,-0.918334961,0.018715059,0.006887101,0.029704147,-1.04859263,-0.974619734,1.672982796,0.028232235,1.040887859,2.957012559,5.558105469,-2.251464844,-12.85668945,0.100341797,-0.342773438,-1.081298828,0.548583984,-0.032958984,-0.456787109,0.018715059,0.006887101,0.029704147,0.46105957,-0.145751953,-0.984863281,0.136802995,0.082988557,0.17234891,-1.858778626,2.034351145,0.607415485,23.79775923,6.94410627,3.342953067,-0.011718111,0.861910803,0.049336431,-26.02290076,28.48091603,8.503816794,0.240195673,1.856300022,-0.983801286,-11.48091603,-2.152671756,-2.145038168,7.34351145,8.442748092,3.763358779,23.79775923,6.94410627,3.342953067,-2.190839695,2.125954198,0.541984733,4.878294705,2.635167219,1.828374433
1,0.367292132,-0.149204799,-0.923078265,0.027876118,0.009176858,0.030519224,-0.89460904,-0.478664274,1.677602897,-0.444523021,0.56435443,2.86268245,5.142089844,-2.088867188,-12.9230957,0.031005859,-0.342773438,-1.081298828,0.548583984,0.017822266,-0.456787109,0.027876118,0.009176858,0.030519224,0.457763672,-0.137695313,-1.009033203,0.166961426,0.095795919,0.174697521,-1.57306434,2.185387132,0.784623773,25.22012313,8.300237377,3.15159309,-0.147547082,0.913607147,-0.215151275,-22.02290076,30.59541985,10.98473282,-0.116557762,1.079175856,-0.69070091,-11.48091603,-2.152671756,-2.145038168,7.34351145,8.442748092,3.763358779,25.22012313,8.300237377,3.15159309,-2.190839695,2.125954198,1.118320611,5.021964071,2.881013255,1.77527268
1,0.345197405,-0.141549247,-0.920933315,0.029580276,0.010038194,0.030047801,-0.532595508,-0.568742576,1.689867263,-1.144021548,0.197631273,2.942030903,4.832763672,-1.981689453,-12.89306641,0.031005859,-0.342773438,-1.081298828,0.548583984,0.017822266,-0.456787109,0.029580276,0.010038194,0.030047801,0.386352539,-0.127441406,-1.005737305,0.171989175,0.100190788,0.173343014,-1.239912759,2.351145038,0.909487459,24.2766175,9.166500069,2.58197126,-0.360400766,0.747233396,-0.054477394,-17.35877863,32.91603053,12.73282443,0.237744858,0.200688528,-0.498529507,-11.48091603,-2.152671756,-2,7.34351145,8.442748092,3.763358779,24.2766175,9.166500069,2.58197126,-1.160305344,2.125954198,1.118320611,4.927130758,3.027622841,1.60685135
1,0.319998605,-0.118617467,-0.915806362,0.027431318,0.007461556,0.028917229,-0.291513117,-0.466125809,1.725217847,-1.365995023,0.311384618,3.143195875,4.479980469,-1.660644531,-12.82128906,0.031005859,-0.305908203,-1.081298828,0.516601563,0.017822266,-0.456787109,0.027431318,0.007461556,0.028917229,0.318603516,-0.123535156,-0.993652344,0.165624025,0.086380297,0.170050665,-1.440567067,2.481461287,1.085059978,23.54893635,9.487814179,1.913290486,-0.253370377,0.590693886,0.299833262,-20.16793893,34.74045802,15.19083969,0.402646323,-0.19426418,-0.509991014,-11.48091603,-2.152671756,-1.030534351,7.34351145,8.442748092,3.763358779,23.54893635,9.487814179,1.913290486,-1.496183206,2.125954198,1.118320611,4.852724632,3.080229566,1.38321744
1,0.309430804,-0.114449637,-0.916259766,0.028715379,0.007684709,0.029017586,-0.099696906,-0.588965451,1.721922932,-1.603167849,0.225434734,3.1239374,4.33203125,-1.602294922,-12.82763672,0.031005859,-0.305908203,-1.081298828,0.516601563,0.017822266,-0.456787109,0.028715379,0.007684709,0.029017586,0.279663086,-0.115234375,-0.993652344,0.169456126,0.087662474,0.17034549,-1.286804798,2.21046892,1.181570338,23.54550537,7.036471017,1.702305125,-0.362392618,0.314148722,0.275852106,-18.01526718,30.94656489,16.54198473,0.457080924,-0.20250227,-0.103644173,-11.48091603,-2.152671756,-1.030534351,7.34351145,7.335877863,3.763358779,23.54550537,7.036471017,1.702305125,-0.72519084,2.125954198,1.118320611,4.852371108,2.652634731,1.304724156
1,0.300606864,-0.111886161,-0.928466797,0.029890954,0.007833035,0.029062519,0.048479588,-0.661184615,1.945840588,-1.750295298,0.178321298,3.819120033,4.208496094,-1.56640625,-12.99853516,0.031005859,-0.305908203,-1.081298828,0.516601563,0.017822266,-0.456787109,0.029890954,0.007833035,0.029062519,0.225097656,-0.099853516,-1.005737305,0.172890005,0.088504437,0.170477326,-0.983642312,2.429661941,0.973282443,22.37273117,7.17007193,1.151436845,-0.570504955,0.058616262,-0.068255653,-13.77099237,34.01526718,13.6259542,1.030499033,-0.398267304,-0.206632646,-11.48091603,-2.152671756,-1.030534351,7.34351145,7.335877863,2.969465649,22.37273117,7.17007193,1.151436845,-0.599236641,2.221374046,0.824427481,4.729982153,2.677698999,1.073050253
1,0.282209124,-0.11012486,-0.923723493,0.029089024,0.008022138,0.027816119,0.350643334,-0.682534853,2.035078924,-1.565907883,0.086517561,4.120082233,3.950927734,-1.541748047,-12.93212891,0.031005859,-0.305908203,-1.036376953,0.516601563,0.017822266,-0.456787109,0.029089024,0.008022138,0.027816119,0.193725586,-0.097290039,-1.005737305,0.170555047,0.089566391,0.16678165,-1.017993457,2.891494002,0.904580153,22.33793626,5.597998849,1.102865173,-0.546675114,0.089653841,0.119958964,-14.2519084,40.48091603,12.66412214,1.023453926,-0.327493989,0.086317804,-11.48091603,-1.145038168,-1.030534351,7.34351145,7.335877863,2.969465649,22.33793626,5.597998849,1.102865173,-0.790076336,2.255725191,0.797709924,4.726302599,2.366009055,1.050173877
1,0.261021205,-0.102783203,-0.920218331,0.026226061,0.007916111,0.02715607,0.681334491,-0.950854155,2.057529202,-0.991833033,0.548865982,4.246581914,3.654296875,-1.438964844,-12.88305664,0.031005859,-0.305908203,-1.036376953,0.516601563,0.017822266,-0.456787109,0.026226061,0.007916111,0.02715607,0.188842773,-0.065429688,-0.993652344,0.161944622,0.088972531,0.16479099,-1.602508179,3.037077426,0.813522356,16.59438408,5.691777484,1.026564834,-1.123961068,-0.106838744,0.365415457,-22.4351145,42.51908397,11.38931298,1.724207543,-0.428845363,0.687077213,-11.48091603,-1.145038168,-1.030534351,3.946564885,7.335877863,2.969465649,16.59438408,5.691777484,1.026564834,-0.824427481,3.202290076,0.790076336,4.073620513,2.385744639,1.013195358
1,0.240478516,-0.098737444,-0.915736607,0.022521679,0.007919758,0.026316,1.056985521,-1.103517454,2.089856255,0.100670622,0.799601979,4.4182216,3.366699219,-1.382324219,-12.8203125,0.031005859,-0.305908203,-1.033691406,0.516601563,0.017822266,-0.456787109,0.022521679,0.007919758,0.026316,0.188354492,-0.065429688,-0.984863281,0.150072247,0.088993023,0.162222069,-1.356597601,3.190839695,0.738822246,16.03368486,5.69701425,0.906421793,-1.371768925,-0.315674867,0.52172354,-18.99236641,44.67175573,10.34351145,2.520183529,-0.360322672,1.788137969,-11.48091603,-1.145038168,-1.030534351,3.946564885,7.335877863,2.969465649,16.03368486,5.69701425,0.906421793,-0.812977099,4.171755725,0.790076336,4.004208394,2.386841899,0.952061864
1,0.219482422,-0.081734794,-0.934116908,0.017343631,0.0043802,0.023653258,1.5029167,-0.841640865,2.703627977,2.255997484,0.127641359,7.747643136,3.072753906,-1.144287109,-13.07763672,0.031005859,-0.219482422,-1.033691406,0.516601563,0.017822266,-0.456787109,0.017343631,0.0043802,0.023653258,0.188354492,-0.065185547,-0.985595703,0.131695221,0.066183081,0.153796158,-0.885496183,3.322791712,0.588876772,12.86460803,5.678263581,0.500785387,-1.910849974,-0.500809895,-0.786122797,-12.39694656,46.51908397,8.244274809,6.161647781,-0.215317666,1.178530888,-11.48091603,-1.145038168,-1.030534351,3.946564885,7.335877863,1.748091603,12.86460803,5.678263581,0.500785387,-0.812977099,4.171755725,0.790076336,3.586726646,2.382910737,0.707661916
1,0.196376256,-0.073259626,-0.951328823,0.010031394,0.003553184,0.021663066,1.895010509,-1.221885896,3.356136373,6.778704359,1.960354633,11.79713648,2.749267578,-1.025634766,-13.31860352,0.031005859,-0.219482422,-1.033691406,0.494384766,0.017822266,-0.456787109,0.010031394,0.003553184,0.021663066,0.188354492,-0.062988281,-0.994384766,0.100156847,0.059608589,0.147183783,-0.749727372,3.468375136,0.732824427,12.62934452,5.62244093,0.288794359,-2.088656006,-0.708763745,-0.265083259,-10.49618321,48.55725191,10.25954198,6.952877962,0.054901242,0.890476181,-11.48091603,-1.145038168,-0.396946565,3.946564885,7.335877863,1.748091603,12.62934452,5.62244093,0.288794359,-0.790076336,4.221374046,0.797709924,3.553778907,2.371168684,0.537395906
1,0.197038923,-0.066353934,-0.987670898,0.010462884,0.002950129,0.001443145,1.970112653,-1.712644932,1.640369415,7.001095884,4.858678576,3.53362106,2.758544922,-0.928955078,-13.82739258,0.031005859,-0.219482422,-1.033691406,0.503662109,0.017822266,-0.884033203,0.010462884,0.002950129,0.001443145,0.188354492,-0.062255859,-0.994384766,0.102288242,0.054315089,0.037988753,-0.286804798,4.423118866,0.64612868,4.92982491,8.897049341,0.478119951,0.197194286,1.082296817,-0.909322861,-4.015267176,61.92366412,9.045801527,1.221400175,3.203835945,1.19643683,-5,-0.435114504,-0.93129771,3.946564885,12.22137405,1.748091603,4.92982491,8.897049341,0.478119951,-0.790076336,4.259541985,0.797709924,2.220320902,2.982792205,0.691462184
1,0.202392578,-0.061540876,-0.978881836,0.011525512,0.002653832,0.002245002,1.6836352,-2.194230743,1.261876859,4.884660898,7.721330478,0.935400725,2.833496094,-0.861572266,-13.7043457,0.031005859,-0.219482422,-1.033691406,0.503662109,0.017822266,-0.879394531,0.011525512,0.002653832,0.002245002,0.188354492,-0.061889648,-0.985595703,0.107356936,0.05151536,0.047381453,0.212649945,4.267175573,0.713740458,6.653134407,10.13855208,0.45358438,0.262039476,0.794675664,-1.259311816,2.977099237,59.74045802,9.992366412,0.542631835,2.379291024,2.275904673,-5,-0.442748092,-0.93129771,5.061068702,12.22137405,1.748091603,6.653134407,10.13855208,0.45358438,-0.721374046,4.259541985,0.824427481,2.579367056,3.184109308,0.673486733
1,0.210484096,-0.047014509,-0.973196847,0.012254915,0.000666441,0.003858852,1.350666965,1.411395403,1.906437688,3.377422646,1.68938535,3.688333887,2.946777344,-0.658203125,-13.62475586,0.031005859,-0.072021484,-1.033691406,0.503662109,0.017822266,-0.804443359,0.012254915,0.000666441,0.003858852,0.188354492,-0.060302734,-0.985595703,0.110701921,0.025815528,0.06211966,-0.772082879,4.637949836,0.854416576,12.30942125,8.307976622,1.044044092,-1.104731315,1.008499462,1.341198874,-10.80916031,64.93129771,11.96183206,3.075796348,3.689597838,5.136615752,-9.839694656,-0.442748092,-0.93129771,5.061068702,12.22137405,3.717557252,12.30942125,8.307976622,1.044044092,-0.790076336,4.297709924,0.824427481,3.50847848,2.882356089,1.021784758
1,0.202322824,-0.035714286,-0.986729213,0.0151235,0.002796269,0.005659677,0.737091776,2.504594725,0.78892725,2.4015309,6.894343178,2.836194825,2.832519531,-0.5,-13.81420898,-0.013916016,-0.072021484,-1.136474609,0.503662109,0.125244141,-0.804443359,0.0151235,0.002796269,0.005659677,0.188354492,-0.060302734,-0.997680664,0.122977639,0.052879757,0.075230828,-1.143402399,4.81134133,0.667938931,11.24125077,7.293285119,1.552121761,-1.009280522,1.246935725,0.390994925,-16.00763359,67.35877863,9.351145038,3.538630667,4.961592627,2.882507945,-9.839694656,-0.442748092,-1.809160305,5.061068702,12.22137405,3.717557252,11.24125077,7.293285119,1.552121761,-0.812977099,4.297709924,0.820610687,3.352797454,2.700608287,1.245841788
1,0.210710798,-0.046770368,-0.990373884,0.013013431,0.003232715,0.006214304,0.960096829,2.123032861,0.694263334,3.536914424,7.214153254,2.128922678,2.949951172,-0.654785156,-13.86523438,-0.013916016,-0.136962891,-1.136474609,0.503662109,0.125244141,-0.804443359,0.013013431,0.003232715,0.006214304,0.188354492,-0.061889648,-0.997680664,0.114076428,0.056856969,0.078830859,-1.129770992,4.195201745,0.213740458,11.35362383,9.25784058,3.689761669,-0.988744142,0.816161941,-1.268524238,-15.81679389,58.73282443,2.992366412,3.455812753,4.050117967,3.957778104,-9.839694656,-1.290076336,-4.923664122,5.061068702,12.22137405,3.717557252,11.35362383,9.25784058,3.689761669,-0.812977099,4.259541985,0.790076336,3.369513886,3.042669976,1.920875235
1,0.2013637,-0.051496233,-1.003853934,0.015141315,0.003471901,0.009300023,0.774080578,2.098830333,-0.019905377,2.382204389,6.722640528,1.239071552,2.819091797,-0.720947266,-14.05395508,-0.013916016,-0.136962891,-1.197753906,0.503662109,0.125244141,-0.804443359,0.015141315,0.003471901,0.009300023,0.188354492,-0.062255859,-0.997924805,0.123050049,0.058922843,0.096436625,-1.211014177,3.846237732,-0.103598691,11.31646091,9.715202693,5.51702397,-0.910177635,1.039802554,-1.10999417,-16.95419847,53.84732824,-1.450381679,3.378085033,3.970247117,1.276024418,-9.839694656,-1.290076336,-4.923664122,5.061068702,12.22137405,3.717557252,11.31646091,9.715202693,5.51702397,-0.828244275,4.221374046,0.790076336,3.363994785,3.11692199,2.348834598
1,0.185058594,-0.050798689,-0.986694336,0.019058668,0.003523437,0.014124226,0.527489761,2.027013428,0.411160952,1.300509702,6.300978987,0.607883123,2.590820313,-0.711181641,-13.8137207,-0.032470703,-0.136962891,-1.197753906,0.503662109,0.125244141,-0.744628906,0.019058668,0.003523437,0.014124226,0.185180664,-0.062255859,-0.997924805,0.138053134,0.059358542,0.118845387,-1.074700109,3.405670665,-0.224100327,11.62062618,11.83758215,5.574550588,-0.994965364,0.848525807,-0.92498575,-15.04580153,47.67938931,-3.13740458,3.223137662,2.679118558,0.894507958,-9.839694656,-1.694656489,-4.923664122,5.061068702,12.22137405,3.717557252,11.62062618,11.83758215,5.574550588,-0.812977099,4.171755725,0.790076336,3.408903956,3.440578752,2.36104862
1,0.1779262,-0.037981306,-0.976021903,0.019782114,0.005500397,0.014907903,0.643645867,1.466560934,0.147871595,1.116823166,1.853975245,0.10151014,2.490966797,-0.531738281,-13.66430664,-0.032470703,-0.136962891,-1.197753906,0.503662109,0.125244141,-0.744628906,0.019782114,0.005500397,0.014907903,0.184448242,-0.061889648,-0.985595703,0.140648903,0.074164658,0.122097923,-0.759541985,3.595419847,0.043620502,13.53859377,12.84972635,7.164997813,-0.840893776,0.676617911,-0.484437461,-10.63358779,50.33587786,0.610687023,2.17005287,1.639951802,0.421649419,-9.839694656,-1.694656489,-4.923664122,5.061068702,12.22137405,4.541984733,13.53859377,12.84972635,7.164997813,-0.812977099,4.171755725,0.816793893,3.679482813,3.584651496,2.676751354
1,0.180664063,-0.019635882,-0.973876953,0.01990752,0.009011825,0.01481755,0.571980718,1.235087157,0.089414445,0.991366031,0.581574926,0.13747631,2.529296875,-0.274902344,-13.63427734,-0.032470703,-0.136962891,-1.197753906,0.503662109,0.188476563,-0.744628906,0.01990752,0.009011825,0.01481755,0.188354492,-0.060302734,-0.982177734,0.141094013,0.094930634,0.121727358,-0.870229008,3.676663032,0.959651036,13.72194556,13.03697209,20.49827138,-0.726701865,0.592052664,1.628419498,-12.18320611,51.47328244,13.4351145,1.887775712,1.411811173,4.535493103,-9.839694656,-1.694656489,-4.923664122,5.061068702,12.22137405,13.67175573,13.72194556,13.03697209,20.49827138,-0.828244275,4.221374046,0.828244275,3.704314452,3.610674742,4.527501671
1,0.171386719,-0.018327985,-0.971871512,0.021068582,0.008953539,0.014696691,0.688297691,1.201285001,0.035981778,0.747660583,0.545861868,0.195731309,2.399414063,-0.256591797,-13.60620117,-0.032470703,-0.136962891,-1.197753906,0.503662109,0.188476563,-0.744628906,0.021068582,0.008953539,0.014696691,0.188354492,-0.060302734,-0.982177734,0.145150206,0.094623141,0.121229911,-0.607415485,3.665757906,1.097600872,14.7451127,13.02369127,20.71317503,-0.806829285,0.603258856,1.502196153,-8.503816794,51.32061069,15.36641221,1.491531073,1.432306708,4.108172367,-9.839694656,-1.694656489,-4.923664122,5.061068702,12.22137405,13.67175573,14.7451127,13.02369127,20.71317503,-0.828244275,4.183206107,0.927480916,3.83993655,3.608835168,4.551172929
1,0.171944754,-0.02457101,-0.958147321,0.021090548,0.010083305,0.016949605,0.674013637,1.031789068,-0.107461666,0.723897073,0.279371301,-0.411794463,2.407226563,-0.343994141,-13.4140625,-0.032470703,-0.149169922,-1.197753906,0.503662109,0.188476563,-0.744628906,0.021090548,0.010083305,0.016949605,0.191894531,-0.060424805,-0.9765625,0.145225852,0.100415661,0.130190649,-0.918211559,3.91221374,1.260632497,16.25292079,14.20141152,20.914308,-0.558662983,0.412962887,1.361288947,-12.85496183,54.77099237,17.64885496,0.460772294,0.571721051,3.682070225,-9.839694656,-1.694656489,-4.923664122,5.061068702,12.22137405,13.67175573,16.25292079,14.20141152,20.914308,-0.881679389,4.183206107,0.984732824,4.031491137,3.768476021,4.573216373
1,0.173060826,-0.017665318,-0.955793108,0.021153009,0.010045176,0.016948677,0.645162994,0.816261409,-0.170401482,0.669759868,-0.040442658,-0.397717384,2.422851563,-0.247314453,-13.38110352,-0.032470703,-0.149169922,-1.197753906,0.503662109,0.188476563,-0.744628906,0.021153009,0.010045176,0.016948677,0.193481445,-0.044677734,-0.97253418,0.145440739,0.100225627,0.130187083,-0.997818975,4.029443839,1.461286805,16.32425427,14.46801878,21.36533835,-0.487450518,0.305469323,1.181430284,-13.96946565,56.41221374,20.45801527,0.36765004,0.358365959,3.081367346,-9.839694656,-1.694656489,-4.923664122,5.061068702,12.22137405,13.67175573,16.32425427,14.46801878,21.36533835,-1.236641221,4.198473282,0.984732824,4.040328485,3.803684895,4.6222655
1,0.162475586,-0.013846261,-0.942121233,0.02216426,0.009836393,0.018666391,0.79888879,0.719186201,-0.351423998,0.587398362,-0.050645958,-0.671271756,2.274658203,-0.193847656,-13.18969727,-0.032470703,-0.149169922,-1.197753906,0.503662109,0.188476563,-0.744628906,0.02216426,0.009836393,0.018666391,0.170776367,-0.02331543,-0.953125,0.14887666,0.099178593,0.136625001,-1.97655398,3.726826609,1.752453653,29.62711931,15.69465809,22.18156297,-0.978398252,0.434999362,0.936694293,-27.67175573,52.17557252,24.53435115,1.008301412,0.000693428,2.265592777,-14.64885496,-1.694656489,-4.923664122,5.061068702,12.22137405,13.67175573,29.62711931,15.69465809,22.18156297,-1.729007634,4.198473282,1.851145038,5.443079947,3.961648406,4.709730669
1,0.158255441,-0.016235352,-0.949933733,0.022135094,0.010171686,0.020655022,0.89836446,0.727380332,-0.269201699,0.730332343,-0.158611336,-1.086071993,2.215576172,-0.227294922,-13.29907227,-0.032470703,-0.149169922,-1.197753906,0.503662109,0.188476563,-0.744628906,0.022135094,0.010171686,0.020655022,0.141235352,-0.02331543,-0.953125,0.148778676,0.100854778,0.143718551,-1.901853871,3.508178844,1.718102508,29.91517311,16.12386506,22.25488441,-1.006200495,0.585328414,0.956277925,-26.6259542,49.11450382,24.05343511,0.992320668,-0.035665314,2.263411903,-14.64885496,-1.694656489,-4.923664122,5.061068702,12.22137405,13.67175573,29.91517311,16.12386506,22.25488441,-1.729007634,3.690839695,1.851145038,5.469476493,4.015453282,4.717508284
1,0.126377651,-0.0191476,-0.972813198,0.012646231,0.010577557,0.028754442,0.435826327,0.739487372,-0.386390771,-0.753014903,-0.272648118,-0.992701603,1.769287109,-0.268066406,-13.61938477,-0.032470703,-0.149169922,-1.285888672,0.329345703,0.188476563,-0.744628906,0.012646231,0.010577557,0.028754442,0.10925293,-0.02331543,-0.960083008,0.112455464,0.10284725,0.169571347,-1.456379498,2.730643402,1.797164667,29.72081758,9.995808282,21.89123562,-1.269174482,0.171001065,0.934134385,-20.38931298,38.22900763,25.16030534,1.55828796,-1.326237043,2.367939919,-14.64885496,-1.694656489,-4.923664122,5.061068702,7.732824427,13.67175573,29.72081758,9.995808282,21.89123562,-0.576335878,2.278625954,1.851145038,5.451680253,3.161614822,4.678807073
1,0.097882952,-0.020560128,-0.983520508,0.011556703,0.010726243,0.028205081,0.302454864,0.759966951,-0.193125063,-0.589112155,-0.305466458,-0.996808787,1.370361328,-0.287841797,-13.76928711,-0.069580078,-0.149169922,-1.285888672,0.304931641,0.188476563,-0.744628906,0.011556703,0.010726243,0.028205081,0.070922852,-0.02331543,-0.983154297,0.107502107,0.103567575,0.167943683,-1.689203926,2.941112323,1.749182116,27.21142688,9.17741416,22.0074306,-1.445563946,0.053911928,0.960170273,-23.64885496,41.17557252,24.48854962,1.949484567,-1.07164101,2.356235338,-14.64885496,-1.694656489,-4.923664122,4.114503817,7.732824427,13.67175573,27.21142688,9.17741416,22.0074306,-0.576335878,2.86259542,1.610687023,5.216457311,3.029424724,4.691207797
1,0.061680385,-0.009660993,-0.987583705,0.013760893,0.012493709,0.026869021,-0.641466988,0.510951441,-0.200770772,0.480308628,-1.120928764,-0.876477634,0.863525391,-0.135253906,-13.82617188,-0.201904297,-0.149169922,-1.285888672,0.219726563,0.188476563,-0.744628906,0.013760893,0.012493709,0.026869021,0.055175781,-0.022460938,-0.983154297,0.117306834,0.111775259,0.163917725,-1.057797165,3.295528899,1.645038168,21.70858534,12.32117035,21.71774776,-2.025436787,0.313273865,1.05103035,-14.80916031,46.13740458,23.03053435,5.432504183,-0.883451548,2.64212981,-14.64885496,-1.694656489,-4.923664122,4.114503817,9.717557252,13.67175573,21.70858534,12.32117035,21.71774776,-0.312977099,2.86259542,1.381679389,4.659247293,3.510152468,4.66023044
1,0.059797015,-0.023454939,-0.967459542,0.014117208,0.011149493,0.026085188,-0.595453895,0.863918139,-0.528168528,0.25736389,-0.288105767,-0.517658426,0.837158203,-0.328369141,-13.54443359,-0.201904297,-0.149169922,-1.285888672,0.219726563,0.188476563,-0.744628906,0.014117208,0.011149493,0.026085188,0.055175781,-0.049194336,-0.960083008,0.11881586,0.105591161,0.161509096,-0.750272628,2.948200654,1.77480916,22.26187669,14.0655617,20.9880431,-2.151025955,0.377291181,1.041515264,-10.50381679,41.27480916,24.84732824,5.725020136,-1.095518834,2.894630858,-14.64885496,-1.694656489,-4.923664122,4.114503817,9.717557252,13.67175573,22.26187669,14.0655617,20.9880431,0.610687023,1.919847328,1.381679389,4.718249325,3.750408205,4.581270905
1,0.064278739,-0.018310547,-0.960728237,0.015254052,0.010262306,0.025019516,-0.525123224,0.920514627,-0.675029541,0.004379821,-0.116321132,-0.12603585,0.899902344,-0.256347656,-13.45019531,-0.201904297,-0.149169922,-1.285888672,0.219726563,0.188476563,-0.744628906,0.015254052,0.010262306,0.025019516,0.055175781,-0.047729492,-0.960083008,0.123507296,0.10130304,0.158175586,-0.998909487,3.374591058,2.226281352,21.23345741,12.71853859,17.32801663,-2.160696857,0.17907656,1.381030494,-13.98473282,47.24427481,31.16793893,5.96789869,-0.974093595,4.290434971,-14.64885496,-1.694656489,-4.839694656,4.114503817,9.717557252,13.67175573,21.23345741,12.71853859,17.32801663,-0.160305344,3.332061069,1.828244275,4.607977584,3.566306014,4.162693435
1,0.093331473,-0.020961217,-0.941702706,0.025233291,0.010859662,0.020374254,0.309166664,0.834534218,-0.976363826,0.832455503,-0.216348302,1.370463321,1.306640625,-0.293457031,-13.18383789,-0.201904297,-0.149169922,-1.285888672,0.441650391,0.188476563,-0.744628906,0.025233291,0.010859662,0.020374254,0.070922852,-0.047729492,-0.936035156,0.158849901,0.104209704,0.142738411,-0.966194111,3.923118866,2.703925845,21.21125014,14.08937496,13.2527527,-2.18881871,-0.089222233,2.258828809,-13.52671756,54.92366412,37.85496183,6.072753544,-1.181897781,6.541850912,-14.64885496,-1.694656489,-1.229007634,4.114503817,9.717557252,13.67175573,21.21125014,14.08937496,13.2527527,-0.160305344,4.419847328,2.053435115,4.605567299,3.753581618,3.640433037
1,0.133789063,-0.030587333,-0.954171317,0.037186393,0.011970368,0.017258272,0.522289355,0.89354945,-1.221635842,0.602838493,-0.289275952,2.083951615,1.873046875,-0.428222656,-13.35839844,-0.201904297,-0.149169922,-1.285888672,0.533935547,0.188476563,-0.792724609,0.037186393,0.011970368,0.017258272,0.10925293,-0.06640625,-0.936035156,0.192837738,0.109409177,0.131370743,-1.075790622,4.482551799,2.864231189,20.95132043,11.70184792,12.25458601,-2.151418751,-0.273938366,2.497149877,-15.0610687,62.75572519,40.09923664,6.030798156,-0.866968641,7.470032007,-14.64885496,-1.641221374,0.007633588,4.114503817,9.717557252,13.67175573,20.95132043,11.70184792,12.25458601,-0.690839695,4.977099237,2.053435115,4.577261237,3.420796386,3.500655083
1,0.166800363,-0.048060826,-0.972638811,0.048936378,0.01069254,0.01878671,0.403816135,1.320981536,-0.812964455,-0.332858094,1.14201358,0.712211663,2.335205078,-0.672851563,-13.61694336,-0.201904297,-0.149169922,-1.285888672,0.546630859,0.188476563,-0.792724609,0.048936378,0.01069254,0.01878671,0.16394043,-0.073242188,-0.960083008,0.221215682,0.103404739,0.137064619,-1.421483097,4.396946565,2.666303162,18.75983719,11.28397574,12.08780579,-2.41360747,-0.243186777,2.735617353,-19.90076336,61.55725191,37.32824427,7.107915763,-0.736962428,8.59738336,-14.64885496,-1.641221374,0.007633588,2.908396947,9.717557252,13.67175573,18.75983719,11.28397574,12.08780579,-0.709923664,4.977099237,1.809160305,4.33126277,3.359162952,3.47675219
1,0.183872768,-0.071411133,-0.96597726,0.054963083,0.006429688,0.019309645,0.256152538,1.451041877,-0.926500491,-0.918465762,2.353453378,0.707555802,2.57421875,-0.999755859,-13.52368164,-0.201904297,-0.149169922,-1.285888672,0.546630859,0.136474609,-0.792724609,0.054963083,0.006429688,0.019309645,0.16394043,-0.087768555,-0.936035156,0.234442068,0.080185337,0.13895915,-1.279716467,4.21046892,1.755179935,18.75500896,11.41822213,2.112531225,-2.526977376,-0.059224976,0.82960728,-17.91603053,58.94656489,24.57251908,7.554679616,-0.848529176,0.197593265,-14.64885496,-1.641221374,0.007633588,2.908396947,9.717557252,4.946564885,18.75500896,11.41822213,2.112531225,-0.690839695,4.419847328,1.583969466,4.330705365,3.37908599,1.453454927
1,0.206211635,-0.078194754,-0.958426339,0.055651524,0.006476443,0.019768957,-0.024643495,1.692131947,-1.062526308,-1.031713534,2.991232573,0.798546302,2.886962891,-1.094726563,-13.41796875,-0.201904297,-0.149169922,-1.285888672,0.546630859,0.136474609,-0.792724609,0.055651524,0.006476443,0.019768957,0.200073242,-0.099853516,-0.925292969,0.235905751,0.08047635,0.140602124,-1.72955289,4.058342421,1.672300981,17.53017544,11.75865318,2.036903572,-2.520097377,0.075653915,1.051976064,-24.21374046,56.81679389,23.41221374,7.500833027,-0.999787685,0.778798607,-14.64885496,-1.641221374,0.007633588,2.083969466,9.717557252,4.946564885,17.53017544,11.75865318,2.036903572,-0.709923664,3.671755725,1.477099237,4.186905234,3.429089264,1.427201307
1,0.214268276,-0.069074358,-0.966953823,0.056345707,0.006246754,0.017743584,-0.136222575,1.47864082,-1.194136431,-1.082365157,2.397642758,1.17077632,2.999755859,-0.967041016,-13.53735352,-0.201904297,-0.146728516,-1.285888672,0.546630859,0.136474609,-0.794921875,0.056345707,0.006246754,0.017743584,0.208740234,-0.087768555,-0.925292969,0.237372506,0.079036412,0.133205045,-1.264994547,3.533260632,1.499454744,17.08825852,11.46296708,2.000669804,-2.925135229,0.396446774,1.398307084,-17.70992366,49.46564885,20.99236641,9.743029723,-0.746134139,1.732036432,-14.64885496,-1.641221374,0.007633588,2.083969466,9.717557252,4.946564885,17.08825852,11.46296708,2.000669804,-0.690839695,2.583969466,1.20610687,4.133794687,3.385700382,1.414450354
1,0.23160226,-0.080060686,-0.959123884,0.060254708,0.005718566,0.019045094,-0.292329392,1.984599543,-1.18757355,-1.261430849,4.733626862,0.960899689,3.242431641,-1.120849609,-13.42773438,-0.201904297,-0.146728516,-1.285888672,0.546630859,0.136474609,-0.794921875,0.060254708,0.005718566,0.019045094,0.258911133,-0.099853516,-0.915649414,0.245468344,0.075621198,0.138003962,-0.950381679,3.380043621,1.322246456,18.02249062,11.02796752,1.558741678,-2.898931349,0.551385788,1.965242162,-13.30534351,47.32061069,18.51145038,9.564090986,-0.407589598,5.235134302,-14.64885496,-1.641221374,0.007633588,2.473282443,9.717557252,4.946564885,18.02249062,11.02796752,1.558741678,-0.530534351,2.583969466,1.171755725,4.245290405,3.320838376,1.248495766
1,0.271222796,-0.090436663,-0.97026716,0.06667608,0.005758512,0.016842514,-0.491930385,2.284028093,-1.308420703,-1.049280071,6.219120684,1.302054197,3.797119141,-1.266113281,-13.58374023,-0.201904297,-0.159667969,-1.285888672,0.604003906,0.136474609,-0.831054688,0.06667608,0.005758512,0.016842514,0.336181641,-0.114135742,-0.925292969,0.258217118,0.075884861,0.12977871,-0.061613959,3.869138495,1.029443839,2.858641591,10.6876402,0.473325986,-0.220570228,0.256574742,0.181225148,-0.86259542,54.16793893,14.41221374,-0.440357418,-0.636356174,-0.99950925,-3.389312977,-1.641221374,0.007633588,2.473282443,9.717557252,2.259541985,2.858641591,10.6876402,0.473325986,-0.530534351,3.183206107,0.965648855,1.690751783,3.26919565,0.687986909
1,0.278738839,-0.090820313,-0.959838867,0.065246072,0.005765933,0.01502665,-0.597481724,2.297017805,-1.69117647,-0.848094073,6.256366996,3.071232291,3.90234375,-1.271484375,-13.43774414,-0.201904297,-0.159667969,-1.285888672,0.604003906,0.136474609,-0.831054688,0.065246072,0.005765933,0.01502665,0.336181641,-0.114135742,-0.925292969,0.255433108,0.075933743,0.122583235,-0.09651036,4.088876772,1.026172301,2.842945383,10.08881146,0.4771796,-0.151501483,0.092092502,0.18434797,-1.351145038,57.24427481,14.36641221,-0.4244415,-0.388387632,-1.024389968,-3.389312977,-1.641221374,0.007633588,2.473282443,9.717557252,2.259541985,2.842945383,10.08881146,0.4771796,-0.530534351,3.977099237,0.965648855,1.68610361,3.176288944,0.690781876
1,0.300449916,-0.091517857,-0.932547433,0.061493687,0.005790718,0.00628845,-0.893116225,2.31262956,-1.233113388,-0.194665101,6.28568323,1.843772419,4.206298828,-1.28125,-13.05566406,-0.201904297,-0.159667969,-1.131103516,0.604003906,0.136474609,-0.831054688,0.061493687,0.005790718,0.00628845,0.363525391,-0.119018555,-0.915649414,0.247979206,0.076096769,0.079299747,-0.278080698,4.465648855,1.089422028,2.783132723,9.842128619,0.417309629,0.146198557,-0.21968441,0.086434412,-3.893129771,62.51908397,15.2519084,-0.318705294,-0.228749236,-0.663953748,-3.389312977,-1.641221374,0.007633588,2.473282443,9.717557252,2.259541985,2.783132723,9.842128619,0.417309629,-0.690839695,4.465648855,1.038167939,1.668272377,3.137216699,0.645995069
1,0.339704241,-0.100708008,-0.918073382,0.051781102,0.006717707,0.006205272,-1.336098742,1.991900513,-1.524646876,1.464828119,5.268554544,3.322091524,4.755859375,-1.409912109,-12.85302734,-0.201904297,-0.207275391,-1.131103516,0.604003906,0.136474609,-0.826660156,0.051781102,0.006717707,0.006205272,0.403686523,-0.126586914,-0.907958984,0.227554612,0.08196162,0.078773548,-0.52344602,4.503271538,1.080697928,2.52696153,9.702971086,0.432964856,0.457263242,-0.25305913,0.047091834,-7.328244275,63.04580153,15.12977099,0.294460345,-0.12285901,-0.699460488,-3.389312977,-1.641221374,0.007633588,2.473282443,9.717557252,2.259541985,2.52696153,9.702971086,0.432964856,-0.709923664,4.465648855,1.038167939,1.58964195,3.114959243,0.65800065
1,0.39390346,-0.125680106,-0.918840681,0.02968124,0.002691069,0.006119735,-1.250873885,0.190078359,-1.538395826,1.848226625,0.340541936,3.421260145,5.514648438,-1.759521484,-12.86376953,-0.040283203,-0.213134766,-1.131103516,0.604003906,-0.021484375,-0.826660156,0.02968124,0.002691069,0.006119735,0.4453125,-0.128417969,-0.907958984,0.172282442,0.051875513,0.078228733,-0.277535442,4.03653217,0.918211559,3.121161194,7.51096788,0.390029526,0.26905197,-0.39740099,-0.100750697,-3.885496183,56.51145038,12.85496183,-0.548279065,0.119521295,-1.159682004,-3.389312977,-1.641221374,-0.015267176,2.473282443,8.648854962,1.847328244,3.121161194,7.51096788,0.390029526,-0.690839695,3.977099237,0.965648855,1.766680841,2.740614508,0.624523439
1,0.44241769,-0.13054548,-0.922084263,0.017262953,0.002416679,0.005819182,-0.355110232,0.424205702,-1.562124766,-0.75498655,1.245530604,3.750645062,6.193847656,-1.827636719,-12.90917969,0.211181641,-0.213134766,-1.131103516,0.638916016,-0.021484375,-0.826660156,0.017262953,0.002416679,0.005819182,0.453857422,-0.132568359,-0.907958984,0.131388556,0.049159728,0.076283562,-0.433478735,4.528353326,0.893129771,2.668440324,4.882915901,0.448028401,0.404547423,-0.013996099,-0.325761673,-6.06870229,63.39694656,12.50381679,0.252776647,-0.253240344,-0.763002352,-3.389312977,0.381679389,-0.34351145,2.473282443,8.648854962,1.847328244,2.668440324,4.882915901,0.448028401,-0.690839695,4.465648855,0.965648855,1.633536141,2.209732088,0.669349237
1,0.445452009,-0.128679548,-0.936017718,0.015880619,0.002729081,0.010589705,-0.233884076,0.536504229,-1.639000028,-0.94057252,0.8898238,2.299424846,6.236328125,-1.801513672,-13.10424805,0.239257813,-0.213134766,-1.185546875,0.638916016,-0.021484375,-0.826660156,0.015880619,0.002729081,0.010589705,0.453857422,-0.132568359,-0.907958984,0.126018327,0.052240606,0.102906291,-0.469465649,4.432388222,0.800436205,2.706815095,4.980627874,0.467731907,0.46388218,0.123296105,-0.004149592,-6.572519084,62.05343511,11.20610687,0.193946928,-0.371392231,-1.009685954,-3.389312977,0.381679389,-0.34351145,2.473282443,8.648854962,1.847328244,2.706815095,4.980627874,0.467731907,-0.70610687,3.977099237,0.881679389,1.645240133,2.231732035,0.683909283
1,0.442853655,-0.135934012,-0.940761021,0.015996415,0.003686842,0.010857478,-0.162308529,0.142133342,-1.438016074,-1.003381692,0.320487108,1.638569157,6.199951172,-1.903076172,-13.1706543,0.239257813,-0.244384766,-1.185546875,0.638916016,-0.021484375,-0.826660156,0.015996415,0.003686842,0.010857478,0.453857422,-0.132568359,-0.907958984,0.126476933,0.060719374,0.104199221,-0.824427481,4.250817884,0.647764449,4.928922019,3.793223966,0.449802165,-0.660962416,-0.340765518,0.080026926,-11.54198473,59.51145038,9.06870229,1.397862359,-0.737089809,-1.05047897,-6.038167939,0.381679389,-0.34351145,2.473282443,6.72519084,1.770992366,4.928922019,3.793223966,0.449802165,-0.70610687,3.977099237,0.660305344,2.220117569,1.947620077,0.670672919
1,0.438284738,-0.130249023,-0.940168108,0.015392351,0.004007135,0.010889947,-0.077572831,-0.074160083,-1.450163257,-0.840097389,-0.188332963,1.651174894,6.135986328,-1.823486328,-13.16235352,0.239257813,-0.244384766,-1.185546875,0.638916016,-0.021484375,-0.826660156,0.015392351,0.004007135,0.010889947,0.453857422,-0.128417969,-0.907348633,0.124065914,0.063301939,0.104354909,-1.016357688,4.035986914,0.6782988,5.387841458,3.566408884,0.48702431,-0.40717788,-0.082027548,0.037345436,-14.22900763,56.50381679,9.496183206,0.472581063,-0.611143827,-1.29123663,-6.038167939,0.381679389,-0.34351145,2.473282443,6.72519084,1.770992366,5.387841458,3.566408884,0.48702431,-0.961832061,3.519083969,0.660305344,2.321172432,1.888493814,0.69787127
1,0.409964425,-0.124651228,-0.915736607,0.020012059,0.004476737,0.009199178,-0.140232627,-0.19753626,-1.721178416,-0.539878793,-0.629209217,4.452345645,5.739501953,-1.745117188,-12.8203125,0.150146484,-0.244384766,-1.185546875,0.638916016,-0.021484375,-0.7890625,0.020012059,0.004476737,0.009199178,0.427124023,-0.127319336,-0.901977539,0.141463986,0.066908424,0.095912344,-0.989640131,3.962377317,0.460196292,5.414590392,3.313940503,0.639683258,-0.442432017,-0.065335558,-0.546388474,-13.85496183,55.47328244,6.442748092,0.457305482,-0.322199436,0.098978283,-6.038167939,0.381679389,-1.282442748,2.473282443,6.72519084,1.557251908,5.414590392,3.313940503,0.639683258,-0.786259542,3.519083969,0.465648855,2.326927242,1.820423166,0.799802012
1,0.40473284,-0.119698661,-0.900652204,0.019845625,0.004673173,0.013343366,-0.016153403,-0.390343925,-0.63476988,-0.502365724,-0.736242774,2.695892903,5.666259766,-1.67578125,-12.60913086,0.150146484,-0.244384766,-1.185546875,0.638916016,-0.021484375,-0.675048828,0.019845625,0.004673173,0.013343366,0.395385742,-0.119018555,-0.901977539,0.1408745,0.068360611,0.115513488,-1.193565976,3.738822246,0.672300981,5.72640654,4.638730741,1.477764558,-0.18282422,-0.434995083,1.229965947,-16.70992366,52.34351145,9.41221374,-0.059122256,-0.224041804,3.146272255,-6.038167939,-0.465648855,-1.282442748,2.473282443,6.72519084,3.885496183,5.72640654,4.638730741,1.477764558,-1.251908397,3.519083969,0.465648855,2.392991128,2.153771283,1.215633398
1,0.422607422,-0.116716657,-0.919154576,0.022816777,0.004760481,0.017357055,-0.182385748,-0.518268959,-0.472174218,-0.864050513,-0.735713139,0.807732115,5.916503906,-1.634033203,-12.86816406,0.150146484,-0.244384766,-1.185546875,0.638916016,-0.021484375,-0.675048828,0.022816777,0.004760481,0.017357055,0.427124023,-0.107421875,-0.907348633,0.151052233,0.068996236,0.131746175,-0.6695747,4.393129771,0.715921483,7.092229954,8.224935341,1.587545809,-0.135280099,0.595730477,1.102405094,-9.374045802,61.50381679,10.02290076,0.039435269,1.629977365,2.206909593,-6.038167939,-0.465648855,-1.282442748,3.946564885,11.19083969,3.885496183,7.092229954,8.224935341,1.587545809,-0.77480916,3.977099237,0.465648855,2.663124097,2.867914807,1.259978495
1,0.420445033,-0.126674107,-0.923950195,0.02342235,0.004106163,0.017606256,-0.165157576,-0.422346686,-0.343978867,-0.968943252,-0.826064655,0.601933073,5.886230469,-1.7734375,-12.93530273,0.150146484,-0.244384766,-1.185546875,0.638916016,-0.038818359,-0.675048828,0.02342235,0.004106163,0.017606256,0.427124023,-0.120849609,-0.907348633,0.153043621,0.064079347,0.132688568,-0.655943293,4.386586696,0.812977099,7.153038995,8.282067184,1.668700945,-0.139792679,0.580500756,0.817954161,-9.183206107,61.41221374,11.38167939,-0.006204109,1.605574438,1.311861309,-6.038167939,-0.465648855,-1.282442748,3.946564885,11.19083969,3.885496183,7.153038995,8.282067184,1.668700945,-0.77480916,3.977099237,0.652671756,2.674516591,2.87785809,1.291782081
1,0.421909877,-0.136474609,-0.933454241,0.023542403,0.005503132,0.016969238,-0.194958698,-0.406050649,-0.142860782,-0.987746556,-1.0837867,0.803504562,5.906738281,-1.910644531,-13.06835938,0.150146484,-0.266357422,-1.185546875,0.638916016,-0.038818359,-0.675048828,0.023542403,0.005503132,0.016969238,0.43737793,-0.124267578,-0.930908203,0.153435338,0.074183096,0.130266028,-0.242093784,4.664122137,0.751908397,12.34013105,8.951379021,1.653137929,0.931349151,0.301954626,0.988474095,-3.389312977,65.29770992,10.52671756,1.734027062,0.746543023,1.641320947,-6.038167939,-0.465648855,-1.282442748,8.267175573,11.19083969,3.885496183,12.34013105,8.951379021,1.653137929,-0.77480916,4.664122137,0.465648855,3.512852268,2.991885529,1.285744115
1,0.401855469,-0.129063198,-0.922154018,0.021307523,0.005901902,0.018331682,0.055754576,-0.598405424,-0.319110656,-0.767651767,-1.070866988,0.360297357,5.625976563,-1.806884766,-12.91015625,0.150146484,-0.266357422,-1.185546875,0.638916016,-0.038818359,-0.675048828,0.021307523,0.005901902,0.018331682,0.395385742,-0.107421875,-0.907348633,0.145970968,0.076823835,0.135394543,-0.558887677,4.685387132,0.772628135,15.08524408,9.052109914,1.663406549,0.585468772,0.286585154,0.925461918,-7.824427481,65.59541985,10.81679389,0.980287459,0.652770481,1.491256429,-6.641221374,-0.465648855,-1.282442748,8.267175573,11.19083969,3.885496183,15.08524408,9.052109914,1.663406549,-0.77480916,4.664122137,0.465648855,3.883972719,3.008672451,1.289731192
1,0.3871024,-0.125575474,-0.930803571,0.029521343,0.006273284,0.020324484,-0.478401545,-0.625723213,-0.213831878,-0.025246437,-1.157397352,-0.27273192,5.419433594,-1.758056641,-13.03125,0.032714844,-0.266357422,-1.185546875,0.638916016,-0.038818359,-0.675048828,0.029521343,0.006273284,0.020324484,0.395385742,-0.098144531,-0.907348633,0.171817762,0.079204068,0.142563966,-0.97655398,4.395310796,0.878407852,17.12771323,10.5009586,1.748378159,0.638647873,0.304337421,0.640977288,-13.67175573,61.53435115,12.29770992,0.508631885,0.023147416,0.718390113,-6.641221374,-0.465648855,-1.282442748,8.267175573,11.19083969,3.885496183,17.12771323,10.5009586,1.748378159,-1.251908397,4.20610687,0.767175573,4.138564151,3.240518261,1.322262515
1,0.376848493,-0.129098075,-0.938703265,0.031562573,0.006348171,0.020738844,-0.307929384,-0.46870557,-0.033403216,-0.530646792,-1.346853411,-0.438876872,5.275878906,-1.807373047,-13.1418457,0.032714844,-0.266357422,-1.185546875,0.638916016,-0.038818359,-0.675048828,0.031562573,0.006348171,0.020738844,0.395385742,-0.109863281,-0.9375,0.177658586,0.079675413,0.144009876,-1.470556161,4.430207197,0.83478735,20.89408101,10.68451818,1.757855308,0.496556815,0.282021234,0.747742101,-20.58778626,62.02290076,11.6870229,0.035120903,-0.094510729,0.794499055,-8.221374046,-0.465648855,-1.282442748,8.267175573,11.19083969,3.885496183,20.89408101,10.68451818,1.757855308,-1.416030534,4.20610687,0.461832061,4.571004376,3.268718125,1.325841359
1,0.341116769,-0.11882673,-0.960658482,0.041500057,0.00609567,0.022188974,-0.259970189,-0.818057704,0.249165752,-0.711132378,-0.776592986,-0.554216517,4.775634766,-1.663574219,-13.44921875,-0.020263672,-0.266357422,-1.185546875,0.638916016,-0.038818359,-0.675048828,0.041500057,0.00609567,0.022188974,0.354370117,-0.076416016,-0.971679688,0.203715627,0.078074772,0.148959639,-1.143402399,4.602508179,0.889312977,22.27761677,10.58071266,1.723852833,0.281569389,0.110456774,0.635188424,-16.00763359,64.4351145,12.45038168,-0.489850177,-0.082396412,0.811742382,-8.221374046,-0.465648855,-1.282442748,8.267175573,11.19083969,3.885496183,22.27761677,10.58071266,1.723852833,-0.77480916,5.160305344,0.713740458,4.71991703,3.25280074,1.312955762
1,0.302594866,-0.105364118,-0.985403878,0.044372849,0.005898464,0.026040106,-0.009011786,-1.148115684,0.356259194,-0.887075134,0.232922225,-0.595269115,4.236328125,-1.475097656,-13.7956543,-0.020263672,-0.266357422,-1.218505859,0.638916016,-0.024658203,-0.675048828,0.044372849,0.005898464,0.026040106,0.299804688,-0.068115234,-0.988525391,0.21064864,0.076801457,0.161369472,-1.041439477,4.462922574,0.964558342,23.21073018,11.28019801,1.656516405,0.25480379,0.161725303,0.500733017,-14.58015267,62.48091603,13.50381679,-0.681604609,-0.393244536,0.975522397,-8.221374046,-0.465648855,-1.282442748,8.267175573,11.19083969,3.885496183,23.21073018,11.28019801,1.656516405,-0.77480916,5.160305344,0.996183206,4.817751569,3.358600603,1.287057266
1,0.267717634,-0.101335798,-0.992204939,0.036138238,0.005859957,0.025438781,0.094840153,-1.334644843,0.504577564,-0.764831397,0.641720863,-0.350006731,3.748046875,-1.418701172,-13.89086914,-0.020263672,-0.266357422,-1.218505859,0.615966797,-0.024658203,-0.675048828,0.036138238,0.005859957,0.025438781,0.265014648,-0.068115234,-0.996582031,0.190100601,0.076550356,0.159495394,-1.170665213,4.384405671,1.051254089,23.18227472,11.23436959,1.517487582,0.348038444,0.243507837,0.431750163,-16.38931298,61.38167939,14.71755725,-0.629820243,-0.339534817,1.529847983,-8.221374046,-0.465648855,-1.282442748,8.267175573,11.19083969,3.885496183,23.18227472,11.23436959,1.517487582,-1.553435115,4.610687023,0.996183206,4.814797475,3.351771112,1.231863459
1,0.274117606,-0.106427874,-0.977783203,0.036517924,0.005537303,0.022344965,-0.018319979,-1.266438812,0.468318132,-0.832841153,0.60095412,0.00565998,3.837646484,-1.489990234,-13.68896484,-0.020263672,-0.266357422,-1.218505859,0.615966797,-0.024658203,-0.675048828,0.036517924,0.005537303,0.022344965,0.299804688,-0.07434082,-0.989501953,0.191096636,0.074413058,0.149482324,-1.059432933,4.645583424,1.125954198,23.34882922,11.59952768,1.442436562,0.266582902,0.006045863,0.29262887,-14.83206107,65.03816794,15.76335878,-0.712771171,-0.574261138,1.918735811,-8.221374046,-0.465648855,-1.282442748,8.267175573,11.19083969,3.885496183,23.34882922,11.59952768,1.442436562,-1.129770992,5.259541985,1.08778626,4.832062626,3.405807933,1.201014805
1,0.279854911,-0.101213728,-0.979282924,0.038599486,0.004368605,0.02244112,-0.033871461,-1.353110258,0.498724253,-1.011291325,1.609704196,-0.000306912,3.91796875,-1.416992188,-13.70996094,-0.020263672,-0.266357422,-1.218505859,0.615966797,-0.024658203,-0.675048828,0.038599486,0.004368605,0.02244112,0.299804688,-0.07434082,-0.989501953,0.196467519,0.066095425,0.149803605,-0.60523446,4.610141767,1.178844057,21.36641157,11.50556462,1.320289873,0.073956222,0.037583453,0.322661467,-8.473282443,64.54198473,16.50381679,-0.401069597,-0.52300092,2.664858253,-8.221374046,-0.465648855,-1.282442748,8.267175573,11.19083969,3.885496183,21.36641157,11.50556462,1.320289873,-0.015267176,5.259541985,1.08778626,4.622381591,3.391985351,1.149038673
1,0.288870675,-0.108398438,-0.971470424,0.043429239,0.004563983,0.024446477,0.065851351,-0.990577488,0.38798346,-1.074099782,0.577270721,-0.534122215,4.044189453,-1.517578125,-13.60058594,-0.020263672,-0.266357422,-1.218505859,0.615966797,-0.024658203,-0.675048828,0.043429239,0.004563983,0.024446477,0.299804688,-0.081665039,-0.989501953,0.20839683,0.067557255,0.156353692,-0.514176663,4.602508179,1.307524537,20.93946119,11.53072005,1.625254298,0.023330333,0.043599151,0.262519068,-7.198473282,64.4351145,18.30534351,-0.28069019,-0.53555397,1.053377656,-8.221374046,-0.465648855,-1.282442748,8.267175573,11.19083969,3.885496183,20.93946119,11.53072005,1.625254298,-0.015267176,5.259541985,1.08778626,4.575965601,3.395691395,1.274854618
1,0.313459124,-0.112548828,-0.980102539,0.044546728,0.004276991,0.022098291,-0.238010505,-0.93566403,0.495492168,-1.102625002,0.746215633,0.056879399,4.388427734,-1.575683594,-13.72143555,-0.020263672,-0.266357422,-1.218505859,0.615966797,-0.024658203,-0.675048828,0.044546728,0.004276991,0.022098291,0.333251953,-0.095581055,-0.989501953,0.211060957,0.065398707,0.148654941,-0.473827699,4.562159215,1.605779716,20.97642207,11.51233438,1.206856397,-0.007210264,0.085081202,0.880715928,-6.633587786,63.87022901,22.48091603,-0.293541985,-0.52086559,-0.231530481,-8.221374046,-0.465648855,0.450381679,8.267175573,11.19083969,3.885496183,20.97642207,11.51233438,1.206856397,0.267175573,4.977099237,1.141221374,4.580002409,3.39298311,1.09857016
1,0.319196429,-0.121634347,-1.008806501,0.045897765,0.004582242,0.01477352,-0.292465294,-0.564585652,0.285469513,-1.195844209,-0.164607072,-0.096163096,4.46875,-1.702880859,-14.12329102,-0.020263672,-0.266357422,-1.218505859,0.615966797,-0.024658203,-0.792724609,0.045897765,0.004582242,0.01477352,0.333251953,-0.108764648,-1.004882813,0.214237638,0.067692257,0.121546369,-0.632497274,4.956924755,1.405670665,22.27046888,9.419126617,0.784900083,0.023750706,0.057049134,0.936810394,-8.854961832,69.39694656,19.67938931,-0.563125152,0.038936118,0.004469937,-8.221374046,0.190839695,0.450381679,8.267175573,11.19083969,3.244274809,22.27046888,9.419126617,0.784900083,0.267175573,5.251908397,1.110687023,4.719159764,3.069059566,0.885945869
1,0.320155552,-0.138026646,-1.009765625,0.046523714,0.007006238,0.015057701,-0.268960013,-0.688417055,0.267470002,-1.175280854,-0.017840154,-0.148916044,4.482177734,-1.932373047,-14.13671875,-0.020263672,-0.313232422,-1.218505859,0.629394531,-0.024658203,-0.792724609,0.046523714,0.007006238,0.015057701,0.333251953,-0.135498047,-1.004882813,0.215693565,0.083703274,0.122709826,-0.895856052,4.795528899,1.424209378,20.64407765,7.616762324,0.820148676,0.1385431,-0.482865892,0.880802029,-12.54198473,67.13740458,19.9389313,-0.14066851,-0.753714692,-0.284403305,-8.221374046,0.190839695,0.450381679,8.267175573,8.93129771,3.244274809,20.64407765,7.616762324,0.820148676,0.236641221,5.251908397,1.110687023,4.543575425,2.759848243,0.905620603
1,0.327305385,-0.135306222,-0.994175502,0.046565071,0.006975891,0.01948517,-0.38226983,-0.804573554,0.29614342,-1.121048337,0.147757065,-0.701458863,4.582275391,-1.894287109,-13.91845703,-0.020263672,-0.313232422,-1.218505859,0.629394531,-0.024658203,-0.760986328,0.046565071,0.006975891,0.01948517,0.359863281,-0.116455078,-1.004882813,0.215789413,0.083521799,0.139589289,-0.850599782,4.79389313,1.310796074,20.90665968,7.632673369,0.900596868,0.114525373,-0.485249947,1.006261703,-11.90839695,67.11450382,18.35114504,-0.225733823,-0.750409813,-0.083857639,-8.221374046,0.190839695,0.244274809,8.267175573,8.93129771,3.244274809,20.90665968,7.632673369,0.900596868,0.236641221,5.251908397,1.061068702,4.572380089,2.762729333,0.948997823
1,0.333391462,-0.132516044,-0.988717215,0.048947359,0.006297315,0.020255714,-0.377402364,-0.796771489,0.181842483,-1.214283916,0.505414121,-0.949754568,4.667480469,-1.855224609,-13.84204102,-0.020263672,-0.313232422,-1.218505859,0.629394531,-0.024658203,-0.760986328,0.048947359,0.006297315,0.020255714,0.359863281,-0.116455078,-1.004882813,0.221240501,0.079355623,0.14232257,-1.312977099,4.26608506,1.345147219,14.81946094,8.356666118,0.855151695,-0.548840684,-0.218427393,1.018975324,-18.38167939,59.72519084,18.83206107,-0.967412027,-1.125624071,0.026807135,-8.221374046,0.190839695,0.244274809,3.870229008,8.93129771,3.244274809,14.81946094,8.356666118,0.855151695,0.236641221,4.786259542,1.061068702,3.849605297,2.890789878,0.924744124
2,0.247131348,-0.107543945,-0.984375,0.008629019,0.001963953,0.005344113,0.03702717,-0.234729837,-1.675461222,-5.683039838,-4.485168553,2.768586992,0.988525391,-0.430175781,-3.9375,0.162353516,-0.156982422,-1.090820313,0.337890625,-0.067138672,-0.931396484,0.008629019,0.001963953,0.005344113,0.244140625,-0.103027344,-0.957641602,0.092892513,0.044316511,0.073103438,-1.057251908,3.458015267,3.604961832,0.154012004,2.240234641,3.286963658,1.509071416,-0.224264755,-0.986576012,-4.229007634,13.83206107,14.41984733,1.942006305,-3.260226712,1.880258056,-1.328244275,1.732824427,1.122137405,-0.496183206,4.992366412,5.458015267,0.154012004,2.240234641,3.286963658,-1.202290076,3.553435115,3.919847328,0.392443632,1.496741341,1.812998527
2,0.249023438,-0.119921875,-0.972753906,0.006489664,0.002239031,0.004683334,-0.081305904,0.292419716,-1.880648964,-2.81079942,-2.905094386,3.555325542,1.245117188,-0.599609375,-4.863769531,0.162353516,-0.169433594,-1.090820313,0.337890625,-0.067138672,-0.926269531,0.006489664,0.002239031,0.004683334,0.256591797,-0.1328125,-0.942382813,0.080558453,0.047318396,0.068434886,0.563358779,3.572519084,3.091603053,13.247404,1.745731601,3.782908921,2.188656549,-0.604527256,-0.099087367,2.816793893,17.86259542,15.45801527,4.820610356,-1.229474901,-2.288085606,-1.328244275,1.732824427,1.038167939,7.045801527,4.992366412,5.458015267,13.247404,1.745731601,3.782908921,-1.076335878,4.030534351,3.740458015,3.639698339,1.321261367,1.94497016
2,0.230061849,-0.108846029,-0.95707194,0.007348982,0.002527271,0.005222211,0.265018113,-0.142120845,-1.482698951,-2.302813672,-2.61004544,2.971071657,1.380371094,-0.653076172,-5.742431641,0.135253906,-0.169433594,-1.090820313,0.337890625,-0.053466797,-0.878662109,0.007348982,0.002527271,0.005222211,0.214233398,-0.103027344,-0.936889648,0.085726207,0.050271967,0.072264869,-0.152671756,4.236641221,2.732824427,13.67412155,4.042934561,3.798659752,1.916611649,0.660250517,0.364485643,-0.916030534,25.41984733,16.39694656,4.434311135,0.877552109,-2.126295373,-3.732824427,1.732824427,0.938931298,7.045801527,7.557251908,5.458015267,13.67412155,4.042934561,3.798659752,-1.202290076,4.20610687,2.43129771,3.697853642,2.010704991,1.949015072
2,0.227539063,-0.119315011,-0.976074219,0.006168703,0.002873256,0.006879449,0.400336895,0.145028035,-0.743245331,-1.578508488,-2.311270703,-1.023831281,1.592773438,-0.835205078,-6.832519531,0.135253906,-0.182128906,-1.090820313,0.337890625,-0.053466797,-0.878662109,0.006168703,0.002873256,0.006879449,0.212402344,-0.1328125,-0.942382813,0.078541093,0.053602762,0.082942443,-0.107960742,4.741548528,1.79389313,11.40909482,5.153631851,9.336693666,1.900555775,0.285231817,-0.910566158,-0.755725191,33.19083969,12.55725191,4.627623053,-1.080584711,1.190835593,-3.732824427,1.732824427,-3.839694656,7.045801527,7.770992366,5.458015267,11.40909482,5.153631851,9.336693666,-1.076335878,4.381679389,1.122137405,3.377735161,2.270161195,3.055600377
2,0.20300293,-0.187042236,-1.006500244,0.010103634,0.039158607,0.013302615,-0.263976683,-2.477382005,-0.932825332,-0.199236536,6.552496912,-0.02618825,1.624023438,-1.496337891,-8.052001953,0.03125,-0.661132813,-1.219482422,0.337890625,-0.053466797,-0.878662109,0.010103634,0.039158607,0.013302615,0.192138672,-0.144897461,-0.957641602,0.100516837,0.197885338,0.115336961,0.809160305,3.96851145,-2.584923664,16.50811225,9.198089314,161.3951724,1.092600385,-0.472528825,-2.562661604,6.473282443,31.7480916,-20.67938931,-0.251854606,0.209531598,6.8277752,-3.732824427,-1.442748092,-33.23664122,7.229007634,7.770992366,5.458015267,16.50811225,9.198089314,161.3951724,-0.786259542,4.20610687,1.080152672,4.063017628,3.032835194,12.70413997
2,0.163574219,-0.215413411,-1.000596788,0.022832289,0.041508093,0.011953445,-1.114981668,-1.690702935,-1.114069953,1.469005864,2.232662285,0.522742886,1.472167969,-1.938720703,-9.005371094,-0.151855469,-0.661132813,-1.219482422,0.337890625,-0.053466797,-0.878662109,0.022832289,0.041508093,0.011953445,0.171875,-0.156982422,-0.953369141,0.151103572,0.203735352,0.109331811,0.317217981,3.400339271,-6.678541137,16.62266347,10.95370478,292.0401119,1.174499573,-0.230074635,-1.554920185,2.854961832,30.60305344,-60.10687023,0.139632424,-0.874566082,0.784587885,-3.732824427,-1.442748092,-39.42748092,7.229007634,7.770992366,5.458015267,16.62266347,10.95370478,292.0401119,-1.076335878,4.030534351,1.038167939,4.077090074,3.309638165,17.08918114
2,0.157519531,-0.20925293,-0.995141602,0.020661961,0.037275598,0.010922875,-0.971622444,-1.83207922,-1.278381308,1.399532868,2.892994458,1.035226412,1.575195313,-2.092529297,-9.951416016,-0.151855469,-0.661132813,-1.219482422,0.337890625,-0.053466797,-0.878662109,0.020661961,0.037275598,0.010922875,0.167114258,-0.155395508,-0.949707031,0.143742689,0.193068896,0.104512559,0.023664122,3.222900763,-7.845038168,15.63743954,10.05147071,273.1983639,1.334548334,-0.040420817,-1.268820958,0.236641221,32.22900763,-78.45038168,0.622282342,-0.791732243,0.080131365,-3.732824427,-1.442748092,-39.42748092,7.229007634,7.770992366,5.458015267,15.63743954,10.05147071,273.1983639,-1.202290076,3.377862595,0.988549618,3.954420254,3.170405449,16.52871332
2,0.155939276,-0.189519709,-0.987060547,0.018623234,0.037831439,0.010548925,-0.956996965,-1.780352662,-1.395233953,1.69923957,2.985934194,1.367026137,1.715332031,-2.084716797,-10.85766602,-0.151855469,-0.661132813,-1.219482422,0.337890625,0.0078125,-0.878662109,0.018623234,0.037831439,0.010548925,0.162353516,-0.153808594,-0.946044922,0.13646697,0.194503056,0.102707962,0.19500347,3.14018043,-7.260235947,14.39662448,9.121592829,249.6404575,1.178737189,0.055965866,-1.40581802,2.145038168,34.54198473,-79.86259542,0.419775006,-0.545732634,0.581507878,-3.732824427,-1.442748092,-39.42748092,7.229007634,7.770992366,5.458015267,14.39662448,9.121592829,249.6404575,-1.076335878,2.72519084,0.938931298,3.794288403,3.020197482,15.80001448
2,0.14835612,-0.173746745,-0.983398438,0.017620264,0.037377654,0.009750865,-0.757381556,-1.810150301,-1.525267265,1.34959415,3.193250028,1.852006867,1.780273438,-2.084960938,-11.80078125,-0.151855469,-0.661132813,-1.219482422,0.337890625,0.0078125,-0.878662109,0.017620264,0.037377654,0.009750865,0.151245117,-0.143310547,-0.944580078,0.132741341,0.193333012,0.098746467,0.090330789,3.141221374,-6.449109415,13.21931688,8.29237012,234.8409855,1.294903468,0.056328802,-1.538030378,1.083969466,37.69465649,-77.38931298,0.851171417,-0.267692754,1.045173083,-3.732824427,-1.442748092,-39.42748092,7.229007634,7.770992366,5.458015267,13.21931688,8.29237012,234.8409855,-1.06870229,2.938931298,0.988549618,3.635837851,2.879647569,15.32452236
2,0.152569111,-0.165771484,-0.984975962,0.016382649,0.035089711,0.008970644,-0.871701815,-1.930917463,-1.50241391,1.675846821,3.702765066,2.01455489,1.983398438,-2.155029297,-12.8046875,-0.151855469,-0.661132813,-1.219482422,0.337890625,0.0078125,-0.878662109,0.016382649,0.035089711,0.008970644,0.162353516,-0.1328125,-0.946044922,0.127994723,0.18732248,0.094713485,0.007633588,3.269524369,-5.874339401,12.20661189,7.815340837,219.5655907,1.398532545,-0.086346412,-1.660862693,0.099236641,42.50381679,-76.36641221,1.266299703,-0.199086978,1.510979589,-3.732824427,-1.442748092,-39.42748092,7.229007634,7.770992366,5.458015267,12.20661189,7.815340837,219.5655907,-1.061068702,3.152671756,1.022900763,3.493796201,2.79559311,14.8177458
2,0.164498465,-0.161621094,-0.980834961,0.017114778,0.032631663,0.008520665,-0.87730141,-2.039486957,-1.613828127,1.39779944,4.241867847,2.399355399,2.302978516,-2.262695313,-13.73168945,-0.151855469,-0.661132813,-1.219482422,0.337890625,0.0078125,-0.878662109,0.017114778,0.032631663,0.008520665,0.167114258,-0.120239258,-0.944580078,0.130823463,0.180642363,0.092307449,-0.292257361,3.344056707,-5.106870229,12.52672588,7.291931744,210.9220549,1.373386896,-0.178756097,-1.756227711,-4.091603053,46.81679389,-71.49618321,1.344627812,-0.017411443,1.905866837,-4.190839695,-1.442748092,-39.42748092,7.229007634,7.770992366,5.458015267,12.52672588,7.291931744,210.9220549,-1.06870229,3.591603053,1.030534351,3.539311498,2.700357707,14.52315582
2,0.18043736,-0.168666295,-0.981898717,0.02059782,0.031892849,0.008518328,-0.727212378,-1.985903316,-1.574246248,0.786477559,4.168911443,2.302541379,2.526123047,-2.361328125,-13.74658203,-0.151855469,-0.661132813,-1.219482422,0.385498047,0.0078125,-0.878662109,0.02059782,0.031892849,0.008518328,0.1875,-0.143310547,-0.944580078,0.143519406,0.17858569,0.092294787,-0.478189749,3.232824427,-4.775899673,13.42559925,7.216557669,216.8960443,1.329677999,-0.042374056,-1.73362182,-6.694656489,45.25954198,-66.86259542,1.135236322,0.034382087,1.83364816,-4.190839695,-1.442748092,-39.42748092,7.229007634,7.770992366,5.755725191,13.42559925,7.216557669,216.8960443,-1.06870229,2.988549618,1.030534351,3.664095967,2.686365141,14.72739095
2,0.17867606,-0.163295201,-0.996686663,0.020125443,0.032711505,0.00997135,-0.745172327,-1.995719833,-1.077879856,0.897430881,4.10506968,0.292572509,2.501464844,-2.286132813,-13.95361328,-0.151855469,-0.661132813,-1.219482422,0.385498047,0.0078125,-0.878662109,0.020125443,0.032711505,0.00997135,0.1875,-0.130737305,-0.949707031,0.14186417,0.180863221,0.099856648,-0.604689204,3.454198473,-5.013631407,13.65453133,7.660605667,212.4471245,1.406062055,-0.245097693,-1.75279025,-8.465648855,48.35877863,-70.19083969,1.227859908,-0.262135377,1.891749553,-4.190839695,-1.442748092,-39.42748092,7.229007634,7.770992366,5.755725191,13.65453133,7.660605667,212.4471245,-1.202290076,3.591603053,1.030534351,3.695203827,2.767779917,14.57556601
2,0.186924526,-0.166887556,-1.000104632,0.020957136,0.0321954,0.009735132,-0.862934188,-1.984185422,-1.010987198,0.804858103,4.133887628,0.281885582,2.616943359,-2.336425781,-14.00146484,-0.151855469,-0.661132813,-1.219482422,0.385498047,0.0078125,-0.878662109,0.020957136,0.0321954,0.009735132,0.207763672,-0.138671875,-0.970581055,0.144765798,0.179430768,0.098666774,-0.194111232,3.625408942,-5.218102508,15.37471561,7.43621238,209.0191419,0.998284697,-0.452394494,-1.761805401,-2.717557252,50.75572519,-73.05343511,-0.188127954,0.055411529,1.928463252,-4.190839695,-1.442748092,-39.42748092,7.229007634,7.770992366,5.755725191,15.37471561,7.43621238,209.0191419,-1.06870229,4.080152672,1.030534351,3.921060521,2.726941947,14.45749432
2,0.173758371,-0.155221122,-0.992553711,0.019102926,0.034349773,0.009058006,-0.775290216,-1.947830679,-1.32669031,1.087130397,3.889264959,1.33436415,2.432617188,-2.173095703,-13.89575195,-0.151855469,-0.661132813,-1.219482422,0.385498047,0.0078125,-0.878662109,0.019102926,0.034349773,0.009058006,0.178344727,-0.115600586,-0.969238281,0.138213334,0.185336918,0.095173555,0.09214831,3.857688113,-5.308069793,15.9779954,8.875443041,207.3965082,0.735035778,-0.294651711,-1.76854733,1.290076336,54.00763359,-74.3129771,-0.749429023,-0.336911368,1.950127799,-4.190839695,-1.442748092,-39.42748092,7.229007634,8.244274809,5.755725191,15.9779954,8.875443041,207.3965082,-1.022900763,4.080152672,1.030534351,3.997248479,2.979168179,14.40126759
2,0.174822126,-0.152430943,-0.987601144,0.019308553,0.034373353,0.010108454,-0.777525225,-1.99824761,-1.103366735,1.029119996,4.04056831,0.969976524,2.447509766,-2.134033203,-13.82641602,-0.151855469,-0.661132813,-1.219482422,0.385498047,0.0078125,-0.856933594,0.019308553,0.034373353,0.010108454,0.178344727,-0.115600586,-0.969238281,0.138955219,0.185400521,0.100540809,-0.218102508,3.90785169,-5.416030534,12.6789161,8.92934753,206.0839896,0.712609248,-0.348511939,-1.763472592,-3.053435115,54.70992366,-75.82442748,-0.409735656,-0.348968586,1.948149134,-4.190839695,-1.442748092,-39.42748092,7.229007634,8.244274809,5.755725191,12.6789161,8.92934753,206.0839896,-1.022900763,4.221374046,0.980916031,3.560746564,2.988201387,14.35562571
2,0.158970424,-0.185791016,-0.997785296,0.024177367,0.042843058,0.009170903,-0.622132095,-1.381133015,-1.039097231,-0.201826216,0.986469273,1.089912866,2.225585938,-2.601074219,-13.96899414,-0.151855469,-0.661132813,-1.219482422,0.385498047,0.0078125,-0.856933594,0.024177367,0.042843058,0.009170903,0.178344727,-0.126953125,-0.986450195,0.155490728,0.206985646,0.095764833,0.268811341,3.288985823,-7.324972737,12.3120867,9.426838647,230.9719777,0.42063892,-0.14724512,-1.266811295,3.763358779,46.04580153,-102.5496183,-0.732279697,-0.633723464,0.140062227,-4.190839695,-1.442748092,-39.42748092,7.229007634,8.244274809,5.755725191,12.3120867,9.426838647,230.9719777,-0.41221374,3.641221374,0.27480916,3.508858318,3.070315724,15.19776226
2,0.135986328,-0.213117327,-0.978271484,0.028928023,0.0530817,0.010622492,-0.354522509,-0.983445226,-0.95509921,-0.978023147,-0.571799171,1.558849952,1.903808594,-2.983642578,-13.69580078,-0.151855469,-0.661132813,-1.219482422,0.385498047,0.0078125,-0.816894531,0.028928023,0.0530817,0.010622492,0.146850586,-0.126953125,-0.969238281,0.170082401,0.230394662,0.103065475,0.176663032,2.684841876,-10.00381679,12.45250059,8.704562031,311.3294344,0.499378271,0.027259598,-0.917583157,2.473282443,37.58778626,-140.0534351,-0.734351279,-0.70034468,-0.939853616,-4.190839695,-1.442748092,-41.34351145,7.229007634,8.244274809,5.755725191,12.45250059,8.704562031,311.3294344,-1.022900763,2.988549618,0.27480916,3.528810081,2.950349476,17.64452987
2,0.144670759,-0.199567522,-0.951119559,0.028024808,0.04257709,0.006837397,-0.531472572,-0.856683634,-0.390014272,-0.684564608,-0.913162808,0.954845107,2.025390625,-2.793945313,-13.31567383,-0.151855469,-0.564697266,-1.138427734,0.385498047,0.0078125,-0.816894531,0.028024808,0.04257709,0.006837397,0.153198242,-0.126953125,-0.949707031,0.167406118,0.206342167,0.082688555,-0.06434024,2.805343511,-9.787350055,9.604897637,7.836568158,301.1534639,0.102523774,0.109359446,-0.934387662,-0.900763359,39.27480916,-137.0229008,-1.672069954,-0.517187037,-0.846762147,-4.190839695,-1.145038168,-41.34351145,4.419847328,8.244274809,5.755725191,9.604897637,7.836568158,301.1534639,-1.022900763,2.988549618,0.27480916,3.099176929,2.799387104,17.35377376
2,0.167602539,-0.179007394,-0.948015485,0.020741057,0.037742479,0.006957251,-0.613332817,-1.222009973,-0.499472408,0.011889566,0.184937789,0.886487912,2.346435547,-2.506103516,-13.2722168,-0.109375,-0.564697266,-1.138427734,0.385498047,0.0078125,-0.816894531,0.020741057,0.037742479,0.006957251,0.161376953,-0.126953125,-0.944580078,0.144017558,0.194274236,0.083410137,0.169029444,3.139585605,-7.143947655,8.580976159,6.556713376,230.2239771,0.00212546,0.014835321,-1.335060413,2.366412214,43.95419847,-100.0152672,-1.450309877,0.040877359,0.484485445,-4.190839695,-1.106870229,-41.34351145,4.419847328,8.244274809,5.755725191,8.580976159,6.556713376,230.2239771,-0.667938931,3.34351145,0.27480916,2.929330326,2.560608009,15.1731334
2,0.173915318,-0.171979632,-0.95476423,0.02042096,0.038815358,0.007566245,-0.773837158,-1.274636961,-0.27622674,0.296439882,0.220232856,0.138271939,2.434814453,-2.407714844,-13.36669922,-0.109375,-0.564697266,-1.138427734,0.385498047,0.0078125,-0.816894531,0.02042096,0.038815358,0.007566245,0.180297852,-0.115600586,-0.964111328,0.142901926,0.197016137,0.086984165,0.569792803,3.435114504,-5.736641221,8.423541816,6.815973607,224.0038975,-0.322306073,-0.275432469,-1.667139413,7.977099237,48.09160305,-80.3129771,-1.294504602,-0.090328466,1.472930916,-4.190839695,-1.106870229,-41.34351145,4.419847328,8.244274809,5.755725191,8.423541816,6.815973607,224.0038975,0.778625954,3.832061069,1.129770992,2.902333857,2.610741965,14.96675975
2,0.182163783,-0.179861886,-0.959123884,0.020773373,0.036632817,0.007376787,-0.93726665,-1.316105283,-0.125565015,0.430815295,0.313560839,0.273517343,2.550292969,-2.518066406,-13.42773438,-0.109375,-0.564697266,-1.138427734,0.385498047,0.006347656,-0.816894531,0.020773373,0.036632817,0.007376787,0.197265625,-0.115600586,-0.976196289,0.144129708,0.191397014,0.085888226,0.420392585,3.617775354,-5.580152672,8.30528492,6.841608336,225.8042969,-0.158189932,-0.496823781,-1.678514812,5.885496183,50.64885496,-78.1221374,-1.296996155,0.031217245,1.486327042,-4.190839695,-1.106870229,-41.34351145,4.419847328,8.244274809,5.755725191,8.30528492,6.841608336,225.8042969,-0.267175573,4.221374046,1.129770992,2.881889123,2.615646829,15.02678598
2,0.195608956,-0.185442243,-0.960972377,0.019909567,0.034909915,0.007360888,-1.270618256,-1.375507835,-0.051270556,1.332674839,0.407284265,0.280727114,2.738525391,-2.596191406,-13.45361328,-0.109375,-0.564697266,-1.138427734,0.385498047,0.006347656,-0.816894531,0.019909567,0.034909915,0.007360888,0.228149414,-0.115600586,-0.977050781,0.141101265,0.186841952,0.085795618,0.44002181,3.763358779,-5.673391494,8.248045498,6.99249192,224.308698,-0.178099722,-0.654350927,-1.679285289,6.160305344,52.6870229,-79.42748092,-1.260222886,0.048676612,1.495021847,-4.190839695,-1.106870229,-41.34351145,4.419847328,8.244274809,5.755725191,8.248045498,6.99249192,224.308698,-0.267175573,4.522900763,1.095419847,2.871941068,2.644332037,14.97693887
2,0.209280831,-0.188999721,-0.96081543,0.022747775,0.03420307,0.00734672,-1.152718218,-1.368821954,-0.056183173,0.983917594,0.420932128,0.295709076,2.929931641,-2.645996094,-13.45141602,-0.109375,-0.564697266,-1.138427734,0.39453125,0.006347656,-0.816894531,0.022747775,0.03420307,0.00734672,0.254394531,-0.121704102,-0.977050781,0.150823655,0.184940719,0.085713007,0.496183206,3.709923664,-5.563794984,8.119860327,6.912103921,226.0575442,-0.241116663,-0.600170882,-1.678554937,6.946564885,51.9389313,-77.89312977,-1.163226178,0.066151757,1.485187644,-4.190839695,-1.106870229,-41.34351145,4.419847328,8.244274809,5.755725191,8.119860327,6.912103921,226.0575442,-0.190839695,4.221374046,1.202290076,2.849536862,2.62908804,15.03521015
2,0.204345703,-0.18964495,-0.96887207,0.021916325,0.034095867,0.007668695,-1.137391721,-1.365334616,0.199297617,1.102544214,0.419904237,0.052987072,2.860839844,-2.655029297,-13.56420898,-0.109375,-0.564697266,-1.138427734,0.39453125,0.006347656,-0.816894531,0.021916325,0.034095867,0.007668695,0.251831055,-0.121704102,-0.986450195,0.148041634,0.184650661,0.087571083,0.6608506,3.830970556,-5.552344602,6.837137107,7.274462732,226.3167074,-0.083733085,-0.658600396,-1.676935095,9.251908397,53.63358779,-77.73282443,-1.252540235,-0.107249595,1.481733788,-3.93129771,-1.106870229,-41.34351145,4.419847328,8.244274809,5.755725191,6.837137107,7.274462732,226.3167074,-0.190839695,4.43129771,1.202290076,2.614791982,2.697121193,15.04382622
2,0.205147879,-0.187552316,-0.972359794,0.022238323,0.034264777,0.007981128,-1.099792788,-1.392886169,0.286137978,1.064902982,0.463469312,-0.15930244,2.872070313,-2.625732422,-13.61303711,-0.109375,-0.564697266,-1.138427734,0.396728516,0.006347656,-0.816894531,0.022238323,0.034264777,0.007981128,0.251831055,-0.121704102,-0.987670898,0.149125191,0.185107474,0.089337158,0.588331516,3.974372955,-5.747001091,7.628033728,7.251474561,222.1061607,-0.317680591,-0.839012028,-1.701189983,8.236641221,55.64122137,-80.45801527,-0.669460769,0.133033677,1.535524083,-4.946564885,-1.106870229,-41.34351145,4.419847328,8.244274809,5.030534351,7.628033728,7.251474561,222.1061607,-0.190839695,4.782442748,1.202290076,2.761889521,2.692856209,14.90322652
2,0.205147879,-0.192975725,-0.957990374,0.022238323,0.033158767,0.005732128,-1.099792788,-1.389142537,0.753267785,1.064902982,0.490483113,-0.656609949,2.872070313,-2.701660156,-13.41186523,-0.109375,-0.564697266,-1.040527344,0.396728516,0.006347656,-0.816894531,0.022238323,0.033158767,0.005732128,0.251831055,-0.126953125,-0.977050781,0.149125191,0.18209549,0.075710818,0.659214831,4.290076336,-5.652126499,7.262420669,9.904828928,223.8417585,-0.356943395,-0.186567975,-1.695832597,9.229007634,60.0610687,-79.12977099,-0.423803302,0.208089181,1.518879958,-4.946564885,-1.106870229,-41.34351145,4.419847328,10.24427481,5.030534351,7.262420669,9.904828928,223.8417585,-0.190839695,4.782442748,1.202290076,2.694887877,3.147193818,14.96134214
2,0.203665597,-0.19934082,-0.948416574,0.022006633,0.032773978,0.006350448,-1.091124701,-1.295746026,0.416284013,1.100388031,0.329857034,-1.334947817,2.851318359,-2.790771484,-13.27783203,-0.109375,-0.564697266,-1.040527344,0.396728516,0.006347656,-0.816894531,0.022006633,0.032773978,0.006350448,0.251831055,-0.131958008,-0.968139648,0.148346326,0.181035848,0.079689697,0.701199564,4.341875682,-5.618865867,7.627167658,9.924508421,224.3507458,-0.26114005,-0.243038698,-1.695944103,9.816793893,60.78625954,-78.66412214,-0.391967957,0.21138966,1.516719983,-4.946564885,-1.106870229,-41.34351145,5.007633588,10.24427481,5.030534351,7.627167658,9.924508421,224.3507458,-0.190839695,4.84351145,1.263358779,2.761732727,3.150318781,14.97834256
2,0.208129883,-0.212001256,-0.94796317,0.021803909,0.029409148,0.006317495,-1.20866977,-1.41991311,0.403414417,1.381677349,0.461818893,-1.324557448,2.913818359,-2.968017578,-13.27148438,-0.109375,-0.564697266,-1.040527344,0.396728516,-0.055419922,-0.816894531,0.021803909,0.029409148,0.006317495,0.251831055,-0.135009766,-0.968139648,0.147661466,0.171490957,0.079482671,0.889858233,3.892039258,-6.116139586,9.031638951,8.97649731,219.1374017,-0.077155802,0.003042568,-1.653863454,12.45801527,54.48854962,-85.6259542,-0.584754832,0.59673448,1.449896437,-4.946564885,-1.106870229,-41.34351145,5.572519084,10.24427481,5.030534351,9.031638951,8.97649731,219.1374017,-0.190839695,4.782442748,0.973282443,3.005268532,2.996080324,14.80329023
2,0.175990513,-0.244070871,-0.946655273,0.031879451,0.03816915,0.006597874,-0.96131778,-0.98335163,0.41419657,0.035013682,-0.899587816,-1.36396026,2.463867188,-3.416992188,-13.25317383,-0.178466797,-0.579345703,-1.040527344,0.396728516,-0.055419922,-0.816894531,0.031879451,0.03816915,0.006597874,0.233276367,-0.145507813,-0.968139648,0.178548176,0.195369265,0.0812273,0.773173391,3.442748092,-8.659760087,8.766751342,10.98894183,278.802703,0.036765061,0.07963289,-1.137141322,10.82442748,48.19847328,-121.2366412,-0.409118766,-0.103744686,-0.471448734,-4.946564885,-1.557251908,-41.34351145,5.572519084,10.24427481,5.030534351,8.766751342,10.98894183,278.802703,-0.190839695,4.446564885,0.973282443,2.960870031,3.31495729,16.69738611
2,0.17956543,-0.2378976,-0.947440011,0.030035934,0.035027098,0.006732559,-0.976655456,-1.038806207,0.400915933,0.262757172,-0.624171204,-1.380818904,2.513916016,-3.330566406,-13.26416016,-0.178466797,-0.579345703,-1.040527344,0.396728516,-0.055419922,-0.816894531,0.030035934,0.035027098,0.006732559,0.233276367,-0.145507813,-0.968139648,0.173308781,0.187155277,0.082052175,0.626499455,3.537077426,-9.392584515,8.337926015,10.18916422,313.3534599,0.171655413,0.152679704,-1.060399721,8.770992366,49.51908397,-131.4961832,-0.074307076,0.096121216,-0.835514552,-4.946564885,-1.557251908,-41.34351145,5.572519084,10.24427481,5.030534351,8.337926015,10.18916422,313.3534599,-0.190839695,4.446564885,0.973282443,2.887546712,3.192047027,17.70179256
2,0.187064035,-0.20929827,-0.957467215,0.02615651,0.026347614,0.005320789,-0.984525017,-1.475114376,0.540379009,0.75687416,0.958387369,-0.93336169,2.618896484,-2.930175781,-13.40454102,-0.178466797,-0.579345703,-1.040527344,0.396728516,-0.055419922,-0.838623047,0.02615651,0.026347614,0.005320789,0.233276367,-0.145507813,-0.968139648,0.161729743,0.16231948,0.072943739,0.786804798,3.74263904,-8.103053435,8.09130241,8.910529946,247.8917738,0.003668653,0.19133276,-1.106123348,11.01526718,52.39694656,-113.4427481,0.109665743,0.704265562,-0.609755356,-4.946564885,-1.557251908,-36.08396947,5.572519084,10.24427481,5.030534351,8.09130241,8.910529946,247.8917738,0.423664122,4.446564885,0.973282443,2.844521473,2.985051079,15.74457919
2,0.191964286,-0.17691476,-0.97530692,0.026131386,0.022745459,0.005238037,-1.090362756,-1.948823782,0.504640075,0.937238348,3.63701514,-0.277017183,2.6875,-2.476806641,-13.65429688,-0.178466797,-0.579345703,-1.089111328,0.396728516,-0.018066406,-0.838623047,0.026131386,0.022745459,0.005238037,0.235961914,-0.135009766,-0.973876953,0.161652053,0.150815977,0.072374281,0.381679389,4.253544166,-5.779716467,7.711869041,8.715227986,212.8561798,0.32345073,-0.094870495,-1.607819726,5.34351145,59.54961832,-80.91603053,0.473639794,0.758377961,1.082087909,-4.946564885,-1.557251908,-36.08396947,5.572519084,10.24427481,5.030534351,7.711869041,8.715227986,212.8561798,-0.190839695,4.84351145,1.263358779,2.777025214,2.952156498,14.58959149
2,0.192975725,-0.170270647,-0.982788086,0.026096094,0.023683655,0.004967861,-1.114251791,-1.947829541,0.832075598,0.987802976,3.535815296,0.416334827,2.701660156,-2.383789063,-13.7590332,-0.178466797,-0.579345703,-1.089111328,0.396728516,-0.018066406,-0.838623047,0.026096094,0.023683655,0.004967861,0.235961914,-0.126708984,-0.990234375,0.161542854,0.153894949,0.070483058,0.3391494,4.326608506,-5.549618321,7.804321196,8.676786619,215.2625497,0.362982783,-0.180931152,-1.628808307,4.748091603,60.57251908,-77.69465649,0.405626493,0.817406013,1.114241181,-4.946564885,-1.557251908,-36.08396947,5.572519084,10.24427481,5.030534351,7.804321196,8.676786619,215.2625497,-0.190839695,4.84351145,1.263358779,2.79362152,2.945638576,14.67182844
2,0.191580636,-0.171299526,-0.975446429,0.026128058,0.023443961,0.004809441,-1.082198859,-1.966796988,0.577895286,0.924373794,3.598832799,0.223502878,2.682128906,-2.398193359,-13.65625,-0.178466797,-0.579345703,-1.089111328,0.396728516,-0.018066406,-0.838623047,0.026128058,0.023443961,0.004809441,0.235961914,-0.126708984,-0.973876953,0.161641757,0.15311421,0.069350134,0.089967285,4.194111232,-5.584514722,7.249623956,8.512546017,214.760353,0.641786401,-0.038111495,-1.628047375,1.259541985,58.71755725,-78.18320611,1.2081627,0.962616614,1.114705754,-4.946564885,-1.557251908,-36.08396947,5.572519084,10.24427481,5.030534351,7.249623956,8.512546017,214.760353,-0.347328244,4.694656489,1.019083969,2.692512573,2.917626778,14.65470412
2,0.195364816,-0.172084263,-0.977207729,0.026850454,0.023336363,0.004821911,-1.092339796,-1.965765106,0.66310167,0.832883859,3.609744235,0.288473264,2.735107422,-2.409179688,-13.6809082,-0.178466797,-0.579345703,-1.089111328,0.396728516,-0.018066406,-0.838623047,0.026850454,0.023336363,0.004821911,0.235961914,-0.126708984,-0.985351563,0.163861083,0.152762441,0.069439983,0.109051254,4.331515812,-5.56870229,7.243494225,8.976962202,214.9805664,0.617876857,-0.138225925,-1.628528538,1.526717557,60.64122137,-77.96183206,1.192321184,0.562008824,1.114763453,-4.946564885,-1.557251908,-36.08396947,5.572519084,10.24427481,5.030534351,7.243494225,8.976962202,214.9805664,-0.347328244,4.694656489,1.083969466,2.69137404,2.996157907,14.6622156
2,0.209315709,-0.175816127,-0.977922712,0.031312288,0.02277807,0.004816419,-0.884395921,-1.971539683,0.700145183,0.427707724,3.690212935,0.336202573,2.930419922,-2.461425781,-13.69091797,-0.178466797,-0.579345703,-1.089111328,0.448486328,-0.018066406,-0.838623047,0.031312288,0.02277807,0.004816419,0.235961914,-0.132080078,-0.985473633,0.176952784,0.150924052,0.069400428,0.208287895,4.203380589,-5.28953108,7.190000839,8.969663837,220.1223657,0.499091713,0.006600605,-1.612922148,2.916030534,58.84732824,-74.05343511,1.152286241,0.553569768,1.075342532,-4.946564885,-1.557251908,-36.08396947,5.572519084,10.24427481,5.076335878,7.190000839,8.969663837,220.1223657,-0.057251908,4.309160305,1.351145038,2.681417692,2.994939705,14.83652135
2,0.211408343,-0.181344169,-0.974975586,0.032208401,0.02253981,0.00478703,-0.833952105,-1.878851262,0.562512877,0.356191107,3.457666177,0.238418845,2.959716797,-2.538818359,-13.6496582,-0.178466797,-0.579345703,-1.089111328,0.448486328,-0.018066406,-0.838623047,0.032208401,0.02253981,0.00478703,0.235961914,-0.135009766,-0.978881836,0.179466992,0.150132641,0.069188367,0.204471101,4.142311887,-5.32606325,7.193548687,9.040593897,219.5236285,0.503563002,0.074355258,-1.613335982,2.86259542,57.99236641,-74.5648855,1.151292945,0.490664368,1.078165583,-4.946564885,-1.557251908,-36.08396947,5.572519084,10.24427481,5.076335878,7.193548687,9.040593897,219.5236285,-0.083969466,4.232824427,1.351145038,2.682079172,3.006758038,14.81632979
2,0.2144601,-0.174438477,-0.96761649,0.032595659,0.024168966,0.004517808,-0.870863822,-1.753869509,0.325655627,0.339510058,3.051227919,0.336872114,3.002441406,-2.442138672,-13.54663086,-0.178466797,-0.579345703,-1.089111328,0.448486328,-0.018066406,-0.838623047,0.032595659,0.024168966,0.004517808,0.244018555,-0.135009766,-0.969604492,0.18054268,0.155463713,0.067214644,-0.1695747,4.073609597,-5.285169029,10.83604755,8.830654544,220.4592489,-0.29459336,0.138281815,-1.607381152,-2.374045802,57.03053435,-73.99236641,1.036273942,0.693451808,1.067533115,-7.122137405,-1.557251908,-36.08396947,5.572519084,10.24427481,5.603053435,10.83604755,8.830654544,220.4592489,-0.083969466,4.232824427,1.351145038,3.291815237,2.971641725,14.84787018
2,0.192574637,-0.158203125,-0.961216518,0.030709534,0.029186716,0.004140046,-0.645631901,-1.320374949,0.135499956,0.1672703,2.194165402,0.805347703,2.696044922,-2.21484375,-13.45703125,-0.178466797,-0.579345703,-1.089111328,0.448486328,0.090820313,-0.838623047,0.030709534,0.029186716,0.004140046,0.21875,-0.132080078,-0.958862305,0.17524136,0.170841202,0.064343186,-0.005997819,4.211559433,-5.423664122,9.52762461,9.322429916,218.247231,-0.257267889,0.029214525,-1.607855764,-0.083969466,58.96183206,-75.93129771,1.864907033,0.274223781,1.076440985,-7.122137405,-1.557251908,-36.08396947,5.572519084,10.24427481,5.603053435,9.52762461,9.322429916,218.247231,-0.083969466,4.232824427,1.045801527,3.086685052,3.053265451,14.77319299
2,0.19128418,-0.154157366,-0.983136858,0.030457201,0.029630741,0.009735809,-0.635251475,-1.363894222,-1.288089167,0.20076382,2.190261316,3.235212287,2.677978516,-2.158203125,-13.76391602,-0.178466797,-0.579345703,-1.244140625,0.448486328,0.090820313,-0.838623047,0.030457201,0.029630741,0.009735809,0.21875,-0.122070313,-0.969604492,0.174519916,0.172135821,0.098670201,-0.00436205,3.377862595,-5.569792803,9.523191801,8.22046187,215.7507731,-0.258971082,-0.434863145,-1.611816847,-0.061068702,47.29007634,-77.97709924,1.870720442,-0.625031054,1.091868369,-7.122137405,-1.557251908,-36.08396947,5.572519084,7.396946565,5.603053435,9.523191801,8.22046187,215.7507731,-0.083969466,3.652671756,1.045801527,3.085966915,2.867134784,14.68845714
2,0.168858119,-0.17414202,-0.991472517,0.033860194,0.037739748,0.008429605,-0.315024612,-1.058795816,-1.517129245,-0.57959015,0.305659003,4.320863295,2.364013672,-2.437988281,-13.88061523,-0.178466797,-0.579345703,-1.244140625,0.448486328,0.090820313,-0.838623047,0.033860194,0.037739748,0.008429605,0.199707031,-0.122070313,-0.975830078,0.184011396,0.194267209,0.09181288,0.022900763,2.609051254,-7.649400218,9.827901368,14.04952355,243.7247288,-0.187134465,-0.836077877,-1.128096763,0.320610687,36.52671756,-107.0916031,1.802992162,0.527521568,-0.501903358,-7.122137405,-5.908396947,-36.08396947,5.572519084,7.396946565,5.603053435,9.827901368,14.04952355,243.7247288,-0.083969466,3.301526718,0.935114504,3.134948384,3.748269407,15.61168565
2,0.142909459,-0.200439453,-0.988385882,0.040648521,0.0472378,0.008647503,-0.133297322,-0.75516554,-1.557077456,-1.091234613,-0.860135239,4.202083554,2.000732422,-2.806152344,-13.83740234,-0.178466797,-0.579345703,-1.244140625,0.448486328,0.090820313,-0.838623047,0.040648521,0.0472378,0.008647503,0.177612305,-0.122070313,-0.966674805,0.201614784,0.217342586,0.092991954,0.537622683,2.207197383,-10.4089422,19.68952602,16.88373779,331.5034422,1.482379737,-0.61248937,-0.840029102,7.526717557,30.90076336,-145.7251908,4.556159862,-0.562944785,-1.189112878,-7.122137405,-5.908396947,-43.11450382,12.77862595,7.396946565,5.603053435,19.68952602,16.88373779,331.5034422,-0.083969466,3.301526718,0.935114504,4.437288138,4.108982573,18.20723598
2,0.165928432,-0.176618304,-0.991577148,0.032133126,0.035741482,0.007760688,-0.124610602,-0.869667467,-1.993204209,-0.775677296,-0.162688435,4.964506508,2.322998047,-2.47265625,-13.88208008,-0.147216797,-0.5390625,-1.244140625,0.448486328,0.090820313,-0.883300781,0.032133126,0.035741482,0.007760688,0.177612305,-0.122070313,-0.966674805,0.179257151,0.189054179,0.088094764,0.562159215,2.551254089,-8.674482007,19.72602105,15.7513609,277.7046219,1.459463672,-0.905690269,-1.133135526,7.870229008,35.71755725,-121.4427481,4.481006507,0.18328688,-0.212015441,-7.122137405,-5.908396947,-43.11450382,12.77862595,7.396946565,5.603053435,19.72602105,15.7513609,277.7046219,-0.083969466,3.328244275,0.935114504,4.441398547,3.96879842,16.66447185
2,0.178501674,-0.161743164,-0.98601423,0.028861127,0.03059044,0.007706884,-0.254177786,-1.112506268,-2.220462125,-0.238207752,1.053424513,5.815333694,2.499023438,-2.264404297,-13.80419922,-0.147216797,-0.5390625,-1.244140625,0.448486328,0.090820313,-0.883300781,0.028861127,0.03059044,0.007706884,0.177612305,-0.122070313,-0.958862305,0.169885629,0.17490123,0.087788863,0.072519084,3.118865867,-5.995092694,22.58853259,17.40420107,220.2527252,1.335131532,-1.025250279,-1.651919662,1.015267176,43.66412214,-83.93129771,3.553249234,0.426663669,1.852597312,-7.122137405,-5.908396947,-43.11450382,12.77862595,8.160305344,5.603053435,22.58853259,17.40420107,220.2527252,-0.374045802,3.652671756,1.045801527,4.752739482,4.171834257,14.84091389
2,0.191859654,-0.155273438,-0.988752093,0.026097113,0.031140722,0.007642356,-0.455492696,-1.200394977,-2.142298556,0.504377926,1.116769423,5.602349716,2.686035156,-2.173828125,-13.8425293,-0.147216797,-0.5390625,-1.244140625,0.448486328,0.090820313,-0.883300781,0.026097113,0.031140722,0.007642356,0.182983398,-0.095214844,-0.966674805,0.161546009,0.176467339,0.087420569,-0.061613959,3.250817884,-4.267175573,22.5393846,17.38421068,197.6863102,1.436976146,-1.135873553,-2.197546457,-0.86259542,45.51145038,-59.74045802,3.79919249,0.622988011,4.282090937,-7.122137405,-5.908396947,-43.11450382,12.77862595,8.160305344,5.603053435,22.5393846,17.38421068,197.6863102,-0.629770992,3.973282443,1.045801527,4.747566176,4.169437694,14.06009638
2,0.200108119,-0.161132813,-0.979928153,0.027575077,0.029889794,0.006825054,-0.534065508,-1.199807941,-2.750906884,0.243330539,1.260380626,9.227224908,2.801513672,-2.255859375,-13.71899414,-0.147216797,-0.5390625,-1.244140625,0.448486328,0.090820313,-0.883300781,0.027575077,0.029889794,0.006825054,0.182983398,-0.106811523,-0.963012695,0.16605745,0.172886652,0.082613888,0.026717557,3.115594329,-4.255725191,22.31469163,16.4326434,197.8506161,1.39776441,-1.199766601,-2.196969202,0.374045802,43.61832061,-59.58015267,3.805610392,0.803768596,4.278948189,-7.122137405,-5.908396947,-43.11450382,12.77862595,8.160305344,5.603053435,22.31469163,16.4326434,197.8506161,-0.538167939,3.973282443,1.045801527,4.723842888,4.053719699,14.06593815
2,0.212175642,-0.165178571,-0.969412667,0.029178248,0.029250958,0.00758674,-0.6748133,-1.172822957,-2.572933028,0.09629764,1.315372832,8.627185498,2.970458984,-2.3125,-13.57177734,-0.147216797,-0.5390625,-1.244140625,0.448486328,0.090820313,-0.867431641,0.029178248,0.029250958,0.00758674,0.228149414,-0.115844727,-0.957397461,0.170816415,0.171029116,0.087101894,0.138495093,2.997818975,-3.914940022,22.25529136,16.26113261,203.1885165,1.321383627,-1.120656975,-2.169251126,1.938931298,41.96946565,-54.80916031,3.670156334,0.713591144,4.161063833,-7.122137405,-5.908396947,-43.11450382,12.77862595,8.160305344,5.603053435,22.25529136,16.26113261,203.1885165,-0.374045802,3.652671756,1.251908397,4.717551415,4.032509468,14.25442095
2,0.222516741,-0.174508231,-0.964686802,0.029777763,0.028553442,0.00822176,-0.843492196,-1.039546756,-2.354382568,0.196849505,1.216009998,7.582970012,3.115234375,-2.443115234,-13.50561523,-0.147216797,-0.5390625,-1.244140625,0.448486328,0.090820313,-0.867431641,0.029777763,0.028553442,0.00822176,0.283447266,-0.124389648,-0.957397461,0.172562344,0.168977637,0.090673923,0.098691385,3.011450382,-3.750272628,22.33188369,16.29046855,205.2652789,1.342849713,-1.128658718,-2.169107823,1.381679389,42.16030534,-52.50381679,3.680195641,0.718247068,4.140505886,-7.122137405,-5.908396947,-43.11450382,12.77862595,8.160305344,5.603053435,22.33188369,16.29046855,205.2652789,-0.416030534,3.717557252,1.438931298,4.725662249,4.036145259,14.32708201
2,0.22152274,-0.188807896,-0.967128209,0.029607311,0.02953794,0.008448533,-0.835183237,-0.747781763,-2.191698125,0.212961251,0.529746469,6.677139439,3.101318359,-2.643310547,-13.53979492,-0.147216797,-0.5390625,-1.244140625,0.448486328,0.090820313,-0.867431641,0.029607311,0.02953794,0.008448533,0.283447266,-0.16394043,-0.957397461,0.17206775,0.171866053,0.091915902,-0.029443839,2.556706652,-3.814067612,22.5658076,15.48084847,204.6695468,1.411503549,-0.91704043,-2.164504247,-0.41221374,35.79389313,-53.39694656,3.728371954,0.419901025,4.133358425,-7.122137405,-5.908396947,-43.11450382,12.77862595,8.160305344,5.603053435,22.5658076,15.48084847,204.6695468,-0.671755725,3.328244275,1.438931298,4.750348155,3.934570939,14.30627648
2,0.213274275,-0.188581194,-0.968505859,0.026527613,0.029567074,0.008510342,-1.021411689,-0.750690478,-2.118860654,0.467621567,0.526899265,6.351749687,2.985839844,-2.640136719,-13.55908203,-0.147216797,-0.5390625,-1.244140625,0.423828125,0.090820313,-0.867431641,0.026527613,0.029567074,0.008510342,0.283447266,-0.162353516,-0.957397461,0.162872997,0.171950789,0.092251515,-0.022355507,3.014721919,-4.029443839,22.57616747,19.24663225,201.1948188,1.405426771,-0.623550704,-2.183390106,-0.312977099,42.20610687,-56.41221374,3.709999547,0.080328909,4.212856338,-7.122137405,-5.908396947,-43.11450382,12.77862595,9.809160305,5.603053435,22.57616747,19.24663225,201.1948188,-0.671755725,3.648854962,1.438931298,4.751438463,4.387098386,14.18431594
2,0.19996861,-0.180733817,-0.975969587,0.022972056,0.030282428,0.009160727,-1.199621802,-0.86454548,-1.715583222,0.800765075,0.530198818,4.294105904,2.799560547,-2.530273438,-13.66357422,-0.147216797,-0.5390625,-1.244140625,0.352294922,0.090820313,-0.867431641,0.022972056,0.030282428,0.009160727,0.255615234,-0.122802734,-0.959960938,0.151565353,0.17401847,0.095711687,-0.543075245,3.128135224,-4.071973828,26.6297092,19.47345886,200.663631,1.173862818,-0.696786853,-2.183441396,-7.603053435,43.79389313,-57.00763359,2.686667771,0.084118284,4.218309195,-7.541984733,-5.908396947,-43.11450382,12.77862595,9.809160305,5.603053435,26.6297092,19.47345886,200.663631,-0.908396947,4.06870229,1.43129771,5.160398163,4.412874217,14.16557909
2,0.17351423,-0.219534738,-0.968680246,0.027456801,0.0379285,0.010520086,-0.789932061,-0.63985749,-1.413846073,-0.578985272,-0.36729456,3.265000499,2.429199219,-3.073486328,-13.56152344,-0.147216797,-0.563232422,-1.244140625,0.352294922,0.090820313,-0.834716797,0.027456801,0.0379285,0.010520086,0.210083008,-0.16394043,-0.959960938,0.165700938,0.194752408,0.102567471,0.446019629,2.713195202,-6.626499455,26.31027163,20.17006104,238.7895135,0.956092932,-0.402012851,-1.551580302,6.244274809,37.98473282,-92.77099237,1.645371459,-0.401598534,1.164399622,-7.541984733,-5.908396947,-43.11450382,12.77862595,9.809160305,5.572519084,26.31027163,20.17006104,238.7895135,-0.671755725,3.648854962,1.251908397,5.129353919,4.491109111,15.45281571
2,0.161359515,-0.271623884,-0.966308594,0.031702779,0.041095052,0.010709469,-0.646729561,-0.760550169,-1.444187381,-1.183755013,-1.026750534,3.200852445,2.259033203,-3.802734375,-13.52832031,-0.147216797,-0.638427734,-1.244140625,0.352294922,-0.073730469,-0.834716797,0.031702779,0.041095052,0.010709469,0.210083008,-0.213134766,-0.959960938,0.178052744,0.202719147,0.103486565,0.553435115,2.54089422,-9.604689204,25.75401962,19.08263242,313.4558608,0.930841275,-0.365528896,-1.078627023,7.748091603,35.57251908,-134.4656489,1.757289079,-0.179957113,-0.541889051,-7.541984733,-5.908396947,-43.11450382,12.77862595,9.809160305,5.572519084,25.75401962,19.08263242,313.4558608,-0.671755725,3.648854962,1.15648855,5.074841832,4.368367249,17.70468471
2,0.149361747,-0.283046177,-0.956891741,0.030815475,0.038131151,0.006315834,-0.461617308,-0.734421417,-0.327560482,-1.264525067,-0.960143672,-0.402704779,2.091064453,-3.962646484,-13.39648438,-0.147216797,-0.638427734,-1.112304688,0.352294922,-0.073730469,-0.834716797,0.030815475,0.038131151,0.006315834,0.163208008,-0.231323242,-0.959960938,0.17554337,0.195271992,0.079472221,0.50436205,2.842966194,-11.4176663,25.97855123,17.77820653,316.4526492,0.945993282,-0.582855983,-0.773879671,7.061068702,39.80152672,-159.8473282,1.714803358,0.459681056,-1.099574967,-7.541984733,-5.908396947,-43.11450382,12.77862595,9.809160305,5.572519084,25.97855123,17.77820653,316.4526492,-0.671755725,3.648854962,0.503816794,5.096915854,4.216421057,17.78911603
2,0.167637416,-0.251621791,-0.964146205,0.027747793,0.037784142,0.007302751,-0.774065913,-1.053771814,-0.198687741,-0.551398916,-0.150970118,-0.991777675,2.346923828,-3.522705078,-13.49804688,-0.147216797,-0.638427734,-1.112304688,0.352294922,-0.052490234,-0.834716797,0.027747793,0.037784142,0.007302751,0.195556641,-0.213134766,-0.959960938,0.166576687,0.194381434,0.085456133,0.136314068,3.628135224,-9.437840785,24.00258957,11.60935062,303.1239941,1.2396703,-0.380309968,-1.128351245,1.908396947,50.79389313,-132.129771,3.000272046,0.907732057,-0.339053828,-7.541984733,-3.679389313,-43.11450382,12.77862595,9.809160305,5.572519084,24.00258957,11.60935062,303.1239941,-0.671755725,4.06870229,0.603053435,4.899243775,3.407249714,17.41045646
2,0.186523438,-0.218383789,-0.971086775,0.019933829,0.0326731,0.007549623,-0.751261038,-1.515442022,0.043888841,-0.114822428,1.621263823,-1.170890818,2.611328125,-3.057373047,-13.59521484,-0.079833984,-0.638427734,-1.112304688,0.352294922,-0.052490234,-0.834716797,0.019933829,0.0326731,0.007549623,0.195556641,-0.16394043,-0.98059082,0.141187212,0.180757019,0.086888564,-0.480370774,3.945474373,-6.180479826,12.5347139,8.024517642,215.3990363,-0.054672701,0.392119886,-1.541833517,-6.72519084,55.23664122,-86.52671756,1.205739565,0.447212642,1.14714021,-7.541984733,-0.763358779,-40.60305344,6.72519084,9.809160305,5.572519084,12.5347139,8.024517642,215.3990363,-0.671755725,4.06870229,1.175572519,3.540439789,2.832757957,14.67647902
2,0.189749581,-0.205008371,-0.97870745,0.019782664,0.034386474,0.00692177,-0.837668012,-1.598812504,0.265071496,0.041077405,1.73723047,-0.763684252,2.656494141,-2.870117188,-13.7019043,-0.079833984,-0.638427734,-1.112304688,0.352294922,-0.052490234,-0.834716797,0.019782664,0.034386474,0.00692177,0.198730469,-0.122802734,-0.992797852,0.140650859,0.185435902,0.083197174,-0.640676118,3.996183206,-5.293347874,12.24102472,7.985600176,215.6766883,0.089536723,0.33346058,-1.736621954,-8.969465649,55.94656489,-74.10687023,1.442669632,0.452973056,1.674649763,-7.541984733,-0.763358779,-40.60305344,6.72519084,9.809160305,5.572519084,12.24102472,7.985600176,215.6766883,-0.797709924,4.06870229,1.175572519,3.498717583,2.825880425,14.68593505
2,0.205008371,-0.195870536,-0.97605678,0.021387691,0.035145672,0.007159219,-0.98321828,-1.701173,0.174580537,0.124164915,1.941461086,-0.970373247,2.870117188,-2.7421875,-13.66479492,-0.079833984,-0.638427734,-1.112304688,0.353027344,-0.052490234,-0.834716797,0.021387691,0.035145672,0.007159219,0.223022461,-0.109130859,-0.992797852,0.146245311,0.187471789,0.084612168,-0.288440567,3.705016358,-5.170665213,10.04529213,6.561053974,217.6733973,0.122338055,0.461883638,-1.733495216,-4.038167939,51.87022901,-72.38931298,2.936905927,1.827969846,1.659834904,-7.541984733,-0.763358779,-40.60305344,6.72519084,9.809160305,5.572519084,10.04529213,6.561053974,217.6733973,-0.797709924,4.061068702,1.175572519,3.169430884,2.561455441,14.75375875
2,0.212873186,-0.19519043,-0.969569615,0.021874368,0.035331064,0.007475244,-1.117862682,-1.694245639,-0.048204585,0.262003565,1.92189056,-1.18582844,2.980224609,-2.732666016,-13.57397461,-0.079833984,-0.638427734,-1.112304688,0.353027344,-0.052490234,-0.834716797,0.021874368,0.035331064,0.007475244,0.265136719,-0.109130859,-0.977783203,0.147899858,0.187965591,0.086459494,-0.270992366,3.638495093,-4.982006543,10.03170651,6.57527226,220.6387615,0.103573266,0.549869367,-1.73113969,-3.79389313,50.9389313,-69.7480916,2.951815997,1.875189984,1.642429153,-7.541984733,-0.763358779,-40.60305344,6.72519084,9.809160305,5.572519084,10.03170651,6.57527226,220.6387615,-0.70610687,4.026717557,1.755725191,3.167286932,2.56422937,14.85391401
2,0.206839425,-0.19695173,-0.977748326,0.020772046,0.035013753,0.008341375,-1.11675141,-1.691375403,0.114448163,0.37082418,1.93342423,-1.467033378,2.895751953,-2.757324219,-13.68847656,-0.079833984,-0.638427734,-1.112304688,0.353027344,-0.052490234,-0.834716797,0.020772046,0.035013753,0.008341375,0.244995117,-0.121459961,-0.994140625,0.144125106,0.187119622,0.09133113,-0.449836423,3.330970556,-4.862050164,10.59858861,6.663755538,222.7683922,0.230040459,0.848383242,-1.725099322,-6.297709924,46.63358779,-68.06870229,2.352921473,2.204186246,1.622677574,-7.541984733,-0.763358779,-40.60305344,6.72519084,9.809160305,5.572519084,10.59858861,6.663755538,222.7683922,-0.86259542,3.538167939,1.755725191,3.255547359,2.581425098,14.92542771
2,0.206699916,-0.19492885,-0.987391881,0.020728612,0.035414317,0.007351991,-1.120549839,-1.690424168,0.340472566,0.375850497,1.910631376,-1.031744846,2.893798828,-2.729003906,-13.82348633,-0.079833984,-0.638427734,-1.112304688,0.353027344,-0.052490234,-0.834716797,0.020728612,0.035414317,0.007351991,0.244995117,-0.111328125,-1.000366211,0.143974345,0.188186921,0.085743751,-1.260632497,3.765539804,-5.154852781,17.93669776,8.912134657,217.3880797,-0.502625371,0.647485855,-1.744712556,-17.64885496,52.71755725,-72.16793893,1.697149121,0.404411888,1.677186949,-10.73282443,-0.763358779,-40.60305344,6.72519084,9.809160305,4.160305344,17.93669776,8.912134657,217.3880797,-0.973282443,4.026717557,1.461832061,4.235173876,2.985319858,14.74408626
2,0.205426897,-0.190220424,-1.007864816,0.020449828,0.035668803,0.008113267,-1.129177829,-1.756703037,0.301213089,0.414333035,2.063085317,-0.41025436,2.875976563,-2.663085938,-14.11010742,-0.079833984,-0.638427734,-1.158203125,0.353027344,-0.052490234,-0.834716797,0.020449828,0.035668803,0.008113267,0.244995117,-0.111328125,-1.014282227,0.143002896,0.188861862,0.090073674,-1.138495093,3.962377317,-5.224100327,18.20004982,9.596038103,216.2127418,-0.583854155,0.445705289,-1.747535356,-15.9389313,55.47328244,-73.13740458,1.626378715,-0.251143739,1.687320153,-10.73282443,-0.763358779,-40.60305344,6.72519084,9.809160305,4.160305344,18.20004982,9.596038103,216.2127418,-0.86259542,4.026717557,1.461832061,4.26615164,3.097747263,14.7041743
2,0.195504325,-0.180123465,-1.000418527,0.019920791,0.034410286,0.008596699,-0.954563778,-2.018100697,0.066701524,0.212391374,3.049684803,-0.785752931,2.737060547,-2.521728516,-14.00585938,-0.079833984,-0.638427734,-1.158203125,0.353027344,-0.052490234,-0.834716797,0.019920791,0.034410286,0.008596699,0.223022461,-0.111328125,-1.000366211,0.141141032,0.185500096,0.092718387,-0.836423119,4.280806979,-5.376226827,19.10573361,8.591198994,214.7900062,-0.732344854,0.304517199,-1.73197968,-11.70992366,59.93129771,-75.26717557,1.41072039,0.086666153,1.659844999,-10.73282443,-0.763358779,-40.60305344,6.72519084,9.809160305,4.160305344,19.10573361,8.591198994,214.7900062,-0.675572519,4.217557252,1.461832061,4.371010594,2.931074717,14.65571582
2,0.161952427,-0.211373465,-1.00441197,0.025744233,0.044536253,0.008801666,-0.759514195,-1.393746747,0.196557025,-0.517569301,0.28919241,-0.88483783,2.267333984,-2.959228516,-14.06176758,-0.13671875,-0.638427734,-1.158203125,0.353027344,-0.052490234,-0.834716797,0.025744233,0.044536253,0.008801666,0.198730469,-0.111328125,-1.017578125,0.160450095,0.211036141,0.093817196,-1.076335878,4.005997819,-8.217557252,19.11644023,6.376266208,282.29955,-0.549855957,-0.056501996,-1.199345554,-15.06870229,56.08396947,-115.0458015,1.213308334,0.35485709,-0.361846923,-10.73282443,-0.763358779,-40.60305344,6.72519084,8.992366412,4.160305344,19.11644023,6.376266208,282.29955,-0.86259542,4.217557252,1.034351145,4.372235153,2.525126969,16.80177223
2,0.140764509,-0.23488072,-0.993687221,0.028579342,0.045995744,0.009013752,-0.416824947,-1.0385154,-0.108785157,-1.226802396,-0.61581211,-1.000430671,1.970703125,-3.288330078,-13.91162109,-0.13671875,-0.638427734,-1.158203125,0.353027344,-0.052490234,-0.834716797,0.028579342,0.045995744,0.009013752,0.172363281,-0.129638672,-0.99621582,0.169054259,0.214466184,0.094940783,-0.003271538,3.528898582,-11.11613959,20.29347146,8.753357825,339.5665501,-0.472932645,-0.175778062,-0.790298882,-0.045801527,49.40458015,-155.6259542,1.785444515,-0.094941598,-1.391824828,-10.73282443,-1.885496183,-40.60305344,7.480916031,8.992366412,4.160305344,20.29347146,8.753357825,339.5665501,-0.675572519,4.026717557,0.461832061,4.504827573,2.958607413,18.42733161
2,0.170009068,-0.20753697,-0.997698103,0.0268268,0.037125252,0.007865656,-0.735599971,-1.486263435,-0.352050555,-0.618441925,1.035705363,-1.259289458,2.380126953,-2.905517578,-13.96777344,-0.13671875,-0.638427734,-1.158203125,0.353027344,-0.052490234,-0.890869141,0.0268268,0.037125252,0.007865656,0.198730469,-0.129638672,-0.99621582,0.163788888,0.192679144,0.088688531,-0.347328244,4.127044711,-9.587241003,16.96462686,8.232482482,309.5793097,-0.707914693,-0.374922298,-1.098805636,-4.86259542,57.77862595,-134.221374,2.95503504,0.290669662,-0.613678393,-10.73282443,-1.885496183,-40.60305344,7.480916031,8.992366412,4.160305344,16.96462686,8.232482482,309.5793097,-0.675572519,4.217557252,0.461832061,4.118813769,2.869230294,17.594866
2,0.182146345,-0.166294643,-0.997820173,0.022357835,0.0226624,0.00784381,-0.846649365,-1.913814867,-0.353263898,0.166503692,3.275735289,-1.255346303,2.550048828,-2.328125,-13.96948242,-0.13671875,-0.564941406,-1.158203125,0.353027344,-0.052490234,-0.890869141,0.022357835,0.0226624,0.00784381,0.198730469,-0.111328125,-0.99621582,0.149525365,0.15054036,0.088565289,-0.136859324,3.970556161,-6.647219193,17.21971074,8.499790286,234.1883804,-0.856939665,-0.196907652,-1.578089296,-1.916030534,55.58778626,-93.0610687,2.976192312,-0.024936096,1.056387375,-10.73282443,-1.885496183,-39.12977099,7.480916031,8.992366412,4.160305344,17.21971074,8.499790286,234.1883804,-0.141221374,4.026717557,0.58778626,4.149663931,2.915439982,15.30321471
2,0.168491908,-0.157592773,-0.990112305,0.02721592,0.022400762,0.006774946,-0.714076905,-2.138179206,-0.527429963,-0.682784901,4.084404476,-0.647597485,2.358886719,-2.206298828,-13.86157227,-0.13671875,-0.564941406,-1.158203125,0.353027344,-0.052490234,-0.890869141,0.02721592,0.022400762,0.006774946,0.198730469,-0.106445313,-0.99621582,0.164972481,0.149668841,0.08231006,-0.024536532,4.084514722,-5.573609597,16.96037239,8.394664685,210.2695186,-0.964650818,-0.332175288,-1.961890298,-0.34351145,57.18320611,-78.03053435,3.318186539,0.124543743,2.724717623,-10.73282443,-1.885496183,-39.12977099,7.480916031,8.992366412,4.160305344,16.96037239,8.394664685,210.2695186,-0.064885496,4.240458015,0.58778626,4.118297268,2.897354774,14.50067304
2,0.167375837,-0.158412388,-0.984340123,0.027137194,0.022224627,0.00619272,-0.694467896,-2.153621596,-0.750240869,-0.690903615,4.134456422,0.068300254,2.343261719,-2.217773438,-13.78076172,-0.13671875,-0.564941406,-1.158203125,0.353027344,-0.05859375,-0.890869141,0.027137194,0.022224627,0.00619272,0.190917969,-0.106445313,-0.991821289,0.164733707,0.149079263,0.078693834,-0.063249727,4.017448201,-5.543075245,16.95957676,8.313263335,210.6692084,-0.931867209,-0.25937547,-1.962274947,-0.885496183,56.24427481,-77.60305344,3.270233418,0.162740916,2.723370356,-10.73282443,-1.885496183,-39.12977099,7.480916031,8.992366412,4.160305344,16.95957676,8.313263335,210.6692084,-0.335877863,4.114503817,0.675572519,4.11820067,2.883273025,14.51444826
2,0.185215541,-0.158830915,-0.978097098,0.029664329,0.022150743,0.006087903,-0.829731518,-2.157762782,-1.017770699,-0.618864676,4.151377839,0.576658511,2.593017578,-2.223632813,-13.69335938,-0.13671875,-0.564941406,-1.158203125,0.366943359,-0.05859375,-0.890869141,0.029664329,0.022150743,0.006087903,0.22265625,-0.106445313,-0.967651367,0.172233358,0.148831257,0.078025016,-0.456924755,4.35823337,-5.539803708,15.56102484,7.550648961,210.7259522,-0.821931808,-0.571968657,-1.962009672,-6.396946565,61.01526718,-77.55725191,3.906201806,1.022693599,2.722510816,-10.73282443,-1.885496183,-39.12977099,7.480916031,8.992366412,4.160305344,15.56102484,7.550648961,210.7259522,-0.442748092,4.270992366,0.675572519,3.944746486,2.747844421,14.51640287
2,0.199741908,-0.166102818,-0.963047573,0.032735851,0.021321101,0.00887323,-0.862768728,-2.139495036,-0.298931736,-0.66875104,4.153422682,0.682043497,2.796386719,-2.325439453,-13.48266602,-0.13671875,-0.564941406,-1.158203125,0.392333984,-0.061035156,-0.779296875,0.032735851,0.021321101,0.00887323,0.272583008,-0.119873047,-0.93359375,0.180930514,0.146017466,0.094197823,-0.456379498,4.214285714,-5.456379498,15.56058844,7.961275919,211.9298963,-0.822445556,-0.404839846,-1.96072732,-6.389312977,59,-76.38931298,3.907255463,0.460857177,2.713055224,-10.73282443,-1.885496183,-39.12977099,7.480916031,8.992366412,4.160305344,15.56058844,7.961275919,211.9298963,-0.442748092,4.270992366,1.103053435,3.944691172,2.821573306,14.55781221
2,0.200718471,-0.168875558,-0.972673689,0.033071618,0.021021425,0.009220687,-0.852756906,-2.127059372,-0.011155935,-0.682967226,4.151821279,0.329181372,2.810058594,-2.364257813,-13.61743164,-0.13671875,-0.564941406,-1.158203125,0.392333984,-0.061035156,-0.779296875,0.033071618,0.021021425,0.009220687,0.272583008,-0.129638672,-0.969482422,0.181856035,0.144987672,0.096024408,-0.653217012,4.433478735,-5.370229008,16.28818219,8.572390694,213.6369205,-0.641415596,-0.534160363,-1.949007633,-9.145038168,62.06870229,-75.18320611,3.08504109,0.158102153,2.681323067,-10.73282443,-1.885496183,-39.12977099,7.480916031,8.992366412,4.389312977,16.28818219,8.572390694,213.6369205,-0.442748092,4.641221374,1.103053435,4.035862013,2.927864528,14.61632377
2,0.197405134,-0.170846122,-0.986781529,0.032568718,0.020631553,0.009944254,-0.818759968,-2.160471636,0.263343075,-0.677668721,4.268926885,0.078951139,2.763671875,-2.391845703,-13.81494141,-0.13671875,-0.564941406,-1.158203125,0.392333984,-0.061035156,-0.779296875,0.032568718,0.020631553,0.009944254,0.249389648,-0.129638672,-0.998046875,0.180468053,0.14363688,0.099720882,-0.590512541,4.951472192,-5.329880044,16.36134354,10.84876358,214.4342331,-0.68997786,-0.402172767,-1.94369552,-8.267175573,69.32061069,-74.61832061,3.079766977,0.042288744,2.666730343,-10.73282443,-1.885496183,-39.12977099,7.480916031,10.35877863,4.389312977,16.36134354,10.84876358,214.4342331,-0.335877863,5.209923664,1.103053435,4.044915764,3.293746132,14.6435731
2,0.20160784,-0.171770368,-0.977940151,0.033314184,0.020551761,0.00926199,-0.852704488,-2.152373338,0.055068005,-0.69808735,4.254977295,0.462587084,2.822509766,-2.404785156,-13.69116211,-0.13671875,-0.564941406,-1.158203125,0.392333984,-0.061035156,-0.779296875,0.033314184,0.020551761,0.00926199,0.272583008,-0.135620117,-0.974975586,0.182521735,0.143358855,0.096239231,-0.603598691,5.548527808,-5.556706652,16.43402047,11.01319053,210.518111,-0.679057352,-0.660500113,-1.961176401,-8.450381679,77.67938931,-77.79389313,3.012378509,0.518478859,2.723521315,-10.73282443,-1.885496183,-39.12977099,7.480916031,10.35877863,4.389312977,16.43402047,11.01319053,210.518111,-0.335877863,5.748091603,0.858778626,4.053889548,3.318612741,14.50924226
2,0.176217215,-0.204589844,-0.961652483,0.034205869,0.029840176,0.012116491,-0.507847526,-1.503168442,0.083112876,-1.28074183,0.881024745,-0.173160014,2.467041016,-2.864257813,-13.46313477,-0.13671875,-0.564941406,-1.158203125,0.392333984,-0.061035156,-0.774414063,0.034205869,0.029840176,0.012116491,0.219604492,-0.137207031,-0.950805664,0.184948288,0.172743092,0.110074936,0.564885496,4.902399128,-7.439476554,10.05641593,12.06528379,231.6376373,0.833831462,-0.380797859,-1.456488596,7.908396947,68.63358779,-104.1526718,0.54156395,-0.217693334,0.764583284,-3.648854962,-1.885496183,-39.12977099,7.480916031,10.35877863,4.389312977,10.05641593,12.06528379,231.6376373,0.026717557,5.209923664,0.645038168,3.171185257,3.473511738,15.21964643
2,0.140485491,-0.242780413,-0.948242188,0.042644241,0.044495864,0.008957083,-0.320311869,-1.146557897,0.435036403,-1.429990106,-0.285843771,0.065542022,1.966796875,-3.398925781,-13.27539063,-0.201416016,-0.669189453,-1.102294922,0.392333984,-0.061035156,-0.774414063,0.042644241,0.044495864,0.008957083,0.174316406,-0.149047852,-0.950805664,0.206504822,0.210940428,0.094641869,1.098146129,4.369138495,-10.29389313,14.14276429,13.80378234,286.4045555,0.728360407,-0.111351164,-0.995527587,15.3740458,61.16793893,-144.1145038,-0.385375157,-0.773430395,-0.769877314,-3.648854962,-1.885496183,-39.12977099,8.122137405,10.35877863,4.389312977,14.14276429,13.80378234,286.4045555,0.026717557,4.641221374,-0.732824427,3.760686678,3.715344176,16.92349123
2,0.123674665,-0.266601563,-0.952235631,0.046047575,0.048827226,0.008953559,-0.107509523,-0.772898706,0.578427866,-1.742402041,-1.209618308,0.185190848,1.731445313,-3.732421875,-13.33129883,-0.201416016,-0.669189453,-1.102294922,0.392333984,-0.061035156,-0.774414063,0.046047575,0.048827226,0.008953559,0.141479492,-0.149047852,-0.963378906,0.214586987,0.220968836,0.094623245,1.141221374,4.579607415,-12.46401309,14.30057196,14.65801674,313.6769614,0.6854665,-0.22818749,-0.621149544,15.97709924,64.11450382,-174.4961832,-0.497443046,-0.999115929,-1.548074094,-3.648854962,-1.885496183,-39.12977099,8.122137405,10.35877863,4.389312977,14.30057196,14.65801674,313.6769614,0.026717557,4.965648855,-4.099236641,3.781609705,3.828578945,17.71092774
2,0.147495815,-0.237792969,-0.950613839,0.040631806,0.041934545,0.008634214,-0.347653319,-1.177366859,0.612603619,-1.393925932,-0.102530371,0.314634374,2.064941406,-3.329101563,-13.30859375,-0.201416016,-0.669189453,-1.102294922,0.392333984,-0.061035156,-0.774414063,0.040631806,0.041934545,0.008634214,0.194824219,-0.149047852,-0.963378906,0.201573328,0.20477926,0.092920469,1.089967285,4.20610687,-9.913849509,14.7565919,15.49910575,266.014509,0.641616022,0.035652091,-0.990681678,15.25954198,58.88549618,-138.7938931,-0.539205054,-1.25709006,-0.725073125,-3.648854962,-1.885496183,-39.12977099,8.122137405,10.35877863,4.389312977,14.7565919,15.49910575,266.014509,0.026717557,4.270992366,-0.729007634,3.841430971,3.936890366,16.30995123
2,0.147984096,-0.213291713,-0.946428571,0.04041789,0.040907985,0.009202331,-0.349568312,-1.538161916,0.484836625,-1.380561851,0.942062545,-0.203734086,2.071777344,-2.986083984,-13.25,-0.201416016,-0.669189453,-1.102294922,0.392333984,-0.061035156,-0.774414063,0.04041789,0.040907985,0.009202331,0.194824219,-0.137207031,-0.963378906,0.20104201,0.202257224,0.095928781,0.312431843,4.875136314,-6.916030534,12.51758203,12.98759358,203.1888136,0.890822993,-0.110558438,-1.394815023,4.374045802,68.2519084,-96.82442748,0.366195577,-1.295786408,0.592917645,-3.648854962,-0.610687023,-37.75572519,8.122137405,10.35877863,4.389312977,12.51758203,12.98759358,203.1888136,-0.335877863,4.965648855,0.645038168,3.538019507,3.603830404,14.25443137
2,0.124441964,-0.230416434,-0.965733119,0.038832439,0.043801126,0.012109542,-0.060295951,-1.188260008,0.263856475,-1.408876542,-0.14648212,-0.017941989,1.7421875,-3.225830078,-13.52026367,-0.201416016,-0.669189453,-1.161132813,0.392333984,-0.061035156,-0.774414063,0.038832439,0.043801126,0.012109542,0.141479492,-0.137207031,-0.974121094,0.197059481,0.209287185,0.110043364,0.714830971,4.201199564,-8.016902944,16.16776508,15.37545873,224.5178126,0.771363513,0.044017365,-1.080017592,10.00763359,58.81679389,-112.2366412,-0.559972557,-1.253249972,-0.478849143,-3.648854962,-1.824427481,-37.75572519,8.122137405,10.35877863,4.389312977,16.16776508,15.37545873,224.5178126,-0.335877863,4.270992366,0.645038168,4.02091595,3.92115528,14.98391846
2,0.134102958,-0.230730329,-0.96585519,0.039424277,0.04368799,0.01209655,-0.21714374,-1.191244212,0.267323882,-1.438274944,-0.142370009,-0.008806742,1.877441406,-3.230224609,-13.52197266,-0.201416016,-0.669189453,-1.161132813,0.392333984,-0.063964844,-0.774414063,0.039424277,0.04368799,0.01209655,0.194824219,-0.137207031,-0.974121094,0.198555475,0.209016721,0.109984319,0.55561614,4.32606325,-7.989094875,16.15261957,15.04485957,225.0421816,0.907340944,-0.054201592,-1.080345226,7.778625954,60.5648855,-111.8473282,-0.37255621,-1.14802948,-0.481069602,-3.648854962,-1.824427481,-37.75572519,8.122137405,10.35877863,4.389312977,16.15261957,15.04485957,225.0421816,-0.400763359,4.270992366,0.839694656,4.019032168,3.878770369,15.00140599
2,0.166120257,-0.232352121,-0.959245954,0.038635389,0.043320522,0.01215948,-0.532963769,-1.186577657,0.069566621,-1.086349774,-0.137185459,-0.100219076,2.325683594,-3.252929688,-13.42944336,-0.201416016,-0.669189453,-1.161132813,0.392333984,-0.063964844,-0.774414063,0.038635389,0.043320522,0.01215948,0.21105957,-0.137695313,-0.963378906,0.196558869,0.208135826,0.110270033,0.489094875,4.298800436,-7.320610687,16.34667573,15.05110297,229.9307912,0.941243581,-0.029618684,-1.185153583,6.847328244,60.18320611,-102.4885496,-0.367456232,-1.151864756,-0.344418179,-3.648854962,-1.824427481,-37.75572519,8.122137405,10.35877863,4.389312977,16.34667573,15.05110297,229.9307912,-0.629770992,4.080152672,0.839694656,4.043102241,3.879575101,15.16346897
2,0.181030273,-0.233729771,-0.949201311,0.042606782,0.042847446,0.012827639,-0.580435011,-1.197760519,-0.17053696,-1.189798425,-0.119500773,-0.378816729,2.534423828,-3.272216797,-13.28881836,-0.201416016,-0.669189453,-1.161132813,0.401611328,-0.065429688,-0.774414063,0.042606782,0.042847446,0.012827639,0.235839844,-0.137695313,-0.950805664,0.206414104,0.206996247,0.113259168,0.538167939,4.286259542,-7.103053435,16.29642122,15.0574581,234.3671451,0.903734224,-0.018337659,-1.180268568,7.534351145,60.00763359,-99.44274809,-0.407517974,-1.154551063,-0.361534983,-3.648854962,-1.824427481,-37.75572519,8.122137405,10.35877863,4.389312977,16.29642122,15.0574581,234.3671451,-0.629770992,3.992366412,0.965648855,4.036882612,3.880394065,15.30905435
2,0.16242327,-0.238246373,-0.953595843,0.040003102,0.041633559,0.013061198,-0.388124156,-1.203788216,-0.042842746,-1.202149126,-0.084385466,-0.516714986,2.273925781,-3.335449219,-13.3503418,-0.201416016,-0.669189453,-1.161132813,0.401611328,-0.065429688,-0.774414063,0.040003102,0.041633559,0.013061198,0.21105957,-0.140258789,-0.963378906,0.200007755,0.204043032,0.114285597,0.892584515,3.965103599,-7.159760087,16.60109877,15.63810352,233.2350765,0.620773937,0.215040848,-1.181003024,12.49618321,55.51145038,-100.2366412,-0.866295073,-1.263625868,-0.357374675,-3.648854962,-1.824427481,-37.75572519,8.122137405,10.35877863,4.389312977,16.60109877,15.63810352,233.2350765,-0.038167939,3.938931298,0.965648855,4.074444597,3.954504207,15.27203577
2,0.153913225,-0.235142299,-0.958705357,0.036802885,0.042288907,0.011508519,-0.421662948,-1.215198159,-0.190982514,-1.082951097,-0.089732652,-0.380253032,2.154785156,-3.291992188,-13.421875,-0.201416016,-0.669189453,-1.161132813,0.401611328,-0.065429688,-0.774414063,0.036802885,0.042288907,0.011508519,0.21105957,-0.137695313,-0.963378906,0.191840781,0.205642669,0.107277763,0.581243184,3.72082879,-6.87131952,19.10956289,17.53148431,239.9576218,0.516858974,0.199725856,-1.161337857,8.13740458,52.09160305,-96.19847328,-0.989885711,-1.419373582,-0.388389672,-5.183206107,-1.824427481,-37.75572519,8.122137405,10.35877863,5.824427481,19.10956289,17.53148431,239.9576218,-0.038167939,3.938931298,0.965648855,4.371448603,4.187061536,15.49056557
2,0.131434849,-0.261753627,-0.975847517,0.033574743,0.046561873,0.019067127,-0.208215096,-0.810355636,-0.886885374,-1.021327782,-1.123826126,0.799668066,1.840087891,-3.664550781,-13.66186523,-0.201416016,-0.669189453,-1.291992188,0.401611328,-0.065429688,-0.774414063,0.033574743,0.046561873,0.019067127,0.151611328,-0.140258789,-0.963378906,0.18323412,0.215782002,0.138083767,1.164122137,3.697928026,-8.802071974,18.55543428,17.36955184,245.3190594,0.216620046,0.208985173,-0.814622621,16.29770992,51.77099237,-123.2290076,-1.181293279,-1.386295058,-1.137769713,-5.183206107,-1.824427481,-37.75572519,8.122137405,10.35877863,5.824427481,18.55543428,17.36955184,245.3190594,0.370229008,3.938931298,0.683206107,4.307601918,4.167679431,15.66266451
2,0.100359235,-0.302577427,-0.974679129,0.039403755,0.054950041,0.01876803,-0.004942576,-0.501296146,-0.91402501,-1.218676952,-1.637134528,0.952796265,1.405029297,-4.236083984,-13.64550781,-0.201416016,-0.669189453,-1.291992188,0.401611328,-0.065429688,-0.774414063,0.039403755,0.054950041,0.01876803,0.079223633,-0.15222168,-0.963378906,0.19850379,0.234414251,0.136996461,1.89912759,2.446564885,-12.30207197,24.84376631,21.33967224,319.5054951,0.238429816,-0.307951881,-0.625843548,26.58778626,34.2519084,-172.2290076,-1.152914435,-0.172724252,-1.283572216,-5.183206107,-7.160305344,-44.89312977,10.64885496,9.557251908,5.824427481,24.84376631,21.33967224,319.5054951,1.751908397,2.473282443,-0.797709924,4.984352145,4.61948831,17.87471665
2,0.101667132,-0.309535435,-0.983398438,0.040021866,0.053156833,0.019487216,0.002127442,-0.451788534,-0.68196014,-1.239783241,-1.600118443,0.37310577,1.423339844,-4.333496094,-13.76757813,-0.201416016,-0.669189453,-1.291992188,0.401611328,-0.065429688,-0.774414063,0.040021866,0.053156833,0.019487216,0.079223633,-0.198364258,-0.974121094,0.200054658,0.230557657,0.139596619,2.449836423,2.022355507,-13.06870229,22.96171968,17.36211772,305.7943817,-0.009919818,-0.505976225,-0.553944244,34.29770992,28.3129771,-182.9618321,-0.970010016,0.283314483,-1.24064801,-5.183206107,-7.160305344,-44.89312977,10.64885496,7.832061069,5.824427481,22.96171968,17.36211772,305.7943817,3.358778626,2.328244275,-5.881679389,4.791838862,4.166787458,17.48697749
2,0.104701451,-0.284894671,-0.994105748,0.039452817,0.04893142,0.01627269,-0.040396338,-0.779213552,-0.984867973,-1.171950503,-1.004367727,0.808284714,1.465820313,-3.988525391,-13.91748047,-0.201416016,-0.669189453,-1.291992188,0.401611328,-0.065429688,-0.850830078,0.039452817,0.04893142,0.01627269,0.079223633,-0.182983398,-0.974121094,0.198627333,0.221204474,0.127564455,2.214830971,2.770992366,-11.34296619,22.12726403,21.86141206,303.5660237,0.136900853,-0.39448007,-0.848036726,31.00763359,38.79389313,-158.8015267,-0.761358675,0.132295987,-0.833045737,-5.183206107,-7.160305344,-44.89312977,10.64885496,10.42748092,5.824427481,22.12726403,21.86141206,303.5660237,2.729007634,3.763358779,-1.370229008,4.703962588,4.675618896,17.42314621
2,0.113926479,-0.248064314,-0.998814174,0.034561896,0.03743715,0.016343253,0.100151914,-1.108039334,-0.853339663,-1.212886348,-0.071249933,0.585163341,1.594970703,-3.472900391,-13.98339844,-0.188720703,-0.663330078,-1.291992188,0.401611328,-0.065429688,-0.850830078,0.034561896,0.03743715,0.016343253,0.079223633,-0.157592773,-0.99230957,0.185908301,0.193486821,0.127840733,1.694111232,2.988004362,-9.239367503,19.29800993,20.94009865,245.8461414,0.36402796,-0.550734441,-1.206546081,23.71755725,41.83206107,-129.351145,-0.090242518,0.574099803,0.470436683,-5.183206107,-7.160305344,-44.89312977,10.64885496,10.42748092,5.824427481,19.29800993,20.94009865,245.8461414,1.583969466,3.763358779,-1.370229008,4.392950026,4.576035255,15.67948154
2,0.117082868,-0.235281808,-1.000104632,0.033385779,0.032627146,0.016308112,0.102650254,-1.35658477,-0.82112977,-1.13636778,1.094644276,0.557933913,1.639160156,-3.293945313,-14.00146484,-0.188720703,-0.663330078,-1.291992188,0.401611328,-0.065429688,-0.850830078,0.033385779,0.032627146,0.016308112,0.079223633,-0.157592773,-1.001342773,0.182717756,0.18062986,0.12770322,1.784623773,2.365321701,-8.6608506,19.69109904,19.87170245,221.6669883,0.29889786,-0.277453072,-1.300277496,24.98473282,33.11450382,-121.2519084,-0.260380059,0.562438442,1.134568329,-5.183206107,-7.160305344,-44.89312977,10.64885496,10.42748092,5.824427481,19.69109904,19.87170245,221.6669883,1.583969466,3.022900763,-1.370229008,4.437465384,4.457768775,14.88848509
2,0.103480748,-0.2482387,-0.990687779,0.033641227,0.03292182,0.016912936,0.334445229,-1.112811149,-0.9887778,-1.082650097,0.536403206,0.632515274,1.448730469,-3.475341797,-13.86962891,-0.188720703,-0.663330078,-1.291992188,0.401611328,-0.065429688,-0.850830078,0.033641227,0.03292182,0.016912936,0.044677734,-0.178955078,-0.960083008,0.183415449,0.181443711,0.130049744,2.215376227,2.138495093,-10.48964013,17.50268434,21.38956271,242.3130879,0.164000325,-0.173533561,-0.893539088,31.01526718,29.9389313,-146.8549618,0.214799584,0.031321423,-0.116712942,-5.183206107,-7.160305344,-44.89312977,10.64885496,10.42748092,5.824427481,17.50268434,21.38956271,242.3130879,2.496183206,3.022900763,-4.515267176,4.18362096,4.624885157,15.56640896
2,0.120919364,-0.248465402,-1.000854492,0.032049586,0.032837211,0.015415079,0.087450827,-1.117042383,-0.963130803,-1.001865504,0.543869789,0.881368993,1.692871094,-3.478515625,-14.01196289,-0.188720703,-0.663330078,-1.291992188,0.401611328,-0.065429688,-0.850830078,0.032049586,0.032837211,0.015415079,0.079223633,-0.178955078,-0.997192383,0.179023983,0.181210407,0.124157478,2.429116685,1.92693566,-10.63304253,15.55504815,19.58180413,238.4839996,0.238983949,-0.17459096,-0.904988793,34.00763359,26.97709924,-148.8625954,0.714887705,0.462187867,-0.075392996,-5.183206107,-7.160305344,-44.89312977,10.64885496,10.42748092,5.824427481,15.55504815,19.58180413,238.4839996,2.496183206,3.022900763,-4.515267176,3.943988863,4.425133233,15.44292717
2,0.152901786,-0.224190848,-0.978358677,0.038225279,0.032109631,0.014734054,-0.061393297,-1.479383137,-1.295066647,-1.075878335,1.653929022,2.257822507,2.140625,-3.138671875,-13.69702148,-0.188720703,-0.663330078,-1.291992188,0.450439453,-0.065429688,-0.846191406,0.038225279,0.032109631,0.014734054,0.149169922,-0.148193359,-0.960083008,0.195512861,0.179191605,0.12138391,1.515267176,2.731733915,-8.901853871,17.18312766,22.14695089,229.9744399,0.251533943,-0.33896657,-1.261757898,21.21374046,38.24427481,-124.6259542,0.886427943,0.305378943,0.822105205,-5.251908397,-7.160305344,-44.89312977,10.64885496,10.42748092,5.824427481,17.18312766,22.14695089,229.9744399,1.583969466,3.763358779,-0.328244275,4.145253631,4.706054705,15.16490817
2,0.161097935,-0.22328404,-0.983851842,0.040444556,0.032431224,0.014433337,-0.130965564,-1.459095528,-1.187620026,-1.267955553,1.611961008,2.190283056,2.255371094,-3.125976563,-13.77392578,-0.188720703,-0.663330078,-1.291992188,0.450439453,-0.052734375,-0.846191406,0.040444556,0.032431224,0.014433337,0.149169922,-0.148193359,-0.994995117,0.20110832,0.180086712,0.120138823,1.189203926,3.079607415,-8.341330425,20.04130276,24.72280811,246.2628628,0.185882965,-0.37247012,-1.157242012,16.64885496,43.11450382,-116.778626,0.201966596,-0.150925725,0.617828472,-5.251908397,-7.160305344,-44.89312977,10.64885496,10.42748092,8.79389313,20.04130276,24.72280811,246.2628628,1.583969466,3.79389313,-0.328244275,4.476751363,4.972203546,15.69276466
2,0.163399833,-0.220982143,-0.995099749,0.041518729,0.032929749,0.014460586,-0.11671436,-1.455343681,-0.907351617,-1.298316181,1.562956502,1.636538244,2.287597656,-3.09375,-13.93139648,-0.188720703,-0.663330078,-1.291992188,0.450439453,-0.052734375,-0.846191406,0.041518729,0.032929749,0.014460586,0.149169922,-0.148193359,-0.997192383,0.203761451,0.181465559,0.120252178,1.159214831,3.039803708,-8.338604144,20.21452809,24.66477369,246.3144124,0.197780707,-0.346293965,-1.1572818,16.22900763,42.55725191,-116.740458,0.149669522,-0.149442677,0.617267085,-5.251908397,-7.160305344,-44.89312977,10.64885496,10.42748092,8.79389313,20.21452809,24.66477369,246.3144124,1.583969466,3.538167939,-0.328244275,4.496056949,4.966364233,15.69440704
2,0.162161691,-0.210675921,-1.016026088,0.040904936,0.037474141,0.014187846,-0.127661615,-1.140179263,-0.646673857,-1.287481958,1.155716589,1.000711194,2.270263672,-2.949462891,-14.22436523,-0.188720703,-0.663330078,-1.291992188,0.450439453,0.061035156,-0.846191406,0.040904936,0.037474141,0.014187846,0.149169922,-0.148193359,-1.002685547,0.202249688,0.193582389,0.119112744,1.750817884,3.501635769,-8.185387132,24.12369377,28.5755665,250.6418259,0.048458473,-0.34373996,-1.135938833,24.51145038,49.02290076,-114.5954198,-0.542517682,-0.551915529,0.562329267,-5.251908397,-7.160305344,-44.89312977,10.64885496,10.4351145,8.79389313,24.12369377,28.5755665,250.6418259,2.496183206,3.538167939,-0.328244275,4.911587704,5.345611892,15.83167161
2,0.152779715,-0.228864397,-1.001238142,0.043263116,0.039447452,0.017542128,-0.022938317,-0.81244296,-0.472468112,-1.503898508,0.276382655,0.363870194,2.138916016,-3.204101563,-14.01733398,-0.188720703,-0.663330078,-1.291992188,0.450439453,0.061035156,-0.799804688,0.043263116,0.039447452,0.017542128,0.121948242,-0.178955078,-0.997192383,0.207997875,0.198613826,0.132446699,1.420937841,3.302071974,-9.530534351,24.33657584,30.19199808,247.2161632,0.261598896,-0.259851672,-0.898300632,19.89312977,46.22900763,-133.4274809,-0.537432873,-0.861116668,0.189220288,-5.251908397,-7.160305344,-44.89312977,10.64885496,10.4351145,8.79389313,24.33657584,30.19199808,247.2161632,1.583969466,3.538167939,-4.515267176,4.933211514,5.494724569,15.72310921
2,0.115216936,-0.273629325,-1.00378418,0.05327459,0.056710969,0.016808077,0.058979375,-0.720919156,-0.512893533,-1.345036461,-0.2610932,0.533984356,1.613037109,-3.830810547,-14.05297852,-0.252685547,-0.743652344,-1.291992188,0.450439453,0.061035156,-0.799804688,0.05327459,0.056710969,0.016808077,0.044677734,-0.219726563,-0.997192383,0.230812889,0.23814065,0.129645966,0.962377317,3.468375136,-13.53653217,33.80317145,28.87143574,339.4011594,-0.440789806,-0.331949091,-0.806122339,13.47328244,48.55725191,-189.5114504,0.500077252,-0.606060304,-0.249654538,-11.60305344,-7.160305344,-50.25954198,10.64885496,10.4351145,8.79389313,33.80317145,28.87143574,339.4011594,1.583969466,3.538167939,-9.026717557,5.814049488,5.373214656,18.42284341
2,0.126586914,-0.243722098,-0.987618583,0.053536376,0.05405376,0.010431761,-0.105358889,-1.090380163,0.388545416,-1.36126622,0.624037534,-0.801496153,1.772216797,-3.412109375,-13.82666016,-0.252685547,-0.743652344,-1.145996094,0.450439453,0.061035156,-0.799804688,0.053536376,0.05405376,0.010431761,0.114624023,-0.178955078,-0.997192383,0.231379291,0.232494645,0.102135994,0.453107961,3.121046892,-12.76172301,33.54121023,28.04400727,332.6116837,-0.179202313,-0.141870795,-0.968476858,6.34351145,43.69465649,-178.6641221,0.408907874,-0.523339986,0.098056784,-11.60305344,-7.160305344,-50.25954198,10.64885496,10.4351145,8.79389313,33.54121023,28.04400727,332.6116837,0.209923664,2.942748092,-9.026717557,5.791477379,5.295659286,18.23764469
2,0.160016741,-0.206508092,-0.993617467,0.046479122,0.039809171,0.01220592,-0.365000243,-1.539634371,0.157273346,-1.001994753,3.237474961,-0.771911223,2.240234375,-2.891113281,-13.91064453,-0.252685547,-0.743652344,-1.169921875,0.450439453,0.061035156,-0.799804688,0.046479122,0.039809171,0.01220592,0.201538086,-0.147949219,-0.997192383,0.215590171,0.199522356,0.110480407,-0.110687023,3.983642312,-9.647764449,25.61033963,19.35929731,252.8610656,-0.602374048,0.208142011,-1.3818708,-1.549618321,55.77099237,-135.0687023,0.952772741,-1.11629409,2.074923399,-11.60305344,-2.442748092,-50.25954198,8.664122137,10.4351145,8.79389313,25.61033963,19.35929731,252.8610656,0.209923664,3.538167939,-4.801526718,5.060665928,4.399920148,15.90160576
2,0.140171596,-0.189836775,-0.987357003,0.044744609,0.042673301,0.01161183,-0.115294215,-1.582695678,0.009572273,-0.962923682,3.071831501,-0.531940925,1.962402344,-2.657714844,-13.82299805,-0.252685547,-0.743652344,-1.169921875,0.450439453,0.061035156,-0.799804688,0.044744609,0.042673301,0.01161183,0.121826172,-0.123901367,-0.994995117,0.211529217,0.20657517,0.107758202,-0.567611778,3.970556161,-9.014721919,24.05201963,19.37199157,258.3346718,-0.41134251,0.218221306,-1.461572705,-7.946564885,55.58778626,-126.2061069,1.213531605,-1.11638541,2.136880669,-11.60305344,-2.442748092,-50.25954198,8.664122137,10.4351145,8.79389313,24.05201963,19.37199157,258.3346718,-0.717557252,3.446564885,-1.091603053,4.904285843,4.401362467,16.07279291
2,0.137817383,-0.183698382,-0.991925921,0.045343553,0.043008994,0.011283714,-0.087483199,-1.664133153,0.141875927,-1.031317381,3.226368876,-0.336261456,1.929443359,-2.571777344,-13.88696289,-0.252685547,-0.743652344,-1.169921875,0.450439453,0.061035156,-0.799804688,0.045343553,0.043008994,0.011283714,0.121826172,-0.111938477,-0.994995117,0.212940256,0.2073861,0.106224826,-0.640130862,3.308615049,-9.992911668,23.67213545,16.30055371,254.2656781,-0.382938731,0.464731651,-1.297903052,-8.961832061,46.32061069,-139.9007634,1.331059727,-0.606980954,1.852177234,-11.60305344,-2.442748092,-50.25954198,8.664122137,10.4351145,8.79389313,23.67213545,16.30055371,254.2656781,-0.717557252,2.93129771,-4.801526718,4.86540188,4.037394421,15.94571034
2,0.141915458,-0.192208426,-0.987304688,0.043724348,0.043470552,0.011140255,-0.104936386,-1.502009957,-0.00138541,-0.901697856,2.730793388,-0.267076051,1.986816406,-2.690917969,-13.82226563,-0.252685547,-0.743652344,-1.169921875,0.450439453,0.061035156,-0.799804688,0.043724348,0.043470552,0.011140255,0.121826172,-0.111938477,-0.992431641,0.209103678,0.208495927,0.105547406,-0.598691385,3.137949836,-11.12486369,23.82757607,17.03221943,268.0897169,-0.404702953,0.536148492,-1.014578381,-8.381679389,43.93129771,-155.7480916,1.284664291,-0.726245191,0.920372453,-11.60305344,-2.442748092,-50.25954198,8.664122137,10.4351145,8.79389313,23.82757607,17.03221943,268.0897169,-0.717557252,2.702290076,-6.545801527,4.881349821,4.127010955,16.37344548
2,0.156284877,-0.174176897,-0.987339565,0.041127231,0.042791254,0.011140914,-0.3033409,-1.80250976,-0.000237414,-0.520991445,3.716337152,-0.267498947,2.187988281,-2.438476563,-13.82275391,-0.252685547,-0.743652344,-1.169921875,0.450439453,0.061035156,-0.799804688,0.041127231,0.042791254,0.011140914,0.178833008,-0.098022461,-0.992431641,0.202798499,0.20686047,0.105550527,-0.970010905,3.499454744,-9.336423119,21.76863877,15.7290611,262.0974433,-0.293940784,0.379467298,-1.3542174,-13.58015267,48.99236641,-130.7099237,1.952108835,-0.585909378,1.82128337,-11.60305344,-2.442748092,-50.25954198,8.664122137,10.4351145,8.79389313,21.76863877,15.7290611,262.0974433,-0.916030534,3.446564885,-1.091603053,4.665687384,3.965988036,16.18942381
2,0.18094308,-0.15863909,-0.992972238,0.041676447,0.040520752,0.010521349,-0.608228292,-2.172623049,0.136148119,-0.279974889,5.384624349,0.112388486,2.533203125,-2.220947266,-13.90161133,-0.252685547,-0.743652344,-1.169921875,0.450439453,0.061035156,-0.799804688,0.041676447,0.040520752,0.010521349,0.201538086,-0.098022461,-0.992431641,0.2041481,0.201297671,0.102573629,-1.304252999,4.03217012,-6.945474373,20.72194876,12.88405444,247.9834047,-0.10549052,0.402229685,-1.786275573,-18.25954198,56.45038168,-97.23664122,2.409408751,-0.441635937,3.62621577,-11.60305344,-1.755725191,-50.25954198,8.664122137,10.4351145,8.79389313,20.72194876,12.88405444,247.9834047,-1.370229008,3.816793893,-0.408396947,4.552136724,3.589436507,15.74748884
2,0.192818778,-0.160103934,-0.986293248,0.043931018,0.040292145,0.011065849,-0.706322067,-2.169133344,-0.043870103,-0.385932243,5.400428283,-0.230625153,2.699462891,-2.241455078,-13.80810547,-0.252685547,-0.743652344,-1.169921875,0.450439453,0.061035156,-0.799804688,0.043931018,0.040292145,0.011065849,0.245239258,-0.101318359,-0.989501953,0.209597276,0.200729035,0.105194337,-1.667393675,3.711559433,-6.709378408,21.87043712,13.98689496,252.7187717,0.10981852,0.546310828,-1.768389865,-23.34351145,51.96183206,-93.93129771,1.837932045,-0.610975802,3.512050523,-11.60305344,-1.755725191,-50.25954198,8.664122137,10.4351145,8.79389313,21.87043712,13.98689496,252.7187717,-1.835877863,3.446564885,-0.408396947,4.676583916,3.739905742,15.89713093
2,0.186959403,-0.164045061,-0.996738979,0.041160448,0.039832367,0.009441354,-0.803279426,-2.143238575,0.053113891,-0.289173786,5.37733204,0.510299556,2.617431641,-2.296630859,-13.9543457,-0.252685547,-0.743652344,-1.169921875,0.395019531,0.061035156,-0.799804688,0.041160448,0.039832367,0.009441354,0.245239258,-0.111938477,-0.991577148,0.202880378,0.199580478,0.097166629,-1.401853871,3.721374046,-6.274263904,20.80749828,14.10939608,261.7215284,-0.042103226,0.553547761,-1.733514614,-19.6259542,52.09923664,-87.83969466,2.36729009,-0.608845255,3.307541326,-11.60305344,-1.755725191,-50.25954198,8.664122137,10.4351145,8.79389313,20.80749828,14.10939608,261.7215284,-1.625954198,3.446564885,-0.213740458,4.56152368,3.756247607,16.17780975
2,0.169503348,-0.163643973,-1.004499163,0.039669169,0.039930779,0.010241011,-0.590817106,-2.139877496,0.212708109,-0.410346037,5.357903346,0.037650358,2.373046875,-2.291015625,-14.06298828,-0.252685547,-0.743652344,-1.169921875,0.395019531,0.061035156,-0.799804688,0.039669169,0.039930779,0.010241011,0.188476563,-0.111938477,-0.991577148,0.199171206,0.199826871,0.101197879,-1.021810251,3.244820065,-6.76608506,19.88428016,12.09796331,249.1461553,-0.291820807,0.89512859,-1.822879767,-14.30534351,45.42748092,-94.72519084,2.974240554,0.503152486,3.635498461,-11.60305344,-1.755725191,-50.25954198,8.664122137,10.4351145,6.160305344,19.88428016,12.09796331,249.1461553,-1.278625954,2.770992366,-0.213740458,4.459179315,3.47821266,15.78436427
2,0.169503348,-0.161499023,-0.991315569,0.039669169,0.040263953,0.010833242,-0.590817106,-2.145351375,-0.092059277,-0.410346037,5.333999104,-0.26892279,2.373046875,-2.260986328,-13.87841797,-0.252685547,-0.743652344,-1.169921875,0.395019531,0.061035156,-0.799804688,0.039669169,0.040263953,0.010833242,0.188476563,-0.107788086,-0.989501953,0.199171206,0.200658798,0.104082863,-0.902944384,3.568157034,-6.591057797,19.90396318,13.71009144,252.2983932,-0.3834051,0.623751229,-1.815557821,-12.64122137,49.95419847,-92.27480916,3.009909721,-0.499758889,3.569413453,-11.60305344,-1.755725191,-50.25954198,8.664122137,10.4351145,6.160305344,19.90396318,13.71009144,252.2983932,-0.916030534,2.770992366,-0.076335878,4.461385791,3.702714063,15.88390359
2,0.156232561,-0.17464774,-0.974400112,0.035995827,0.036382158,0.009203579,-0.568147679,-2.397796685,-0.309092701,-0.138857355,6.222758348,0.345601107,2.187255859,-2.445068359,-13.64160156,-0.252685547,-0.743652344,-1.169921875,0.395019531,-0.001708984,-0.799804688,0.035995827,0.036382158,0.009203579,0.182128906,-0.120727539,-0.983398438,0.189725662,0.190741076,0.095935288,-1.249727372,3.321155943,-7.155943293,14.44177476,10.91098747,241.5393644,-1.560809522,0.433149078,-1.855453333,-17.49618321,46.49618321,-100.1832061,3.689380214,-0.589292962,3.813305422,-11.60305344,-1.755725191,-50.25954198,3.809160305,9.580152672,6.160305344,14.44177476,10.91098747,241.5393644,-0.916030534,2.770992366,-1.091603053,3.800233514,3.30317839,15.54153675
2,0.156581334,-0.178152902,-0.988821847,0.035861461,0.03823631,0.006692072,-0.57160832,-2.271236711,-0.750437863,-0.115960516,5.296362515,0.519903178,2.192138672,-2.494140625,-13.84350586,-0.252685547,-0.743652344,-1.169921875,0.395019531,-0.001708984,-0.884765625,0.035861461,0.03823631,0.006692072,0.182128906,-0.120727539,-0.989501953,0.189371225,0.19554107,0.081805085,-0.760087241,3.709378408,-8.131952017,18.03745267,8.775877901,275.7621389,-1.107574996,0.590845244,-1.553404175,-10.64122137,51.93129771,-113.8473282,2.501761529,-0.45701503,1.983888413,-11.60305344,0.030534351,-50.25954198,5.832061069,9.580152672,6.160305344,18.03745267,8.775877901,275.7621389,-0.43129771,3.557251908,-1.091603053,4.247052233,2.962410826,16.60608741
2,0.167654855,-0.163138253,-0.994105748,0.027816896,0.023104642,0.005918162,-0.061289406,-1.707214527,-0.868369561,-1.446313076,2.219425171,0.983470564,2.347167969,-2.283935547,-13.91748047,-0.09765625,-0.533447266,-1.169921875,0.395019531,-0.001708984,-0.884765625,0.027816896,0.023104642,0.005918162,0.182128906,-0.120727539,-0.989501953,0.166783979,0.152002111,0.076929593,0.334242094,3.492911668,-7.462922574,9.24619041,10.75916066,221.3232563,0.019724551,0.208994018,-1.238553218,4.679389313,48.90076336,-104.480916,-0.218013517,-0.36394927,0.495308929,-5.496183206,-2.167938931,-40.89312977,5.832061069,9.580152672,6.160305344,9.24619041,10.75916066,221.3232563,0.133587786,3.557251908,-1.091603053,3.040754908,3.280115952,14.87693706
2,0.158865792,-0.185651507,-0.991786412,0.028074388,0.026681952,0.005635955,0.112159316,-1.191933366,-0.977493811,-1.478572593,0.216201739,1.542243024,2.224121094,-2.599121094,-13.88500977,-0.09765625,-0.533447266,-1.169921875,0.395019531,-0.001708984,-0.884765625,0.028074388,0.026681952,0.005635955,0.130737305,-0.124267578,-0.989501953,0.167554134,0.163346112,0.075072997,0.408396947,3.356052345,-8.371864776,8.851597764,11.47045947,241.3685542,-0.002392921,0.245546876,-0.999295713,5.717557252,46.98473282,-117.2061069,0.008866449,-0.618110675,-0.369571475,-5.496183206,-2.167938931,-40.89312977,5.832061069,9.580152672,6.160305344,8.851597764,11.47045947,241.3685542,0.133587786,3.557251908,-1.091603053,2.975163485,3.386806677,15.53604049
2,0.161603655,-0.173427037,-0.982264927,0.028889504,0.029914614,0.003252007,0.092274593,-1.082186678,-0.128572892,-1.55827374,0.045010469,0.571963313,2.262451172,-2.427978516,-13.75170898,-0.09765625,-0.533447266,-1.102783203,0.395019531,0.028808594,-0.884765625,0.028889504,0.029914614,0.003252007,0.130737305,-0.120727539,-0.989501953,0.169969128,0.172958417,0.057026375,0.346782988,3.401853871,-8.28953108,8.593238822,11.65371936,242.7179469,0.036657412,0.208311698,-1.004658253,4.854961832,47.6259542,-116.0534351,0.201561654,-0.719818141,-0.375055211,-5.496183206,-2.167938931,-40.89312977,5.832061069,9.580152672,6.160305344,8.593238822,11.65371936,242.7179469,0.133587786,3.557251908,-0.515267176,2.931422662,3.413754438,15.57940778
2,0.164672852,-0.177089146,-0.989484515,0.02829524,0.028747922,0.004113238,0.050679302,-1.134174351,-0.141438725,-1.488804017,0.131162813,-0.249516777,2.305419922,-2.479248047,-13.8527832,-0.09765625,-0.533447266,-1.102783203,0.395019531,0.028808594,-0.884765625,0.02829524,0.028747922,0.004113238,0.130737305,-0.120727539,-0.990356445,0.168211889,0.169552121,0.064134533,0.439476554,3.556161396,-7.848418757,8.254142571,11.99812506,252.4765533,-0.031743657,0.06616922,-0.997229629,6.152671756,49.78625954,-109.8778626,0.487646156,-0.911774228,-0.434635906,-5.496183206,-2.167938931,-40.89312977,5.832061069,9.580152672,6.160305344,8.254142571,11.99812506,252.4765533,0.133587786,3.927480916,0.29389313,2.873002362,3.46383098,15.8895108
2,0.178693499,-0.175292969,-0.99257115,0.026207204,0.029020108,0.004238621,-0.159005377,-1.148135117,0.0067491,-1.212937623,0.127425091,-0.457352418,2.501708984,-2.454101563,-13.89599609,-0.09765625,-0.533447266,-1.102783203,0.395019531,0.028808594,-0.884765625,0.026207204,0.029020108,0.004238621,0.182128906,-0.110107422,-0.994384766,0.161886391,0.170352892,0.065104694,0.317339149,3.783533261,-6.762268266,8.231192501,11.54858832,253.6194668,0.112456913,-0.131917027,-1.208993117,4.442748092,52.96946565,-94.67175573,0.520389127,-0.703801888,-0.052916718,-5.496183206,-2.167938931,-40.89312977,5.832061069,9.580152672,6.160305344,8.231192501,11.54858832,253.6194668,-0.221374046,4.259541985,0.759541985,2.86900549,3.398321398,15.92543459
2,0.204868862,-0.1640625,-0.993600028,0.02488536,0.028429563,0.004207145,-0.474385363,-1.396274011,0.059439686,-0.862154199,0.747196487,-0.405098057,2.868164063,-2.296875,-13.91040039,-0.09765625,-0.533447266,-1.102783203,0.395019531,0.028808594,-0.884765625,0.02488536,0.028429563,0.004207145,0.199584961,-0.106323242,-0.994384766,0.157750942,0.168610685,0.064862509,0.253544166,4.057797165,-4.77480916,8.137728916,10.38920732,234.4766062,0.187643126,-0.312386853,-1.657199746,3.549618321,56.80916031,-66.84732824,0.636607573,-0.11188677,1.425577289,-5.496183206,-2.167938931,-40.89312977,5.832061069,9.580152672,6.160305344,8.137728916,10.38920732,234.4766062,-0.221374046,4.259541985,1.347328244,2.852670489,3.223229331,15.31262898
2,0.216395787,-0.166085379,-0.991228376,0.02577486,0.028096469,0.004271906,-0.660852712,-1.388258512,-0.059873168,-0.813893458,0.75604865,-0.503424754,3.029541016,-2.325195313,-13.87719727,-0.09765625,-0.533447266,-1.102783203,0.395019531,0.028808594,-0.884765625,0.02577486,0.028096469,0.004271906,0.259155273,-0.109130859,-0.989257813,0.160545509,0.167620013,0.065359818,0.079607415,4.10087241,-4.57306434,8.959408984,10.42611089,237.439637,0.226867994,-0.356429833,-1.662012764,1.114503817,57.41221374,-64.02290076,0.118910158,-0.113697363,1.420474876,-5.496183206,-2.167938931,-40.89312977,5.832061069,9.580152672,6.160305344,8.959408984,10.42611089,237.439637,-0.221374046,4.561068702,2.408396947,2.993227186,3.228948883,15.40907645
2,0.213814872,-0.166224888,-1.008265904,0.025116739,0.028084543,0.007869279,-0.663770314,-1.386404674,-0.823383618,-0.760769705,0.753576339,1.063928342,2.993408203,-2.327148438,-14.11572266,-0.09765625,-0.533447266,-1.217041016,0.395019531,0.028808594,-0.884765625,0.025116739,0.028084543,0.007869279,0.258056641,-0.109130859,-0.997070313,0.158482613,0.167584435,0.088708957,0.344056707,4.046346783,-4.961286805,8.740923868,10.36034716,230.8300526,-0.032040732,-0.302581065,-1.670284625,4.816793893,56.64885496,-69.45801527,0.237684981,-0.097723502,1.461331525,-5.496183206,-2.167938931,-40.89312977,5.832061069,9.580152672,6.160305344,8.740923868,10.36034716,230.8300526,0.133587786,4.297709924,1.347328244,2.956505347,3.218749316,15.19309227
2,0.212908064,-0.162684849,-1.023524693,0.024846338,0.028786527,0.007736028,-0.671129918,-1.384424768,-0.553520574,-0.741245401,0.711507435,0.493070938,2.980712891,-2.277587891,-14.3293457,-0.09765625,-0.533447266,-1.217041016,0.395019531,0.028808594,-0.884765625,0.024846338,0.028786527,0.007736028,0.258056641,-0.109130859,-1.016601563,0.157627212,0.169665928,0.087954694,0.357688113,4.570338059,-5.072519084,8.572056112,9.672050926,228.8234301,0.018282998,-0.628756867,-1.67497578,5.007633588,63.98473282,-71.01526718,0.158184542,0.57820055,1.478577502,-5.305343511,-2.167938931,-40.89312977,5.832061069,9.580152672,6.160305344,8.572056112,9.672050926,228.8234301,0.133587786,4.561068702,1.347328244,2.92780739,3.10999211,15.12691079
2,0.200910296,-0.15284947,-1.025460379,0.022843255,0.030716735,0.007658852,-0.580635139,-1.378249464,-0.488496512,-0.62254986,0.644939461,0.51530069,2.812744141,-2.139892578,-14.35644531,-0.09765625,-0.533447266,-1.217041016,0.395019531,0.028808594,-0.884765625,0.022843255,0.030716735,0.007658852,0.200561523,-0.098022461,-1.025512695,0.151139853,0.175261905,0.087514869,0.152126499,4.74263904,-5.097600872,10.00133096,11.94686905,228.2254143,-0.046354857,-0.017343758,-1.679105254,2.129770992,66.39694656,-71.36641221,-0.342303449,1.098264697,1.486796501,-5.305343511,-2.167938931,-40.89312977,5.832061069,11.99236641,5.809160305,10.00133096,11.94686905,228.2254143,0.133587786,4.561068702,1.347328244,3.162488097,3.456424316,15.10713124
2,0.199393136,-0.160016741,-1.008265904,0.023219268,0.029803732,0.008934359,-0.553483599,-1.317279658,-0.519214172,-0.726727307,0.592010987,0.595801387,2.791503906,-2.240234375,-14.11572266,-0.09765625,-0.533447266,-1.217041016,0.395019531,0.028808594,-0.862060547,0.023219268,0.029803732,0.008934359,0.200561523,-0.109130859,-1.010620117,0.152378701,0.172637574,0.094521738,-0.043075245,5.099781897,-5.195201745,10.46394649,11.70506887,226.8859957,0.123445071,-0.314023884,-1.675637172,-0.603053435,71.39694656,-72.73282443,-0.590635965,1.363815833,1.486940025,-5.305343511,-2.167938931,-40.89312977,5.832061069,11.99236641,5.809160305,10.46394649,11.70506887,226.8859957,-0.221374046,5.167938931,0.664122137,3.234802388,3.421267143,15.06273533
2,0.164114816,-0.19241769,-1.00238909,0.025778616,0.038598866,0.010981112,-0.428468981,-0.912838805,-0.044911698,-1.104912489,-0.760793364,0.663279884,2.297607422,-2.693847656,-14.03344727,-0.098876953,-0.533447266,-1.217041016,0.3515625,0.028808594,-0.802490234,0.025778616,0.038598866,0.010981112,0.199462891,-0.119262695,-1.010620117,0.160557205,0.196465942,0.104790801,0.176117775,3.866412214,-7.166303162,11.13169364,25.33804064,246.8759502,-0.048667622,-1.332684519,-1.218386578,2.465648855,54.12977099,-100.3282443,-0.906272118,3.051908685,-0.044113251,-5.305343511,-9.282442748,-40.89312977,5.832061069,11.99236641,5.809160305,11.13169364,25.33804064,246.8759502,0.064885496,4.561068702,0.480916031,3.336419284,5.033690558,15.7122866
2,0.140764509,-0.240304129,-1.010393415,0.031683286,0.063547514,0.010271143,-0.251493483,-0.976885877,0.15700647,-1.481805377,-0.10939312,1.228099767,1.970703125,-3.364257813,-14.14550781,-0.128417969,-0.793457031,-1.217041016,0.3515625,0.028808594,-0.802490234,0.031683286,0.063547514,0.010271143,0.147583008,-0.121459961,-1.020385742,0.177997996,0.252086323,0.101346648,0.563249727,2.872955289,-10.30643402,16.25920292,32.49933084,349.8770365,0.585234194,-0.925235131,-0.930315165,7.885496183,40.22137405,-144.2900763,0.16861914,0.742111989,-0.812458342,-5.305343511,-9.282442748,-45.94656489,9.229007634,11.99236641,5.809160305,16.25920292,32.49933084,349.8770365,0.064885496,4.297709924,0.480916031,4.032270194,5.700818436,18.70500031
2,0.133475167,-0.253696987,-1.021536691,0.034951498,0.072007591,0.011801125,-0.272805426,-0.877794151,0.263987283,-1.563765049,-0.672953102,0.459930209,1.868652344,-3.551757813,-14.30151367,-0.128417969,-0.793457031,-1.217041016,0.3515625,0.028808594,-0.802490234,0.034951498,0.072007591,0.011801125,0.147583008,-0.121459961,-1.026367188,0.186953198,0.268342301,0.108632984,0.428571429,2.495092694,-10.8778626,14.98478085,33.84193011,379.6168235,0.616909515,-0.684368485,-0.896105402,6,34.93129771,-152.2900763,0.636547975,0.146050807,-1.012158506,-5.305343511,-9.282442748,-45.94656489,9.229007634,11.99236641,5.809160305,14.98478085,33.84193011,379.6168235,0.064885496,4.297709924,0.480916031,3.871018064,5.817381723,19.48375794
2,0.159946987,-0.212332589,-1.022722517,0.031583858,0.071038113,0.011664789,-0.602274914,-1.212788184,0.297091667,-1.079259082,0.256064899,0.568692276,2.239257813,-2.97265625,-14.31811523,-0.128417969,-0.793457031,-1.217041016,0.3515625,0.045654297,-0.802490234,0.031583858,0.071038113,0.011664789,0.200561523,-0.109130859,-1.026367188,0.17771848,0.266529759,0.108003653,0.55561614,3.091603053,-8.41221374,16.11072672,32.83245104,305.328836,0.57379333,-1.009654753,-1.283303026,7.778625954,43.28244275,-117.7709924,0.179722492,0.83198891,0.263861479,-5.305343511,-9.282442748,-45.94656489,9.229007634,11.99236641,5.809160305,16.11072672,32.83245104,305.328836,0.064885496,4.561068702,0.480916031,4.013816977,5.729960824,17.47366121
2,0.16683524,-0.185651507,-1.017525809,0.031182707,0.069888653,0.011925561,-0.744257272,-1.533830695,0.137431193,-0.86722094,1.130198662,0.333587128,2.335693359,-2.599121094,-14.24536133,-0.128417969,-0.793457031,-1.217041016,0.3515625,0.045654297,-0.802490234,0.031182707,0.069888653,0.011925561,0.200561523,-0.098022461,-1.020385742,0.17658626,0.264364622,0.109204219,0.483642312,3.368593239,-6.404034896,16.51433803,32.09402741,292.1206086,0.586375836,-1.201840035,-1.678359847,6.770992366,47.16030534,-89.65648855,0.073721879,1.337120917,1.520271128,-5.305343511,-9.282442748,-45.94656489,9.229007634,11.99236641,5.809160305,16.51433803,32.09402741,292.1206086,0.064885496,4.561068702,0.664122137,4.063783709,5.665159081,17.09153617
2,0.168300084,-0.192958287,-1.01121303,0.031688503,0.067260995,0.012223844,-0.72989113,-1.569434681,-0.045096622,-0.88735189,1.224493279,0.134013283,2.356201172,-2.701416016,-14.15698242,-0.128417969,-0.793457031,-1.217041016,0.3515625,0.045654297,-0.802490234,0.031688503,0.067260995,0.012223844,0.200561523,-0.098022461,-1.002807617,0.178012649,0.259347249,0.110561494,0.326608506,3.414940022,-6.363140676,16.38284642,32.34258006,292.6953128,0.724858104,-1.210504916,-1.680465673,4.572519084,47.80916031,-89.08396947,0.274213007,1.315915368,1.522013038,-5.305343511,-9.282442748,-45.94656489,9.229007634,11.99236641,5.809160305,16.38284642,32.34258006,292.6953128,-0.347328244,4.561068702,0.664122137,4.047572905,5.687053724,17.10834045
2,0.180890765,-0.194754464,-0.999302455,0.031912661,0.066764625,0.012142648,-0.946016128,-1.569029972,-0.347439822,-0.602628233,1.234371117,0.291186684,2.532470703,-2.7265625,-13.99023438,-0.128417969,-0.793457031,-1.217041016,0.3515625,0.045654297,-0.802490234,0.031912661,0.066764625,0.012142648,0.235839844,-0.098022461,-0.981567383,0.178641152,0.258388515,0.110193683,0.205016358,3.078516903,-6.486368593,16.84729559,32.34712365,289.8149779,0.774908004,-1.015910186,-1.69122956,2.870229008,43.09923664,-90.80916031,0.189301527,0.955411182,1.549153919,-5.305343511,-9.282442748,-45.94656489,9.229007634,11.99236641,5.809160305,16.84729559,32.34712365,289.8149779,-0.347328244,4.297709924,0.664122137,4.104545722,5.687453178,17.02395306
2,0.194318499,-0.19808524,-0.996930804,0.035009352,0.066191835,0.012056953,-0.952165538,-1.548764999,-0.424497947,-0.64056212,1.208911042,0.394786488,2.720458984,-2.773193359,-13.95703125,-0.128417969,-0.793457031,-1.217041016,0.388671875,0.045654297,-0.802490234,0.035009352,0.066191835,0.012056953,0.271972656,-0.109130859,-0.981567383,0.187107861,0.257277739,0.109804159,-0.13304253,3.131952017,-6.241003272,18.88001609,32.53268752,294.5012682,0.760941201,-1.037054558,-1.686098634,-1.86259542,43.84732824,-87.3740458,-0.090280067,0.95461066,1.523124433,-5.305343511,-9.282442748,-45.94656489,9.229007634,11.99236641,5.809160305,18.88001609,32.53268752,294.5012682,-1.332061069,4.515267176,1.561068702,4.345114047,5.70374329,17.16103925
2,0.184831892,-0.189923968,-0.995396205,0.033056373,0.068576395,0.012125775,-0.912819022,-1.542495532,-0.46748304,-0.605457635,1.154642715,0.381421861,2.587646484,-2.658935547,-13.93554688,-0.128417969,-0.793457031,-1.217041016,0.388671875,0.045654297,-0.802490234,0.033056373,0.068576395,0.012125775,0.244873047,-0.090454102,-0.970825195,0.181814118,0.261870951,0.110117097,-0.452017448,3.007633588,-6.226826609,19.85642022,32.54933144,294.8067616,0.899976808,-0.96065592,-1.685310102,-6.328244275,42.10687023,-87.17557252,-0.082043565,0.831071855,1.520718767,-5.305343511,-9.282442748,-45.94656489,9.229007634,11.99236641,5.809160305,19.85642022,32.54933144,294.8067616,-2.385496183,4.515267176,1.561068702,4.456054334,5.705202139,17.16993773
2,0.176478795,-0.189313616,-0.99987793,0.031472755,0.068696166,0.012095559,-0.863714448,-1.545545293,-0.330700439,-0.565294315,1.157496842,0.312997598,2.470703125,-2.650390625,-13.99829102,-0.128417969,-0.793457031,-1.217041016,0.388671875,0.045654297,-0.802490234,0.031472755,0.068696166,0.012095559,0.214477539,-0.086181641,-0.987670898,0.177405623,0.262099535,0.109979812,-0.713195202,3.025627045,-6.465648855,22.38216093,32.6224992,290.5724698,0.736615507,-0.967140283,-1.685372024,-9.984732824,42.35877863,-90.51908397,-0.282196612,0.827456787,1.536661255,-6.900763359,-9.282442748,-45.94656489,9.229007634,11.99236641,5.809160305,22.38216093,32.6224992,290.5724698,-2.385496183,4.641221374,0.484732824,4.730978855,5.711610911,17.04618637
2,0.179356166,-0.19606236,-0.989746094,0.032449801,0.068434444,0.008793693,-0.833700559,-1.465466681,0.154846338,-0.612761636,0.982879975,0.346392468,2.510986328,-2.744873047,-13.85644531,-0.128417969,-0.793457031,-1.157714844,0.388671875,0.045654297,-0.802490234,0.032449801,0.068434444,0.008793693,0.214477539,-0.086181641,-0.987670898,0.180138284,0.261599779,0.093774694,-1.056706652,2.987459106,-6.482006543,22.2639591,32.54208431,290.3336264,0.974022935,-0.948040607,-1.684663591,-14.79389313,41.82442748,-90.7480916,0.092164133,0.815296345,1.536269326,-6.900763359,-9.282442748,-45.94656489,9.229007634,11.99236641,5.809160305,22.2639591,32.54208431,290.3336264,-2.5,4.480916031,0.484732824,4.718469996,5.704566969,17.03917916
2,0.158708845,-0.217912946,-0.985996791,0.031031384,0.068132013,0.007949523,-0.585011376,-1.217715167,0.24759733,-0.884067487,0.406200716,0.740570436,2.221923828,-3.05078125,-13.80395508,-0.128417969,-0.793457031,-1.157714844,0.388671875,0.045654297,-0.802490234,0.031031384,0.068132013,0.007949523,0.205322266,-0.11706543,-0.987670898,0.176157269,0.261021096,0.089160097,-0.622682661,2.868047983,-7.200109051,20.9295201,31.61547362,283.5367419,0.813127485,-0.948055228,-1.610249398,-8.717557252,40.15267176,-100.8015267,0.014946742,0.939663001,1.394959291,-6.900763359,-9.282442748,-45.94656489,9.229007634,11.99236641,5.809160305,20.9295201,31.61547362,283.5367419,-2.385496183,4.480916031,0.320610687,4.574879245,5.622763878,16.83854928
2,0.132202148,-0.241995675,-0.976893834,0.038485396,0.064834477,0.008452128,-0.3731268,-1.046380967,-0.02192982,-1.396291754,0.160989852,0.261044115,1.850830078,-3.387939453,-13.67651367,-0.170654297,-0.793457031,-1.157714844,0.388671875,0.045654297,-0.802490234,0.038485396,0.064834477,0.008452128,0.197387695,-0.143676758,-0.970825195,0.196176952,0.254626152,0.091935453,0.095419847,2.272082879,-9.642311887,22.28771633,24.87578371,298.6072701,0.459181906,-1.487130523,-1.195274686,1.335877863,31.80916031,-134.9923664,-0.714959203,1.404469146,0.003988879,-6.900763359,-9.282442748,-45.94656489,9.229007634,7.106870229,4.221374046,22.28771633,24.87578371,298.6072701,-1.332061069,3.824427481,0.202290076,4.720986797,4.987562902,17.28025666
2,0.120640346,-0.26726423,-0.987112863,0.041794693,0.068628462,0.007386622,-0.240747003,-0.71326701,0.17418202,-1.7107465,-0.618222804,1.118877564,1.688964844,-3.741699219,-13.81958008,-0.170654297,-0.793457031,-1.157714844,0.388671875,0.045654297,-0.802490234,0.041794693,0.068628462,0.007386622,0.197387695,-0.180908203,-0.987670898,0.204437504,0.261970345,0.085945459,0.804252999,1.669029444,-12.7480916,25.49349022,23.68738246,365.5228716,0.175876269,-1.288906877,-0.796235489,11.25954198,23.36641221,-178.4732824,-1.213068414,0.843706919,-1.11754924,-6.900763359,-9.282442748,-45.94656489,9.229007634,6.20610687,4.221374046,25.49349022,23.68738246,365.5228716,0.232824427,3.683206107,-3.091603053,5.049107864,4.866968508,19.11865245
2,0.132289342,-0.259940011,-0.988385882,0.03818676,0.065249704,0.006903096,-0.359512715,-0.794907783,-0.012089208,-1.400276677,-0.275872115,0.839018701,1.852050781,-3.639160156,-13.83740234,-0.170654297,-0.793457031,-1.157714844,0.388671875,0.045654297,-0.8203125,0.03818676,0.065249704,0.006903096,0.197387695,-0.180908203,-0.987670898,0.195414328,0.255440216,0.08308487,1.092693566,2.535986914,-12.8129771,28.03186884,13.76038852,367.2503194,0.102689195,-1.432889883,-0.784113347,15.29770992,35.50381679,-179.3816794,-1.492507664,2.045604708,-1.15141547,-6.900763359,-6.93129771,-45.94656489,9.229007634,6.20610687,4.221374046,28.03186884,13.76038852,367.2503194,0.232824427,3.683206107,-3.091603053,5.294513088,3.709499767,19.16377623
2,0.154872349,-0.198521205,-0.986345564,0.032645763,0.047484296,0.006816997,-0.622538642,-0.676504469,-0.093186724,-0.755967993,-0.620105177,0.961644199,2.168212891,-2.779296875,-13.80883789,-0.170654297,-0.634033203,-1.157714844,0.388671875,0.06640625,-0.8203125,0.032645763,0.047484296,0.006816997,0.198974609,-0.11706543,-0.984863281,0.180681385,0.217908916,0.082565106,0.181570338,3.263904035,-9.29825518,23.68704691,6.335462917,289.3692,0.299637519,-0.85162174,-1.116462782,2.541984733,45.69465649,-130.1755725,-1.439184162,-0.031127569,-0.325184929,-6.900763359,-1.610687023,-42.9389313,7.511450382,6.20610687,4.221374046,23.68704691,6.335462917,289.3692,-1.332061069,3.683206107,0.202290076,4.866934036,2.517034548,17.01085536
2,0.170985631,-0.162580218,-0.966517857,0.026669251,0.031855285,0.005002461,-0.754779511,-0.637495892,0.423385614,0.083794803,-0.710041469,0.074307193,2.393798828,-2.276123047,-13.53125,-0.170654297,-0.501220703,-1.075195313,0.388671875,0.06640625,-0.8203125,0.026669251,0.031855285,0.005002461,0.198974609,-0.112548828,-0.970825195,0.163307229,0.178480489,0.070728075,0.217557252,3.469465649,-6.411668484,23.99700349,4.768825109,222.8777009,0.28678142,-0.705009354,-1.612599124,3.045801527,48.57251908,-89.76335878,-1.484966126,0.207685706,1.607354452,-6.900763359,-1.335877863,-42.9389313,7.511450382,6.20610687,4.221374046,23.99700349,4.768825109,222.8777009,-1.332061069,3.683206107,0.320610687,4.898673646,2.183763977,14.92908908
2,0.177629743,-0.171962193,-0.964547294,0.02874641,0.028879721,0.00501212,-0.694726067,-0.701877027,0.326265514,-0.131023705,-0.54286269,0.002652807,2.486816406,-2.407470703,-13.50366211,-0.170654297,-0.501220703,-1.075195313,0.388671875,0.06640625,-0.8203125,0.02874641,0.028879721,0.00501212,0.198974609,-0.112548828,-0.962524414,0.169547662,0.169940347,0.070796324,-0.178844057,3.516902944,-5.712104689,21.69005495,5.077599284,229.785842,0.501719081,-0.569834147,-1.677590545,-2.503816794,49.23664122,-79.96946565,-0.995430845,0.151981213,1.708298178,-6.900763359,-1.335877863,-42.9389313,7.511450382,6.847328244,4.221374046,21.69005495,5.077599284,229.785842,-1.332061069,3.683206107,1.041984733,4.657258308,2.253352898,15.15868866
2,0.184657506,-0.174455915,-0.960832868,0.029542919,0.028216249,0.005238063,-0.789366022,-0.704667742,0.167366619,-0.151030745,-0.48515123,-0.349608523,2.585205078,-2.442382813,-13.45166016,-0.170654297,-0.501220703,-1.075195313,0.388671875,0.06640625,-0.8203125,0.029542919,0.028216249,0.005238063,0.214477539,-0.112548828,-0.95703125,0.171880538,0.167976931,0.072374462,-0.10959651,3.607960742,-5.846782988,21.3978978,5.274953559,227.3398848,0.469600604,-0.641820678,-1.683879342,-1.534351145,50.51145038,-81.85496183,-0.965535535,0.018262598,1.734961685,-6.900763359,-1.335877863,-42.9389313,7.511450382,6.847328244,4.221374046,21.3978978,5.274953559,227.3398848,-0.961832061,3.683206107,1.041984733,4.625786182,2.296726705,15.07779443
2,0.180402483,-0.181256975,-0.967302595,0.028389825,0.027384765,0.005648617,-0.801824509,-0.613454506,0.350862765,-0.034179126,-0.448882895,-0.602991982,2.525634766,-2.537597656,-13.54223633,-0.170654297,-0.501220703,-1.075195313,0.388671875,0.06640625,-0.8203125,0.028389825,0.027384765,0.005648617,0.214477539,-0.135375977,-0.978637695,0.168492804,0.165483427,0.075157283,-0.613958561,3.611777535,-5.707197383,25.17187643,5.296516315,229.4989947,0.449620492,-0.635577927,-1.68441735,-8.595419847,50.5648855,-79.90076336,-1.077581854,0.009492007,1.721437041,-7.366412214,-1.335877863,-42.9389313,7.511450382,6.847328244,4.221374046,25.17187643,5.296516315,229.4989947,-1.988549618,3.683206107,1.683206107,5.017158203,2.301416154,15.14922423
2,0.168927874,-0.179704939,-0.973563058,0.027994178,0.027763243,0.005627572,-0.599276395,-0.617072173,0.609731459,-0.201684646,-0.48958386,-0.363652031,2.364990234,-2.515869141,-13.62988281,-0.170654297,-0.501220703,-1.075195313,0.388671875,0.06640625,-0.8203125,0.027994178,0.027763243,0.005627572,0.198974609,-0.135375977,-0.995483398,0.167314609,0.166623055,0.075017144,-0.404580153,3.443838604,-5.804252999,24.99876733,6.677500927,227.692609,0.312651242,-0.796579364,-1.689867488,-5.664122137,48.21374046,-81.25954198,-1.128765843,-0.068683706,1.742172146,-7.366412214,-1.465648855,-42.9389313,7.511450382,6.847328244,4.221374046,24.99876733,6.677500927,227.692609,-0.835877863,3.683206107,1.683206107,4.999876732,2.584086091,15.0894867
2,0.159179688,-0.171386719,-0.973632813,0.024710793,0.029445226,0.005631355,-0.737063948,-0.668112338,0.611974831,0.085960917,-0.623490303,-0.364986273,2.228515625,-2.399414063,-13.63085938,-0.170654297,-0.501220703,-1.075195313,0.365966797,0.06640625,-0.8203125,0.024710793,0.029445226,0.005631355,0.198974609,-0.112548828,-0.99597168,0.157196669,0.171596114,0.075042356,-0.14176663,3.683206107,-5.840239913,23.29534064,8.329178863,226.9336507,0.239687489,-0.413147876,-1.69378196,-1.984732824,51.5648855,-81.76335878,-0.928563492,-0.206719292,1.75297976,-7.366412214,-1.465648855,-42.9389313,7.511450382,8.442748092,3.870229008,23.29534064,8.329178863,226.9336507,-0.748091603,3.683206107,1.683206107,4.826524696,2.886031681,15.06431713
2,0.159615653,-0.169328962,-0.972011021,0.02476939,0.030258699,0.005699732,-0.74249095,-0.632456673,0.532311277,0.079747329,-0.657252148,-0.510863985,2.234619141,-2.370605469,-13.6081543,-0.170654297,-0.501220703,-1.075195313,0.365966797,0.06640625,-0.8203125,0.02476939,0.030258699,0.005699732,0.198974609,-0.112548828,-0.99597168,0.157382942,0.173950277,0.075496568,-0.14176663,4.080152672,-6.094874591,23.29534064,9.213509613,222.5157465,0.239687489,-0.596637769,-1.703203752,-1.984732824,57.1221374,-85.32824427,-0.928563492,-0.243961231,1.79749412,-7.366412214,-1.465648855,-42.9389313,7.511450382,8.442748092,3.717557252,23.29534064,9.213509613,222.5157465,-0.748091603,4.374045802,0.980916031,4.826524696,3.035376354,14.9169617
2,0.146083287,-0.195574079,-0.964006696,0.025858628,0.035657263,0.005668014,-0.461375083,-0.343226424,0.237478233,-0.456204123,-1.29357796,-0.707717313,2.045166016,-2.738037109,-13.49609375,-0.170654297,-0.501220703,-1.075195313,0.365966797,0.06640625,-0.8203125,0.025858628,0.035657263,0.005668014,0.149047852,-0.149780273,-0.971069336,0.160806181,0.188831309,0.075286214,0.269356598,4.098146129,-7.64176663,19.67658715,9.254874489,234.9971578,0.299822085,-0.610540361,-1.311176214,3.770992366,57.3740458,-106.9847328,-0.651880317,-0.254859733,0.514845266,-7.366412214,-1.465648855,-42.9389313,7.511450382,8.442748092,3.717557252,19.67658715,9.254874489,234.9971578,-0.599236641,4.461832061,0.980916031,4.435829928,3.042182521,15.32961701
2,0.114065988,-0.223580497,-0.967843192,0.025754004,0.048227752,0.006792852,-0.250956433,-0.389895163,-0.154359932,-0.842595555,-1.262355344,-0.163713364,1.596923828,-3.130126953,-13.54980469,-0.170654297,-0.614013672,-1.12890625,0.365966797,0.06640625,-0.8203125,0.025754004,0.048227752,0.006792852,0.106933594,-0.149780273,-0.971069336,0.160480541,0.219608178,0.082418759,0.970556161,4.24263904,-10.66194111,21.42649798,9.428724152,311.7464773,0.003999681,-0.744659761,-0.927585167,13.58778626,59.39694656,-149.2671756,-0.958166092,-0.205908232,-0.743235455,-7.366412214,-1.465648855,-42.9389313,7.511450382,8.442748092,3.717557252,21.42649798,9.428724152,311.7464773,0.259541985,5.244274809,0.980916031,4.628876536,3.070622763,17.65634383
2,0.102329799,-0.239153181,-0.959333147,0.029140104,0.055981047,0.006004624,-0.161339133,-0.351616332,-0.386720627,-1.256276629,-1.533490205,0.664822,1.432617188,-3.348144531,-13.43066406,-0.170654297,-0.614013672,-1.12890625,0.365966797,0.06640625,-0.8203125,0.029140104,0.055981047,0.006004624,0.106933594,-0.149780273,-0.948242188,0.170704728,0.236603141,0.077489511,1.37131952,3.676663032,-13.10141767,23.50279576,12.14328201,378.3070865,-0.161761929,-0.516974781,-0.61491017,19.19847328,51.47328244,-183.4198473,-1.247439239,-0.908341797,-1.5226808,-7.366412214,-2.229007634,-42.9389313,7.511450382,8.442748092,3.717557252,23.50279576,12.14328201,378.3070865,0.259541985,4.427480916,0.980916031,4.847968209,3.484721225,19.45011791
2,0.112636021,-0.22378976,-0.964041574,0.024567454,0.056115211,0.005633065,-0.014485869,-0.560298841,-0.27026798,-1.311065403,-1.381888667,1.06989942,1.576904297,-3.133056641,-13.49658203,-0.107910156,-0.614013672,-1.12890625,0.365966797,0.06640625,-0.8203125,0.024567454,0.056115211,0.005633065,0.106933594,-0.125366211,-0.953735352,0.156740083,0.236886494,0.075053745,1.05561614,3.195201745,-12.26444929,21.99472353,15.41738839,360.5685665,-0.01042328,-0.389534995,-0.769047085,14.77862595,44.73282443,-171.7022901,-1.010809181,-1.345657665,-1.173794956,-7.366412214,-3.091603053,-42.9389313,7.511450382,8.442748092,3.717557252,21.99472353,15.41738839,360.5685665,0.259541985,4.232824427,0.980916031,4.689853253,3.926498235,18.98864309
2,0.14327567,-0.193202427,-0.960239955,0.024509337,0.050936136,0.005498986,-0.241163257,-0.931901367,-0.444155517,-1.176514593,-0.598457008,1.399951626,2.005859375,-2.704833984,-13.44335938,-0.107910156,-0.614013672,-1.12890625,0.365966797,0.06640625,-0.8203125,0.024509337,0.050936136,0.005498986,0.149047852,-0.102783203,-0.950683594,0.156554581,0.225690354,0.074155146,0.284623773,3.438386041,-9.002726281,19.59618122,13.87203287,294.0163932,0.241011596,-0.526180928,-1.145116238,3.984732824,48.13740458,-126.0381679,-0.778482402,-0.879108397,-0.171072635,-7.366412214,-3.091603053,-42.09160305,7.053435115,8.442748092,3.717557252,19.59618122,13.87203287,294.0163932,-0.599236641,4.232824427,1.683206107,4.426757416,3.724517803,17.14690623
2,0.146990095,-0.168753488,-0.976161412,0.024069937,0.047018649,0.004249441,-0.320207694,-1.324012387,-0.853334418,-1.05014663,0.50079723,0.946043557,2.057861328,-2.362548828,-13.66625977,-0.107910156,-0.614013672,-1.12890625,0.365966797,0.06640625,-0.880126953,0.024069937,0.047018649,0.004249441,0.151977539,-0.084960938,-0.954956055,0.155144891,0.21683784,0.065187735,-0.488004362,3.276444929,-6.90785169,16.68941172,14.44267797,280.58853,0.48156724,-0.383615671,-1.541797341,-6.832061069,45.87022901,-96.70992366,-0.269988341,-1.176362902,1.013676561,-7.366412214,-3.091603053,-42.09160305,6.687022901,8.442748092,3.732824427,16.68941172,14.44267797,280.58853,-1.29389313,4.232824427,1.958015267,4.085267643,3.800352349,16.750777
2,0.159040179,-0.181187221,-0.976771763,0.027160532,0.042885357,0.004276366,-0.340664001,-1.438657015,-0.816224432,-1.245512814,0.669888583,0.845709053,2.2265625,-2.536621094,-13.67480469,-0.107910156,-0.614013672,-1.12890625,0.365966797,0.027587891,-0.880126953,0.027160532,0.042885357,0.004276366,0.170532227,-0.096679688,-0.954956055,0.164804526,0.207087801,0.06539393,-0.215376227,3.404034896,-7,15.94564759,14.66594169,278.6894524,0.31650512,-0.482693211,-1.545043639,-3.015267176,47.65648855,-98,-0.132354771,-1.174174435,1.026201177,-7.366412214,-3.091603053,-42.09160305,6.687022901,8.442748092,3.732824427,15.94564759,14.66594169,278.6894524,-0.599236641,5.125954198,1.839694656,3.993200169,3.829613778,16.6939945
2,0.178379604,-0.176426479,-0.978533064,0.030083891,0.04371872,0.003953168,-0.509811565,-1.462960499,-1.011503742,-1.245425113,0.687878553,1.008437718,2.497314453,-2.469970703,-13.69946289,-0.107910156,-0.614013672,-1.12890625,0.374267578,0.027587891,-0.904785156,0.030083891,0.04371872,0.003953168,0.238525391,-0.084960938,-0.954956055,0.173447085,0.209090219,0.062874221,-0.790076336,3.617230098,-6.845692475,14.79422259,14.32104869,281.8998281,0.660219045,-0.680470613,-1.539195908,-11.0610687,50.64122137,-95.83969466,0.59950098,-0.877525538,1.004763827,-7.366412214,-3.091603053,-42.09160305,6.687022901,8.442748092,3.816793893,14.79422259,14.32104869,281.8998281,-1.29389313,5.125954198,2.08778626,3.846325856,3.784316145,16.78987278
2,0.17199707,-0.177629743,-0.98538644,0.028075445,0.043503841,0.004181622,-0.539939581,-1.457019433,-0.664744856,-1.164623849,0.684106143,0.136332698,2.407958984,-2.486816406,-13.79541016,-0.107910156,-0.614013672,-1.12890625,0.374267578,0.027587891,-0.904785156,0.028075445,0.043503841,0.004181622,0.238525391,-0.093383789,-0.978637695,0.167557289,0.208575745,0.064665463,-0.552344602,3.396401309,-6.944929117,15.96263986,13.46742806,279.8435377,0.474500327,-0.596488049,-1.542761078,-7.732824427,47.54961832,-97.22900763,-0.083594652,-0.79377651,1.01832823,-7.366412214,-3.091603053,-42.09160305,6.687022901,8.442748092,3.816793893,15.96263986,13.46742806,279.8435377,-1.29389313,4.648854962,2,3.995327253,3.669799458,16.72852467
2,0.171770368,-0.173479353,-0.991141183,0.028021984,0.044732715,0.003691613,-0.538924876,-1.433422781,-0.651077888,-1.160990204,0.628955498,0.525446757,2.404785156,-2.428710938,-13.87597656,-0.107910156,-0.614013672,-1.12890625,0.374267578,0.027587891,-0.904785156,0.028021984,0.044732715,0.003691613,0.238525391,-0.093383789,-0.994140625,0.167397682,0.211501099,0.060758646,-0.725736096,3.308069793,-6.8391494,16.78164231,13.23236146,281.9720517,0.534353624,-0.538144822,-1.539925156,-10.16030534,46.3129771,-95.7480916,-0.270963897,-0.768881253,1.005385751,-7.366412214,-3.091603053,-42.09160305,6.687022901,8.442748092,3.816793893,16.78164231,13.23236146,281.9720517,-1.29389313,4.110687023,2.118320611,4.096540286,3.637631297,16.79202345
2,0.171892439,-0.171944754,-0.98777553,0.028050271,0.044781478,0.003504583,-0.539525902,-1.45629336,-0.856222716,-1.162926282,0.676357256,1.187087616,2.406494141,-2.407226563,-13.82885742,-0.107910156,-0.614013672,-1.12890625,0.374267578,0.027587891,-0.904785156,0.028050271,0.044781478,0.003504583,0.238525391,-0.093383789,-0.990356445,0.167482151,0.211616346,0.05919952,-0.163031625,3.415485278,-6.74263904,13.16619174,14.07673674,284.0191707,0.775145051,-0.484108103,-1.535894986,-2.282442748,47.81679389,-94.39694656,-0.298599653,-0.862129529,0.991422964,-4.045801527,-3.091603053,-42.09160305,6.687022901,8.442748092,3.816793893,13.16619174,14.07673674,284.0191707,-0.427480916,4.110687023,2.118320611,3.628524734,3.751897751,16.85286832
2,0.184709821,-0.183994838,-0.991629464,0.028651327,0.043815398,0.003919376,-0.753571511,-1.319561799,-0.68202136,-0.990976572,0.420899795,0.219218756,2.5859375,-2.575927734,-13.8828125,-0.107910156,-0.614013672,-1.12890625,0.374267578,0.027587891,-0.904785156,0.028651327,0.043815398,0.003919376,0.264404297,-0.105102539,-0.990356445,0.169267027,0.20932128,0.062604921,0.015812432,3.549073064,-6.762813522,13.89732053,12.92213977,283.6360214,0.604931384,-0.508605441,-1.53605049,0.221374046,49.6870229,-94.67938931,-0.772201731,-0.571919853,0.993262529,-4.045801527,-3.091603053,-42.09160305,6.687022901,8.442748092,3.816793893,13.89732053,12.92213977,283.6360214,-0.427480916,4.110687023,2,3.727911014,3.594737789,16.84149701
2,0.181867327,-0.188389369,-0.993844169,0.028351265,0.042566067,0.00402448,-0.711854096,-1.335888459,-0.553366214,-1.001669424,0.476817946,-0.090266516,2.546142578,-2.637451172,-13.91381836,-0.107910156,-0.614013672,-1.12890625,0.374267578,0.027587891,-0.904785156,0.028351265,0.042566067,0.00402448,0.250732422,-0.105102539,-0.990356445,0.16837834,0.206315454,0.063438787,0.145583424,3.452017448,-6.964558342,13.72541016,12.03102902,279.6518278,0.499237585,-0.625224754,-1.540246009,2.038167939,48.32824427,-97.50381679,-0.804878313,-0.525507262,1.015742102,-4.045801527,-3.091603053,-42.09160305,6.687022901,7.763358779,3.816793893,13.72541016,12.03102902,279.6518278,0.332061069,4.110687023,1.946564885,3.704782066,3.468577377,16.72279366
2,0.170828683,-0.226579939,-1.001586914,0.029035169,0.045219783,0.003997434,-0.4863961,-0.980280346,-0.241716816,-1.323822311,-0.797912881,-0.322362358,2.391601563,-3.172119141,-14.0222168,-0.107910156,-0.614013672,-1.12890625,0.374267578,-0.009033203,-0.904785156,0.029035169,0.045219783,0.003997434,0.244506836,-0.113769531,-0.996459961,0.170397091,0.212649438,0.063225261,0.741548528,3.071973828,-7.880043621,13.44510009,10.58025769,277.0505164,0.205292091,-0.549606412,-1.380075229,10.38167939,43.00763359,-110.3206107,-1.08100551,-0.387569492,0.661504027,-4.045801527,-3.091603053,-42.09160305,6.687022901,7.763358779,3.816793893,13.44510009,10.58025769,277.0505164,0.442748092,3.86259542,1.946564885,3.666756072,3.252730805,16.64483453
2,0.159493583,-0.249476842,-1.003383092,0.034497934,0.064153331,0.003703052,-0.526638399,-1.13851013,-0.339228644,-1.386273715,-0.224970545,-0.195975843,2.232910156,-3.492675781,-14.04736328,-0.137939453,-0.782226563,-1.12890625,0.374267578,-0.009033203,-0.904785156,0.034497934,0.064153331,0.003703052,0.244506836,-0.113769531,-0.996459961,0.185736196,0.253285078,0.060852706,1.104143948,2.679934569,-9.388222465,13.81237965,10.86548179,352.9518529,-0.077004576,-0.225054643,-1.208752895,15.45801527,37.51908397,-131.4351145,-1.217587566,-0.752909822,-0.270336601,-4.045801527,-3.091603053,-42.55725191,6.687022901,7.763358779,3.816793893,13.81237965,10.86548179,352.9518529,0.866412214,3.064885496,1.946564885,3.716500996,3.296283026,18.78701288
2,0.159615653,-0.235682896,-0.998168945,0.034431881,0.055986749,0.00267399,-0.525913944,-1.306732547,0.282529967,-1.38614478,0.634183586,-1.221971573,2.234619141,-3.299560547,-13.97436523,-0.137939453,-0.782226563,-1.066650391,0.374267578,-0.009033203,-0.904785156,0.034431881,0.055986749,0.00267399,0.244506836,-0.113769531,-0.996459961,0.185558295,0.236615192,0.051710642,0.488549618,2.383860414,-9.414394766,11.71545499,10.14103023,354.8049686,0.086180273,-0.006388955,-1.210396713,6.839694656,33.3740458,-131.8015267,-1.210973392,-0.484590178,-0.266050329,-4.045801527,-3.091603053,-42.55725191,6.381679389,7.763358779,3.816793893,11.71545499,10.14103023,354.8049686,0.442748092,2.221374046,1.946564885,3.422784684,3.184498427,18.83626737
2,0.176845006,-0.213047573,-0.992919922,0.028660074,0.046786048,0.003637974,-0.696249316,-1.742389622,0.609705782,-0.773491327,2.745879059,-0.619965753,2.475830078,-2.982666016,-13.90087891,-0.137939453,-0.782226563,-1.066650391,0.374267578,-0.009033203,-0.873535156,0.028660074,0.046786048,0.003637974,0.244506836,-0.113769531,-0.996459961,0.169292864,0.216300827,0.060315621,-0.386586696,2.757906216,-7.667393675,11.32953169,8.383476206,276.3284076,-0.064016972,-0.099565092,-1.486474806,-5.41221374,38.61068702,-107.3435115,-1.363798389,0.192452794,1.079614046,-5.870229008,-3.091603053,-42.55725191,4.396946565,7.763358779,3.816793893,11.32953169,8.383476206,276.3284076,0.332061069,2.690839695,1.946564885,3.365936971,2.895423321,16.62312869
2,0.194126674,-0.209995815,-1.017787388,0.025277283,0.047528871,0.01042553,-1.033955363,-1.735967229,-1.598278629,0.276274841,2.686671709,4.692772035,2.717773438,-2.939941406,-14.24902344,-0.137939453,-0.782226563,-1.306152344,0.374267578,-0.009033203,-0.873535156,0.025277283,0.047528871,0.01042553,0.24609375,-0.105102539,-1.01574707,0.158988311,0.218011171,0.102105483,-0.864231189,2.89476554,-6.3217012,12.86932516,6.921420023,275.6045941,0.153320195,0.371517548,-1.743723036,-12.09923664,40.52671756,-88.50381679,-1.492722479,-0.43413323,1.818239637,-5.870229008,-1.175572519,-42.55725191,4.396946565,7.763358779,3.816793893,12.86932516,6.921420023,275.6045941,-0.820610687,2.690839695,2,3.587384166,2.63085918,16.60134314
2,0.193237305,-0.213291713,-1.019426618,0.025005953,0.046708424,0.010230539,-1.048057738,-1.744717609,-1.605399284,0.306160088,2.754715434,4.858690965,2.705322266,-2.986083984,-14.27197266,-0.137939453,-0.782226563,-1.306152344,0.374267578,-0.009033203,-0.873535156,0.025005953,0.046708424,0.010230539,0.24609375,-0.11340332,-1.01574707,0.158132706,0.216121319,0.101146125,-0.681570338,3.070883315,-6.436205016,12.38505402,7.042313551,273.5569727,0.009684228,0.153216514,-1.745612306,-9.541984733,42.99236641,-90.10687023,-1.361249712,-0.630951852,1.830967123,-5.870229008,-1.175572519,-42.55725191,4.396946565,7.763358779,3.816793893,12.38505402,7.042313551,273.5569727,-0.217557252,3.381679389,1.946564885,3.519240546,2.653735773,16.53955782
2,0.212210519,-0.214686802,-1.015154157,0.026898001,0.046347862,0.010267207,-1.20052153,-1.749952633,-1.739283236,0.58079434,2.787872959,5.181289804,2.970947266,-3.005615234,-14.2121582,-0.137939453,-0.782226563,-1.306152344,0.381835938,-0.009033203,-0.873535156,0.026898001,0.046347862,0.010267207,0.278198242,-0.11340332,-0.996459961,0.164006099,0.215285536,0.101327227,-0.454198473,3.244274809,-6.57742639,11.59959972,6.535884138,270.7430767,-0.156857904,0.015821911,-1.752965983,-6.358778626,45.41984733,-92.08396947,-1.08156335,-0.272944143,1.856376464,-5.870229008,-1.175572519,-42.55725191,4.396946565,7.763358779,3.816793893,11.59959972,6.535884138,270.7430767,-0.145038168,3.385496183,1.839694656,3.405818509,2.556537529,16.45427229
2,0.209228516,-0.212472098,-1.013497489,0.026096106,0.046927034,0.010355348,-1.232625249,-1.74104671,-1.769981603,0.671402706,2.734230242,5.185124939,2.929199219,-2.974609375,-14.18896484,-0.137939453,-0.782226563,-1.306152344,0.381835938,-0.009033203,-0.873535156,0.026096106,0.046927034,0.010355348,0.278198242,-0.111450195,-0.990356445,0.161542891,0.216626485,0.101761231,-0.4912759,3.119956379,-6.577971647,11.55940892,6.269873358,270.7330434,-0.120421516,0.157341858,-1.752981119,-6.877862595,43.67938931,-92.09160305,-1.070919191,0.022512766,1.856450095,-5.870229008,-1.175572519,-42.55725191,4.396946565,7.763358779,3.816793893,11.55940892,6.269873358,270.7330434,-0.404580153,3.160305344,1.839694656,3.399913075,2.503971517,16.45396741
2,0.20476423,-0.210571289,-1.012520926,0.024788209,0.047584614,0.010597361,-1.310763879,-1.717522204,-1.69779929,0.823983179,2.659097141,4.956824587,2.866699219,-2.947998047,-14.17529297,-0.137939453,-0.782226563,-1.306152344,0.381835938,-0.009033203,-0.873535156,0.024788209,0.047584614,0.010597361,0.278198242,-0.111450195,-0.990356445,0.157442718,0.218138978,0.102943486,-0.499454744,3.490185387,-6.549073064,11.61502794,9.091483629,271.3917377,-0.118942439,0.477807475,-1.750006442,-6.992366412,48.86259542,-91.6870229,-1.085864335,-0.115301027,1.848743866,-5.870229008,-1.175572519,-42.55725191,4.396946565,9.435114504,4.221374046,11.61502794,9.091483629,271.3917377,-0.404580153,3.160305344,1.839694656,3.408082737,3.015208721,16.47397152
2,0.201136998,-0.209054129,-1.001953125,0.024411099,0.047969859,0.011412254,-1.268490583,-1.71343555,-1.751937962,0.798018507,2.627003796,4.76060282,2.815917969,-2.926757813,-14.02734375,-0.137939453,-0.782226563,-1.306152344,0.381835938,-0.009033203,-0.873535156,0.024411099,0.047969859,0.011412254,0.252807617,-0.111450195,-0.986206055,0.156240517,0.219020224,0.106828151,-0.750272628,3.235550709,-6.556706652,10.45681782,9.853593409,271.2514912,-0.009826131,0.603785458,-1.750209821,-10.50381679,45.29770992,-91.79389313,-0.730509298,-0.31569771,1.849761345,-5.870229008,-1.175572519,-42.55725191,4.396946565,9.435114504,4.221374046,10.45681782,9.853593409,271.2514912,-0.408396947,3.011450382,1.839694656,3.233700329,3.139043391,16.46971436
2,0.190865653,-0.211669922,-1.000575474,0.024148182,0.046938731,0.011477219,-1.075807045,-1.760065273,-1.779809959,0.465735911,2.747677937,4.787739947,2.672119141,-2.963378906,-14.00805664,-0.137939453,-0.782226563,-1.306152344,0.381835938,-0.037597656,-0.873535156,0.024148182,0.046938731,0.011477219,0.220703125,-0.111450195,-0.980712891,0.155396852,0.216653482,0.107131784,-0.473827699,3.310250818,-6.838058888,9.564499687,10.04979634,266.4528083,-0.215822146,0.518466544,-1.752435837,-6.633587786,46.34351145,-95.73282443,-0.251862698,-0.512134135,1.875388593,-5.870229008,-1.175572519,-42.55725191,4.396946565,9.435114504,4.221374046,9.564499687,10.04979634,266.4528083,-0.232824427,3.011450382,1.438931298,3.092652532,3.170141375,16.32338226
2,0.190795898,-0.206665039,-1.013933454,0.024134817,0.047984203,0.013719939,-1.075683683,-1.764342028,-1.276453008,0.467293403,2.695087857,1.933533976,2.671142578,-2.893310547,-14.19506836,-0.137939453,-0.782226563,-1.306152344,0.381835938,-0.037597656,-0.873535156,0.024134817,0.047984203,0.013719939,0.220703125,-0.094360352,-0.980712891,0.155353845,0.21905297,0.117132143,-0.098691385,3.316248637,-6.971646674,12.33077205,10.10782691,263.6611138,-0.021953056,0.521620271,-1.762501019,-1.381679389,46.42748092,-97.60305344,-0.560606127,-0.519103495,1.905448949,-5.870229008,-1.175572519,-42.55725191,5.763358779,9.435114504,4.221374046,12.33077205,10.10782691,263.6611138,-0.232824427,3.011450382,1.438931298,3.511519906,3.179280879,16.23764496
2,0.199550084,-0.206420898,-1.006365095,0.027074361,0.047975345,0.013662517,-0.89219741,-1.768707335,-1.494759427,0.200698885,2.708239792,2.470247139,2.793701172,-2.889892578,-14.08911133,-0.137939453,-0.782226563,-1.306152344,0.412353516,-0.037597656,-0.873535156,0.027074361,0.047975345,0.013662517,0.220703125,-0.094360352,-0.97644043,0.164542885,0.219032749,0.116886769,-0.405125409,4.057251908,-7.284623773,11.54984212,13.14798537,259.0361099,0.215941812,0.454346725,-1.755015573,-5.671755725,56.80152672,-101.9847328,-0.165344276,-0.641341148,1.912053822,-5.870229008,-1.175572519,-42.55725191,5.763358779,10.77862595,4.221374046,11.54984212,13.14798537,259.0361099,-0.408396947,3.160305344,1.007633588,3.398505866,3.626015081,16.09459878
2,0.172921317,-0.242850167,-0.985909598,0.036264506,0.05702451,0.018467146,-0.688767221,-1.224873127,-0.835226356,-0.738731181,0.4018788,1.784949708,2.420898438,-3.399902344,-13.80273438,-0.160400391,-0.782226563,-1.306152344,0.412353516,-0.037597656,-0.743896484,0.036264506,0.05702451,0.018467146,0.220703125,-0.111450195,-0.972290039,0.190432418,0.238798053,0.135893878,-0.006543075,3.274263904,-9.352780807,14.44289921,16.62660383,282.4902008,0.205613298,0.302382425,-1.287886289,-0.091603053,45.83969466,-130.9389313,-0.753934029,-0.15972481,0.265975287,-5.870229008,-3.877862595,-42.55725191,5.954198473,10.77862595,4.221374046,14.44289921,16.62660383,282.4902008,-0.408396947,3.011450382,0.187022901,3.800381456,4.077573277,16.8074448
2,0.160940988,-0.247977121,-0.973545619,0.040921598,0.060310313,0.018892761,-0.569523906,-1.171149237,-1.069283632,-1.239922002,0.079498228,2.02361626,2.253173828,-3.471679688,-13.62963867,-0.160400391,-0.782226563,-1.306152344,0.412353516,-0.037597656,-0.743896484,0.040921598,0.060310313,0.018892761,0.220703125,-0.111450195,-0.965209961,0.202290875,0.24558158,0.137450942,-0.033805889,2.708833152,-11.26772083,14.19473237,22.19890232,346.8560238,0.202233424,0.030859351,-0.958798447,-0.473282443,37.92366412,-157.7480916,-0.707033332,-0.393360172,-0.935366071,-5.870229008,-5.541984733,-42.55725191,5.954198473,10.77862595,4.221374046,14.19473237,22.19890232,346.8560238,-0.408396947,3.011450382,0.187022901,3.767589729,4.711571109,18.62407109
2,0.162894113,-0.234549386,-0.980817522,0.039717694,0.047383395,0.019091466,-0.554204042,-0.932393987,-0.879990265,-1.248448052,-0.869134699,1.629481674,2.280517578,-3.283691406,-13.73144531,-0.160400391,-0.594970703,-1.306152344,0.412353516,-0.037597656,-0.743896484,0.039717694,0.047383395,0.019091466,0.220703125,-0.111450195,-0.972290039,0.199292986,0.217677272,0.138171871,-0.070338059,2.524536532,-10.9912759,13.90142388,23.83149116,329.2955212,0.206349877,0.051051645,-0.939358293,-0.984732824,35.34351145,-153.8778626,-0.629718912,-0.671713584,-0.985216398,-5.870229008,-5.541984733,-42.45801527,5.954198473,10.77862595,4.221374046,13.90142388,23.83149116,329.2955212,-0.408396947,3.011450382,0.187022901,3.728461328,4.881750829,18.14650162
2,0.179094587,-0.218069894,-0.967825753,0.034539128,0.044571099,0.019353263,-0.761274273,-1.233269026,-1.135364159,-0.548456145,-0.089465803,2.009557843,2.507324219,-3.052978516,-13.54956055,-0.160400391,-0.594970703,-1.306152344,0.412353516,-0.037597656,-0.743896484,0.034539128,0.044571099,0.019353263,0.220703125,-0.111450195,-0.965209961,0.185847056,0.211118684,0.139116006,-0.050708833,2.005452563,-8.988549618,13.8281399,28.64254305,249.7144935,0.193800333,0.057472117,-1.160937288,-0.709923664,28.07633588,-125.8396947,-0.605063353,-1.033398361,-0.150057886,-5.870229008,-5.671755725,-39.32061069,5.954198473,10.77862595,4.221374046,13.8281399,28.64254305,249.7144935,-0.408396947,3.011450382,0.187022901,3.718620698,5.351872855,15.80235721
2,0.196602958,-0.207240513,-0.977643694,0.037103831,0.045359995,0.01870885,-0.902152838,-1.364768192,-0.975054813,-0.47967095,0.145316875,1.962125642,2.752441406,-2.901367188,-13.68701172,-0.160400391,-0.594970703,-1.306152344,0.412353516,-0.037597656,-0.743896484,0.037103831,0.045359995,0.01870885,0.252563477,-0.103393555,-0.972290039,0.192623548,0.212978861,0.136780298,0.306434024,2.158124318,-7.641221374,11.1373002,29.29841303,251.3925224,0.366570378,-0.026251837,-1.407747407,4.290076336,30.21374046,-106.9770992,-0.307247507,-1.147536849,0.400873764,-5.465648855,-5.671755725,-39.32061069,5.954198473,10.77862595,4.221374046,11.1373002,29.29841303,251.3925224,-0.408396947,3.160305344,1.408396947,3.337259385,5.412800849,15.85536258
2,0.206473214,-0.207676479,-0.953717913,0.03887109,0.045240499,0.009794196,-0.97133783,-1.365761714,-0.155714163,-0.487653665,0.148098435,2.117402793,2.890625,-2.907470703,-13.35205078,-0.160400391,-0.594970703,-1.178710938,0.412353516,-0.037597656,-0.743896484,0.03887109,0.045240499,0.009794196,0.295532227,-0.103393555,-0.970458984,0.197157527,0.212698142,0.09896563,0.744820065,2.438931298,-7.46346783,8.377759179,28.3860789,255.5932676,0.739301204,-0.190068946,-1.391956482,10.42748092,34.14503817,-104.4885496,-0.36198572,-0.962249986,0.371380561,-3.709923664,-5.671755725,-39.32061069,5.954198473,10.77862595,4.664122137,8.377759179,28.3860789,255.5932676,-0.232824427,3.160305344,1.408396947,2.8944359,5.327858754,15.98728456
2,0.213152204,-0.205444336,-0.960501535,0.041259687,0.045735907,0.010747251,-0.914982425,-1.370761101,-0.031404799,-0.570270002,0.147599079,1.247725598,2.984130859,-2.876220703,-13.44702148,-0.160400391,-0.594970703,-1.178710938,0.422607422,-0.037597656,-0.743896484,0.041259687,0.045735907,0.010747251,0.295532227,-0.095458984,-0.970458984,0.203124807,0.21385955,0.103668949,0.544165758,2.395310796,-7.367502726,9.576736415,28.2158488,257.4967915,0.604527355,-0.166598497,-1.389966424,7.618320611,33.53435115,-103.1450382,-0.563735369,-0.937733027,0.362242735,-3.709923664,-5.671755725,-39.32061069,5.954198473,10.77862595,4.664122137,9.576736415,28.2158488,257.4967915,-0.232824427,3.160305344,1.72519084,3.094630255,5.311859261,16.04670656
2,0.207641602,-0.204799107,-0.962524414,0.039682716,0.045883049,0.010904301,-0.918998812,-1.371922797,0.027438933,-0.50859472,0.147033619,1.108318851,2.906982422,-2.8671875,-13.4753418,-0.160400391,-0.594970703,-1.178710938,0.422607422,-0.037597656,-0.743896484,0.039682716,0.045883049,0.010904301,0.291992188,-0.091308594,-0.970458984,0.199205211,0.214203289,0.10442366,0.317884406,2.448745911,-7.281352236,10.84154686,28.32717457,259.2935579,0.547594817,-0.199375713,-1.386902737,4.450381679,34.28244275,-101.9389313,-0.771902937,-0.950039333,0.352504162,-3.748091603,-5.671755725,-39.32061069,5.954198473,10.77862595,4.664122137,10.84154686,28.32717457,259.2935579,-0.232824427,3.534351145,1.778625954,3.292650431,5.322327928,16.10259476
2,0.196236747,-0.195800781,-0.953717913,0.038873958,0.049500089,0.011696006,-0.761199939,-1.249397946,-0.171868159,-0.650641261,0.040323001,0.594639824,2.747314453,-2.741210938,-13.35205078,-0.160400391,-0.594970703,-1.178710938,0.422607422,0.049316406,-0.743896484,0.038873958,0.049500089,0.011696006,0.252563477,-0.091308594,-0.965209961,0.1971648,0.222486156,0.108148074,0.102508179,1.842420938,-7.305888768,11.74465998,32.35533708,258.8135035,0.605519152,-0.005799256,-1.387253159,1.435114504,25.79389313,-102.2824427,-0.913131649,-1.340558625,0.354637138,-3.748091603,-5.671755725,-39.32061069,5.954198473,10.77862595,4.664122137,11.74465998,32.35533708,258.8135035,-0.553435115,3.259541985,1.65648855,3.427048289,5.688175197,16.08768173
2,0.186540876,-0.198399135,-0.955601283,0.037777419,0.048709233,0.01149171,-0.638775981,-1.256701846,-0.129382218,-0.675588174,0.064406155,0.72576686,2.611572266,-2.777587891,-13.37841797,-0.160400391,-0.594970703,-1.178710938,0.422607422,0.049316406,-0.743896484,0.037777419,0.048709233,0.01149171,0.200927734,-0.091308594,-0.965209961,0.19436414,0.220701683,0.107199394,0.593784079,1.230098146,-7.574700109,11.08952929,27.59086889,253.1511023,0.344248609,0.131002609,-1.398619179,8.312977099,17.22137405,-106.0458015,-1.164913566,-0.983312855,0.386033279,-3.748091603,-5.671755725,-39.32061069,5.954198473,10.77862595,4.664122137,11.08952929,27.59086889,253.1511023,-0.20610687,1.809160305,1.038167939,3.330094486,5.252701105,15.91072287
2,0.182686942,-0.200142997,-0.955130441,0.037659227,0.048311978,0.011553775,-0.573050854,-1.251305983,-0.138273656,-0.721730698,0.068153509,0.685577622,2.557617188,-2.802001953,-13.37182617,-0.160400391,-0.594970703,-1.178710938,0.422607422,0.049316406,-0.743896484,0.037659227,0.048311978,0.011553775,0.173950195,-0.098876953,-0.965209961,0.194059855,0.219799859,0.107488488,0.712649945,1.186477644,-7.721919302,11.07473213,27.71514762,250.4427186,0.222673,0.15705098,-1.398896417,9.977099237,16.61068702,-108.1068702,-1.213313917,-1.001445693,0.396230598,-3.748091603,-5.671755725,-39.32061069,5.954198473,10.77862595,4.664122137,11.07473213,27.71514762,250.4427186,0.248091603,1.809160305,0.160305344,3.327872012,5.264517796,15.8253821
2,0.197178432,-0.212123326,-0.964076451,0.039141633,0.046334981,0.012955453,-0.752337295,-1.170423093,-0.006990928,-0.657054902,-0.008519036,-0.024138524,2.760498047,-2.969726563,-13.49707031,-0.160400391,-0.594970703,-1.178710938,0.422607422,0.049316406,-0.743896484,0.039141633,0.046334981,0.012955453,0.227661133,-0.104370117,-0.965942383,0.197842445,0.215255617,0.113822025,0.882224646,1.353326063,-7.758451472,11.1528978,29.48082126,249.9126697,0.052044148,0.135445449,-1.396834861,12.35114504,18.94656489,-108.6183206,-1.284870349,-1.190003852,0.395347922,-3.748091603,-5.671755725,-39.32061069,5.954198473,10.77862595,4.664122137,11.1528978,29.48082126,249.9126697,1.049618321,1.809160305,0.160305344,3.339595454,5.429624412,15.80862643
2,0.172450474,-0.241315569,-0.947788783,0.043328593,0.049778972,0.009139867,-0.416820888,-0.775901201,0.401475207,-1.333766659,-0.977305268,0.067250287,2.414306641,-3.378417969,-13.26904297,-0.160400391,-0.594970703,-1.094970703,0.422607422,0.049316406,-0.743896484,0.043328593,0.049778972,0.009139867,0.173950195,-0.147949219,-0.955688477,0.208155215,0.223112018,0.09560265,0.674482007,0.524536532,-9.737186478,9.573053454,27.50496366,263.7243097,-0.028275515,0.455012216,-1.002348296,9.442748092,7.34351145,-136.3206107,-1.162832867,-0.82017843,-0.67203131,-3.748091603,-5.671755725,-39.32061069,5.954198473,10.77862595,4.664122137,9.573053454,27.50496366,263.7243097,1.049618321,0.221374046,-0.698473282,3.094035141,5.244517486,16.23959081
2,0.139439174,-0.264561244,-0.949672154,0.041527628,0.056360911,0.009241873,-0.13476265,-0.492005818,0.457523655,-1.544234922,-1.624628356,0.030049701,1.952148438,-3.703857422,-13.29541016,-0.160400391,-0.594970703,-1.094970703,0.422607422,0.049316406,-0.743896484,0.041527628,0.056360911,0.009241873,0.163452148,-0.147949219,-0.9609375,0.203783286,0.237404529,0.096134661,0.863140676,-0.320610687,-12.50763359,9.304079144,18.83910297,327.7439252,-0.223643911,0.305836915,-0.662295221,12.08396947,-4.488549618,-175.1068702,-0.984359579,-1.251538358,-1.446909683,-3.748091603,-5.671755725,-41.24427481,5.954198473,7.351145038,4.664122137,9.304079144,18.83910297,327.7439252,1.427480916,-0.736641221,-0.698473282,3.050258865,4.34040355,18.10369921
2,0.151768276,-0.265590123,-0.969325474,0.035693486,0.057107933,0.005938884,-0.066536917,-0.499709171,0.02758643,-1.500304251,-1.610907223,-1.197279905,2.124755859,-3.718261719,-13.57055664,-0.110595703,-0.609375,-1.094970703,0.422607422,0.049316406,-0.854736328,0.035693486,0.057107933,0.005938884,0.163452148,-0.147949219,-0.979125977,0.188927198,0.238972662,0.077064155,0.905670665,0.097600872,-13.26717557,9.795758783,18.08347352,361.265015,-0.1025936,0.046489272,-0.617874081,12.67938931,1.366412214,-185.740458,-0.781318213,-1.197533704,-1.634410363,-3.748091603,-5.671755725,-41.24427481,6.549618321,7.351145038,4.664122137,9.795758783,18.08347352,361.265015,1.427480916,0.221374046,-0.698473282,3.129817692,4.252466757,19.0069728
2,0.174455915,-0.252825056,-0.972220285,0.030723322,0.050776222,0.005481786,-0.275890291,-0.572509396,0.025506309,-1.144365945,-1.315396177,-1.011683498,2.442382813,-3.539550781,-13.61108398,-0.110595703,-0.609375,-1.094970703,0.422607422,0.049316406,-0.854736328,0.030723322,0.050776222,0.005481786,0.173950195,-0.147949219,-0.979125977,0.175280694,0.225335799,0.074039083,0.893675027,0.767720829,-11.7306434,9.717431424,16.23051117,308.095408,-0.104035634,-0.215188409,-0.799840424,12.51145038,10.7480916,-164.2290076,-0.758252654,-1.008518493,-1.091918033,-3.748091603,-5.671755725,-41.24427481,6.549618321,7.351145038,4.664122137,9.717431424,16.23051117,308.095408,1.427480916,1.419847328,-0.698473282,3.117279491,4.028710857,17.55264675
2,0.207048689,-0.218784877,-0.966151646,0.025584794,0.041966996,0.005101356,-0.468802356,-0.908079492,-0.189308407,-0.904216468,-0.506584223,-0.658745343,2.898681641,-3.062988281,-13.52612305,-0.066894531,-0.609375,-1.094970703,0.422607422,0.049316406,-0.854736328,0.025584794,0.041966996,0.005101356,0.198120117,-0.111694336,-0.963500977,0.159952473,0.204858479,0.071423779,0.549618321,1.114503817,-8.748091603,9.502673773,15.25960026,259.4673791,0.19859402,-0.476739881,-1.200761043,7.694656489,15.60305344,-122.4732824,-0.633496547,-0.563447117,0.045887215,-3.748091603,-5.671755725,-41.24427481,6.549618321,7.351145038,4.664122137,9.502673773,15.25960026,259.4673791,1.049618321,2.022900763,0.160305344,3.082640714,3.906353831,16.10799116
2,0.225080218,-0.212751116,-0.969273158,0.027376839,0.042848355,0.004618368,-0.681255053,-0.967867566,-0.249996887,-0.812189875,-0.485718419,-0.422916453,3.151123047,-2.978515625,-13.56982422,-0.066894531,-0.609375,-1.094970703,0.422607422,0.049316406,-0.854736328,0.027376839,0.042848355,0.004618368,0.262451172,-0.105712891,-0.963500977,0.16545948,0.206998442,0.067958578,0.740458015,1.825517993,-7.381134133,9.105754103,11.94459582,268.9285228,0.025449762,-0.670848818,-1.377031067,10.36641221,25.55725191,-103.3358779,-0.429656077,0.121107551,0.390785059,-3.748091603,-5.183206107,-41.24427481,6.549618321,7.351145038,4.717557252,9.105754103,11.94459582,268.9285228,1.221374046,2.41221374,1.038167939,3.017574208,3.456095458,16.3990403
2,0.210083008,-0.206978934,-0.968994141,0.0255726,0.044678937,0.00459439,-0.508438085,-0.951423604,-0.261021032,-0.815444393,-0.548515788,-0.387154996,2.941162109,-2.897705078,-13.56591797,-0.066894531,-0.609375,-1.094970703,0.422607422,0.049316406,-0.854736328,0.0255726,0.044678937,0.00459439,0.198120117,-0.105712891,-0.963500977,0.159914353,0.211373928,0.067781931,0.718647764,1.781897492,-7.334242094,9.188077234,11.65935923,269.8759457,0.041091339,-0.688550938,-1.376249594,10.0610687,24.94656489,-102.6793893,-0.479611218,0.206959743,0.386149484,-3.748091603,-5.183206107,-41.24427481,6.549618321,7.351145038,4.717557252,9.188077234,11.65935923,269.8759457,1.221374046,2.41221374,1.038167939,3.031184131,3.414580388,16.42790144
2,0.20589774,-0.212751116,-0.967389788,0.024522668,0.043607168,0.004622833,-0.502790491,-0.907829833,-0.338840952,-0.706999416,-0.543719614,-0.390262101,2.882568359,-2.978515625,-13.54345703,-0.066894531,-0.609375,-1.094970703,0.422607422,0.049316406,-0.854736328,0.024522668,0.043607168,0.004622833,0.198120117,-0.111694336,-0.95324707,0.156597151,0.208823294,0.067991417,0.775899673,2.02344602,-7.399672846,9.228183826,12.98284092,268.2449795,-0.023771504,-0.664263815,-1.382317799,10.86259542,28.32824427,-103.5954198,-0.509245756,-0.115664942,0.397840797,-3.748091603,-5.183206107,-41.24427481,6.549618321,7.351145038,4.717557252,9.228183826,12.98284092,268.2449795,1.427480916,2.916030534,1.038167939,3.037792591,3.603170953,16.37818609
2,0.189854213,-0.218348912,-0.94632394,0.020637729,0.042540446,0.006187896,-0.566705097,-0.866055323,0.332854039,-0.514302703,-0.527650917,0.941102407,2.657958984,-3.056884766,-13.24853516,-0.066894531,-0.609375,-1.094970703,0.388427734,0.049316406,-0.774902344,0.020637729,0.042540446,0.006187896,0.187011719,-0.140869141,-0.949707031,0.143658375,0.206253353,0.078663182,1.248091603,1.443838604,-7.57742639,7.966047792,15.31386334,264.9103522,-0.252852173,-0.365698991,-1.381903632,17.47328244,20.21374046,-106.0839695,-0.019263752,-0.897700539,0.41041278,-3.748091603,-5.183206107,-41.24427481,6.549618321,7.351145038,4.717557252,7.966047792,15.31386334,264.9103522,1.450381679,2.022900763,0.217557252,2.822418784,3.913293158,16.27606685
2,0.18132673,-0.217320033,-0.949480329,0.01954665,0.042829219,0.006771954,-0.450778632,-0.867215902,0.258165799,-0.373762858,-0.540265301,0.527799457,2.538574219,-3.042480469,-13.29272461,-0.066894531,-0.609375,-1.094970703,0.388427734,0.049316406,-0.774902344,0.01954665,0.042829219,0.006771954,0.180664063,-0.140869141,-0.949707031,0.139809335,0.206952214,0.082291882,1.357688113,1.122682661,-7.739912759,6.954838181,15.15337966,261.5915467,-0.048274478,-0.116739096,-1.385979932,19.00763359,15.71755725,-108.3587786,-0.045794986,-0.956076969,0.428335976,-3.244274809,-5.183206107,-41.24427481,6.549618321,7.351145038,4.717557252,6.954838181,15.15337966,261.5915467,1.450381679,1.419847328,0.217557252,2.637202719,3.892734214,16.17379197
2,0.196585519,-0.220982143,-0.96018764,0.021942012,0.040913846,0.006192028,-0.558922385,-0.962688237,0.587131166,-0.564007078,-0.534432016,1.41524726,2.752197266,-3.09375,-13.44262695,-0.066894531,-0.609375,-1.094970703,0.388427734,-0.001953125,-0.774902344,0.021942012,0.040913846,0.006192028,0.191650391,-0.140869141,-0.95324707,0.148128363,0.202271714,0.078689441,1.376226827,2.322246456,-7.740458015,6.775895511,19.00635321,261.5805606,0.004131873,0.448756893,-1.385991761,19.26717557,32.51145038,-108.3664122,-0.091065851,0.150161498,0.42839501,-2.984732824,-4.190839695,-41.24427481,6.549618321,11.61068702,4.717557252,6.775895511,19.00635321,261.5805606,1.450381679,2.022900763,0.217557252,2.603055034,4.359627646,16.17345234
2,0.192853655,-0.211495536,-0.96043178,0.022302247,0.045177546,0.006170405,-0.468118364,-0.81092513,0.597905125,-0.731910571,-0.611098554,1.459160147,2.699951172,-2.9609375,-13.44604492,-0.066894531,-0.609375,-1.094970703,0.388427734,0.058837891,-0.774902344,0.022302247,0.045177546,0.006170405,0.191650391,-0.140869141,-0.95324707,0.149339367,0.212550103,0.078551928,0.592693566,2.589967285,-7.822791712,12.34712525,19.16811759,260.2215953,-0.814898836,0.244919555,-1.38330237,8.297709924,36.25954198,-109.519084,1.505423533,-0.026702446,0.430632598,-7.801526718,-4.190839695,-41.24427481,6.549618321,11.61068702,4.717557252,12.34712525,19.16811759,260.2215953,1.427480916,2.954198473,-0.080152672,3.513847642,4.378140883,16.13138541
2,0.193097796,-0.236868722,-0.963117327,0.02229205,0.048409711,0.005869008,-0.474059791,-0.466276132,0.706627641,-0.724887234,-1.252905396,2.061397795,2.703369141,-3.316162109,-13.48364258,-0.066894531,-0.609375,-1.094970703,0.388427734,0.058837891,-0.774902344,0.02229205,0.048409711,0.005869008,0.191650391,-0.165161133,-0.95324707,0.149305223,0.22002207,0.076609449,0.405670665,2.854416576,-8.949836423,12.50054334,18.43284607,259.3486816,-0.627319294,0.075138893,-1.166061607,5.679389313,39.96183206,-125.2977099,1.174820833,0.192698212,-0.031020932,-7.801526718,-4.190839695,-41.24427481,6.549618321,11.61068702,4.717557252,12.50054334,18.43284607,259.3486816,1.221374046,3.561068702,-0.358778626,3.535610744,4.293349051,16.10430631
2,0.165178571,-0.257725307,-0.949061802,0.024439158,0.053444464,0.004643162,-0.199372202,-0.225976888,0.999052406,-1.101837406,-1.683882955,2.441214159,2.3125,-3.608154297,-13.28686523,-0.066894531,-0.609375,-1.055908203,0.388427734,0.058837891,-0.774902344,0.024439158,0.053444464,0.004643162,0.180297852,-0.165161133,-0.949707031,0.156330285,0.231180588,0.068140748,0.675572519,1.779716467,-11.54307525,14.56260618,24.19381923,310.5434492,-0.47692348,-0.126074115,-0.762592062,9.458015267,24.91603053,-161.6030534,0.541191006,0.394240828,-1.156889191,-7.801526718,-7.694656489,-41.24427481,6.549618321,11.61068702,4.717557252,14.56260618,24.19381923,310.5434492,1.221374046,2.675572519,-0.358778626,3.816098292,4.918721301,17.62224302
2,0.168858119,-0.262887137,-0.968924386,0.022789484,0.056353617,0.010235855,-0.134245178,-0.234775192,-0.894335642,-1.111803672,-1.723822386,3.272026561,2.364013672,-3.680419922,-13.56494141,-0.052001953,-0.609375,-1.228759766,0.388427734,0.058837891,-0.774902344,0.022789484,0.056353617,0.010235855,0.180297852,-0.165161133,-0.952270508,0.150961862,0.237389167,0.1011724,0.749727372,2.094329335,-12.65376227,14.98767939,21.82858814,362.0152816,-0.48831842,-0.235199195,-0.709645875,10.49618321,29.32061069,-177.1526718,0.389766129,1.164117154,-1.422401902,-7.801526718,-7.694656489,-41.38931298,6.549618321,11.61068702,4.717557252,14.98767939,21.82858814,362.0152816,1.221374046,2.675572519,-0.358778626,3.871392435,4.672107463,19.02669918
2,0.192993164,-0.23449707,-0.964896066,0.019577703,0.050257387,0.010305681,-0.380722456,-0.530083269,-1.018908525,-0.735641861,-1.274691718,3.383810612,2.701904297,-3.282958984,-13.50854492,-0.052001953,-0.609375,-1.228759766,0.388427734,0.058837891,-0.774902344,0.019577703,0.050257387,0.010305681,0.191650391,-0.156860352,-0.939697266,0.139920344,0.224181594,0.101516902,0.113413304,2.717557252,-11.56434024,19.72734113,23.0410098,311.5449114,-0.38965846,-0.507966437,-0.762540425,1.58778626,38.04580153,-161.9007634,-0.457020668,1.050021977,-1.15754908,-7.801526718,-7.694656489,-41.38931298,6.549618321,11.61068702,4.717557252,19.72734113,23.0410098,311.5449114,-0.080152672,3.561068702,-0.358778626,4.441547155,4.800105187,17.65063487
2,0.21913365,-0.198556083,-0.96055385,0.018965526,0.039322142,0.010063242,-0.651030217,-0.777128614,-1.193412186,-0.167390304,-0.73772714,3.989605273,3.067871094,-2.779785156,-13.44775391,-0.052001953,-0.558105469,-1.228759766,0.388427734,0.058837891,-0.774902344,0.018965526,0.039322142,0.010063242,0.209106445,-0.133666992,-0.939697266,0.13771538,0.198298113,0.100315712,-0.450926936,2.902944384,-8.651581243,16.36283939,23.22650579,260.1175259,-0.389873667,-0.631156495,-1.157450766,-6.312977099,40.64122137,-121.1221374,-0.187732429,1.093130591,-0.08172122,-7.801526718,-7.694656489,-41.38931298,5.977099237,11.61068702,4.717557252,16.36283939,23.22650579,260.1175259,-1.183206107,4.061068702,0.332061069,4.045100665,4.819388529,16.12815941
2,0.231532506,-0.17527553,-0.965436663,0.021146642,0.036801627,0.0099466,-0.696639436,-1.156734343,-1.051574765,-0.376889393,0.199006336,3.866986735,3.241455078,-2.453857422,-13.51611328,-0.052001953,-0.558105469,-1.228759766,0.393798828,0.058837891,-0.774902344,0.021146642,0.036801627,0.0099466,0.243041992,-0.111938477,-0.952270508,0.145418851,0.191837501,0.099732645,-0.785169029,2.830970556,-7.001635769,14.83254837,23.1538135,265.6864552,-0.272006418,-0.582437575,-1.404769244,-10.99236641,39.63358779,-98.02290076,0.214351193,1.074329537,0.493278739,-7.801526718,-7.694656489,-41.38931298,5.977099237,11.61068702,5.290076336,14.83254837,23.1538135,265.6864552,-1.183206107,3.782442748,1.148854962,3.851304762,4.811840967,16.29989126
2,0.226667132,-0.17401995,-0.965000698,0.020281624,0.036979466,0.0099583,-0.665260355,-1.168302449,-1.064741984,-0.259428493,0.203317395,3.874140786,3.173339844,-2.436279297,-13.51000977,-0.052001953,-0.558105469,-1.228759766,0.393798828,0.058837891,-0.774902344,0.020281624,0.036979466,0.0099583,0.237792969,-0.105957031,-0.94921875,0.142413567,0.192300458,0.099791284,-0.979280262,2.760632497,-6.968920393,15.61583222,23.33855932,266.4110345,-0.133063452,-0.528463981,-1.403048801,-13.70992366,38.64885496,-97.5648855,-0.179371005,0.954844895,0.488488614,-7.801526718,-7.694656489,-41.38931298,5.977099237,11.61068702,5.290076336,15.61583222,23.33855932,266.4110345,-1.183206107,3.782442748,1.148854962,3.951687262,4.830999826,16.32210264
2,0.223702567,-0.177315848,-0.97026716,0.019371789,0.036646645,0.009810339,-0.721112207,-1.127926106,-0.914101024,-0.158295012,0.166393593,3.810773083,3.131835938,-2.482421875,-13.58374023,-0.052001953,-0.558105469,-1.228759766,0.393798828,0.058837891,-0.774902344,0.019371789,0.036646645,0.009810339,0.237792969,-0.127929688,-0.953979492,0.139182573,0.191433135,0.099047157,-1.340785169,2.718102508,-7.031079607,15.89242699,23.22448005,264.9005255,0.136631384,-0.503662081,-1.408582252,-18.77099237,38.05343511,-98.4351145,-0.281564867,0.976036237,0.499861564,-7.801526718,-7.694656489,-41.38931298,5.977099237,11.61068702,5.290076336,15.89242699,23.22448005,264.9005255,-1.270992366,3.484732824,1.148854962,3.986530696,4.819178359,16.27576497
2,0.224504743,-0.188703265,-0.96332659,0.019285346,0.034657996,0.009934427,-0.743390872,-1.063905945,-1.116724516,-0.103934111,0.189799352,4.012827151,3.143066406,-2.641845703,-13.48657227,-0.052001953,-0.558105469,-1.228759766,0.393798828,0.058837891,-0.774902344,0.019285346,0.034657996,0.009934427,0.237792969,-0.150756836,-0.94921875,0.138871689,0.186166582,0.099671596,-1.259541985,2.342420938,-7.081788441,16.01374315,23.73075674,263.9118074,0.06710298,-0.25347985,-1.409215092,-17.63358779,32.79389313,-99.14503817,-0.345281952,0.637421936,0.504684501,-7.801526718,-7.694656489,-41.38931298,5.977099237,11.61068702,5.290076336,16.01374315,23.73075674,263.9118074,-1.270992366,3.057251908,1.148854962,4.001717525,4.871422456,16.24536264
2,0.222429548,-0.180751256,-0.959943499,0.019029805,0.035965311,0.010201018,-0.715357993,-1.120401092,-1.170070668,-0.071166722,0.17386328,3.828039576,3.114013672,-2.530517578,-13.43920898,-0.052001953,-0.558105469,-1.228759766,0.393798828,0.058837891,-0.774902344,0.019029805,0.035965311,0.010201018,0.232055664,-0.127929688,-0.940185547,0.137948559,0.189645223,0.10100009,-1.410032715,1.980916031,-7.329334787,15.4450066,22.60548516,258.9954759,0.175125214,-0.053300509,-1.414438536,-19.74045802,27.73282443,-102.610687,-0.089057844,0.967966581,0.530566484,-7.801526718,-7.694656489,-41.38931298,5.977099237,11.61068702,5.290076336,15.4450066,22.60548516,258.9954759,-1.270992366,1.958015267,0.484732824,3.930013562,4.7545226,16.09333638
2,0.223475865,-0.170427595,-1.002301897,0.018990073,0.037779629,0.018438346,-0.743711462,-1.177645188,-2.012683441,-0.025242929,0.16657454,3.687085592,3.128662109,-2.385986328,-14.03222656,-0.052001953,-0.558105469,-1.367919922,0.393798828,0.058837891,-0.898193359,0.018990073,0.037779629,0.018438346,0.239379883,-0.103149414,-0.953979492,0.137804473,0.194369825,0.135787871,-1.135223555,2.910032715,-7.145583424,19.1577542,22.340335,262.3598631,0.429506601,-0.28051514,-1.414902519,-15.89312977,40.74045802,-100.0381679,-0.11389336,1.191827831,0.517360208,-7.801526718,-7.694656489,-41.38931298,6.923664122,11.61068702,5.290076336,19.1577542,22.340335,262.3598631,-1.270992366,3.057251908,1.148854962,4.376957185,4.726556358,16.19752645
2,0.212785993,-0.172816685,-0.984043666,0.021468811,0.037395879,0.020997337,-0.550336267,-1.159397593,-1.852026243,-0.795410075,0.164792132,3.54481178,2.979003906,-2.419433594,-13.77661133,-0.052001953,-0.558105469,-1.367919922,0.393798828,0.058837891,-0.800292969,0.021468811,0.037395879,0.020997337,0.239379883,-0.109985352,-0.940185547,0.146522391,0.193380142,0.14490458,-1.23827699,3.512540894,-7.081243184,19.5458233,22.69518862,263.503253,0.483036698,-0.587677871,-1.415682238,-17.33587786,49.17557252,-99.13740458,-0.191680335,1.371438606,0.513695603,-7.801526718,-7.694656489,-41.38931298,6.923664122,11.61068702,5.290076336,19.5458233,22.69518862,263.503253,-1.270992366,3.484732824,1.599236641,4.421065855,4.763946748,16.23278328
2,0.194876535,-0.199323382,-0.962838309,0.01994687,0.037477518,0.02635204,-0.315945565,-0.834161001,-1.33466388,-0.842030949,-0.589393258,2.662554481,2.728271484,-2.790527344,-13.47973633,-0.052001953,-0.558105469,-1.367919922,0.393798828,0.058837891,-0.707763672,0.01994687,0.037477518,0.02635204,0.196166992,-0.131713867,-0.92956543,0.141233389,0.193591111,0.162333115,-0.715921483,2.910032715,-8.590512541,21.40090616,17.2683695,267.1386158,0.185783904,-1.038378315,-1.115743211,-10.02290076,40.74045802,-120.2671756,-0.779248005,2.374710586,-0.216264592,-7.801526718,-7.694656489,-41.38931298,6.923664122,8.816793893,5.290076336,21.40090616,17.2683695,267.1386158,-1.011450382,3.229007634,0.935114504,4.626111343,4.155522771,16.34437566
2,0.186383929,-0.243861607,-0.958025251,0.022257105,0.040483648,0.027111131,-0.244230323,-0.681582949,-1.356560429,-1.223470047,-1.350056389,2.534872607,2.609375,-3.4140625,-13.41235352,-0.052001953,-0.564697266,-1.367919922,0.393798828,-0.021728516,-0.707763672,0.022257105,0.040483648,0.027111131,0.196166992,-0.150756836,-0.92956543,0.149188154,0.201205486,0.164654581,0.288440567,2.309705562,-10.98800436,20.19543579,20.11490019,306.8373074,0.093795838,-0.659066169,-0.714735024,4.038167939,32.33587786,-153.8320611,-1.044180882,0.695621465,-1.247244947,-7.480916031,-7.694656489,-41.38931298,6.923664122,8.816793893,5.290076336,20.19543579,20.11490019,306.8373074,-0.732824427,3.003816794,0.935114504,4.493933221,4.484963789,17.51677218
2,0.165230887,-0.243913923,-0.970720564,0.02902673,0.040508146,0.028559286,-0.253278294,-0.681198528,-1.052212531,-1.32692612,-1.351788456,1.491811827,2.313232422,-3.414794922,-13.59008789,-0.120849609,-0.564697266,-1.367919922,0.393798828,-0.021728516,-0.707763672,0.02902673,0.040508146,0.028559286,0.196166992,-0.150756836,-0.940185547,0.170372328,0.201266356,0.168994928,0.306434024,1.869138495,-12.66902944,20.14263878,21.90924733,364.2418956,0.081510623,-0.372814317,-0.539597742,4.290076336,26.16793893,-177.3664122,-1.032196116,-0.107637631,-1.728943162,-7.480916031,-7.694656489,-41.38931298,6.923664122,8.816793893,5.290076336,20.14263878,21.90924733,364.2418956,-0.732824427,1.958015267,0.935114504,4.488055123,4.680731495,19.08512236
2,0.162510463,-0.225254604,-0.972621373,0.030403189,0.034874747,0.028312939,-0.28987817,-0.957426064,-1.03179849,-1.308631786,-0.5265605,1.516673452,2.275146484,-3.153564453,-13.61669922,-0.120849609,-0.564697266,-1.367919922,0.393798828,-0.021728516,-0.707763672,0.030403189,0.034874747,0.028312939,0.196166992,-0.150756836,-0.940185547,0.174365102,0.186747818,0.16826449,-0.218647764,2.554525627,-11.70392585,17.58937848,14.36757413,325.5312106,0.312942798,0.099185304,-0.612834905,-3.061068702,35.76335878,-163.8549618,-0.499784815,-0.531211198,-1.469544459,-7.480916031,-3.79389313,-41.38931298,6.923664122,8.816793893,5.290076336,17.58937848,14.36757413,325.5312106,-0.885496183,2.366412214,0.935114504,4.193969299,3.7904583,18.04248349
2,0.187848772,-0.194423131,-0.950073242,0.029683221,0.026079486,0.02299138,-0.623385974,-1.351173959,-1.496594604,-0.894730549,0.951393635,4.292241489,2.629882813,-2.721923828,-13.30102539,-0.120849609,-0.564697266,-1.367919922,0.393798828,-0.021728516,-0.707763672,0.029683221,0.026079486,0.02299138,0.239379883,-0.138061523,-0.927734375,0.17228819,0.161491443,0.151629086,-0.535986914,2.739367503,-8.557251908,16.18883765,14.08721795,262.9617334,0.535254506,-0.05807164,-0.91947193,-7.503816794,38.35114504,-119.8015267,0.140679229,-0.413725773,-0.894344099,-7.480916031,-3.79389313,-39.45038168,6.923664122,8.816793893,5.290076336,16.18883765,14.08721795,262.9617334,-0.885496183,3.003816794,1.614503817,4.023535466,3.75329428,16.21609489
2,0.195138114,-0.193272182,-0.956682478,0.032000839,0.026209002,0.023326633,-0.585628553,-1.363179159,-1.322918717,-1.003672753,0.958257728,3.736396076,2.731933594,-2.705810547,-13.39355469,-0.120849609,-0.564697266,-1.367919922,0.393798828,-0.021728516,-0.707763672,0.032000839,0.026209002,0.023326633,0.239379883,-0.130004883,-0.937255859,0.178887783,0.161891946,0.152730589,-0.029989095,2.650490731,-6.525081788,12.20443908,13.25361332,244.4645702,1.012037831,-0.108054249,-1.327621969,-0.419847328,37.10687023,-91.35114504,0.252906156,-0.272578639,0.18881676,-4.114503817,-3.79389313,-39.45038168,6.923664122,8.816793893,5.290076336,12.20443908,13.25361332,244.4645702,-0.732824427,3.003816794,1.86259542,3.493485235,3.640551239,15.63536281
2,0.201939174,-0.200038365,-0.968035017,0.035329588,0.025581026,0.025169331,-0.423273801,-1.280010878,-1.022349171,-0.964421465,0.873574339,2.347756536,2.827148438,-2.800537109,-13.55249023,-0.120849609,-0.564697266,-1.367919922,0.473388672,-0.021728516,-0.707763672,0.035329588,0.025581026,0.025169331,0.239379883,-0.142700195,-0.937255859,0.187961667,0.159940696,0.158648451,0.119411123,2.603598691,-6.471101418,12.09179676,13.09027593,245.5062994,0.881636261,-0.074331741,-1.326964527,1.671755725,36.45038168,-90.59541985,0.103041916,-0.19774623,0.183976723,-4.114503817,-3.79389313,-39.45038168,6.923664122,8.816793893,5.290076336,12.09179676,13.09027593,245.5062994,-0.591603053,3.003816794,2.049618321,3.477326093,3.618048636,15.66864064
2,0.193464007,-0.203595843,-0.965994699,0.032832941,0.024794143,0.025148295,-0.409242113,-1.298026434,-1.068507415,-0.786186665,0.969493195,2.431501928,2.708496094,-2.850341797,-13.52392578,-0.120849609,-0.564697266,-1.367919922,0.473388672,-0.021728516,-0.707763672,0.032832941,0.024794143,0.025148295,0.239379883,-0.142700195,-0.937255859,0.181198623,0.157461559,0.158582139,0.035441658,2.767175573,-6.714285714,12.36258966,13.54537121,240.1739518,0.918341183,-0.197549571,-1.341629807,0.496183206,38.74045802,-94,0.062072323,-0.382575509,0.217251862,-4.114503817,-3.79389313,-39.45038168,6.923664122,8.816793893,3.847328244,12.36258966,13.54537121,240.1739518,-0.591603053,3.20610687,1.763358779,3.516047448,3.680403675,15.49754664
2,0.186070033,-0.207467215,-0.968052455,0.032258619,0.024140965,0.025135387,-0.285379816,-1.287493738,-1.024041782,-0.762585269,1.029560702,2.363830303,2.604980469,-2.904541016,-13.55273438,-0.120849609,-0.564697266,-1.367919922,0.473388672,-0.021728516,-0.707763672,0.032258619,0.024140965,0.025135387,0.196166992,-0.153076172,-0.941162109,0.179606847,0.15537363,0.158541438,0.396401309,2.74263904,-6.87568157,10.96029427,13.64275373,236.9786361,0.895461653,-0.178520604,-1.346073752,5.549618321,38.39694656,-96.25954198,0.176951788,-0.432844733,0.234273647,-4.045801527,-3.79389313,-39.45038168,6.923664122,8.816793893,3.847328244,10.96029427,13.64275373,236.9786361,-0.473282443,3.20610687,1.614503817,3.310633514,3.69360985,15.39411043
2,0.176269531,-0.198556083,-0.96585519,0.030207891,0.026320049,0.025092224,-0.188258569,-1.203704076,-1.074939253,-0.508451677,0.773572365,2.464631547,2.467773438,-2.779785156,-13.52197266,-0.120849609,-0.564697266,-1.367919922,0.473388672,-0.021728516,-0.707763672,0.030207891,0.026320049,0.025092224,0.194702148,-0.143920898,-0.941162109,0.173804174,0.162234549,0.158405254,0.744274809,2.996728462,-7.03217012,9.326126324,15.06344631,233.7072627,1.016760994,-0.244619081,-1.353975254,10.41984733,41.95419847,-98.45038168,0.404625236,-0.777925153,0.254810921,-3.65648855,-3.79389313,-39.45038168,6.923664122,8.816793893,2.839694656,9.326126324,15.06344631,233.7072627,-0.217557252,3.20610687,1.614503817,3.053870712,3.881165587,15.28748713
2,0.172938756,-0.192382813,-0.961512974,0.030338687,0.027078491,0.025879398,-0.121475636,-1.262726378,-1.090250278,-0.552821276,0.782669081,2.272575515,2.421142578,-2.693359375,-13.46118164,-0.120849609,-0.564697266,-1.367919922,0.473388672,-0.021728516,-0.707763672,0.030338687,0.027078491,0.025879398,0.191894531,-0.130004883,-0.941162109,0.174180043,0.164555434,0.160870749,0.749182116,3.286259542,-7.106324973,9.318193374,13.91603278,232.3989499,1.012797265,-0.458528951,-1.353652486,10.48854962,46.00763359,-99.48854962,0.402789003,-0.236703814,0.259790894,-3.65648855,-3.79389313,-39.45038168,6.923664122,8.816793893,2.839694656,9.318193374,13.91603278,232.3989499,-0.183206107,3.282442748,1.427480916,3.0525716,3.730419919,15.24463676
2,0.169276646,-0.197631836,-0.985212054,0.029791517,0.025885415,0.030672355,-0.06339909,-1.289237675,-0.70673281,-0.452531176,0.913150404,0.520782762,2.369873047,-2.766845703,-13.79296875,-0.120849609,-0.564697266,-1.367919922,0.473388672,-0.021728516,-0.707763672,0.029791517,0.025885415,0.030672355,0.191894531,-0.130004883,-0.959106445,0.172602192,0.160889448,0.175135248,0.668484188,3.405670665,-7.011450382,9.649704063,13.54728169,234.0348263,1.012430754,-0.571825723,-1.354698844,9.358778626,47.67938931,-98.16030534,0.300804787,0.0374702,0.254364523,-3.65648855,-3.79389313,-39.45038168,6.923664122,8.816793893,2.839694656,9.649704063,13.54728169,234.0348263,-0.183206107,3.282442748,1.599236641,3.10639728,3.680663213,15.29819683
2,0.151227679,-0.216326032,-0.957101004,0.03266624,0.023695391,0.018563825,0.154914067,-1.194201866,-0.24523126,-0.813903956,0.703467322,0.315040547,2.1171875,-3.028564453,-13.39941406,-0.120849609,-0.564697266,-1.233154297,0.473388672,-0.027099609,-0.707763672,0.03266624,0.023695391,0.018563825,0.153564453,-0.143920898,-0.959106445,0.180738044,0.153933072,0.136249127,0.091057797,3.140676118,-8.601962923,6.538111588,11.44195214,236.6975105,1.273514068,-0.817869524,-1.040775539,1.27480916,43.96946565,-120.4274809,1.907709189,0.394320786,-0.487678111,-3.65648855,-3.79389313,-39.45038168,6.259541985,7.702290076,2.839694656,6.538111588,11.44195214,236.6975105,-0.473282443,3.282442748,1.427480916,2.55697313,3.382595474,15.38497678
2,0.141078404,-0.232718331,-0.964494978,0.036634994,0.023836385,0.016831973,0.117014832,-0.88668867,-0.236568628,-1.041544154,0.060622647,0.852016126,1.975097656,-3.258056641,-13.50292969,-0.120849609,-0.564697266,-1.233154297,0.473388672,-0.027099609,-0.707763672,0.036634994,0.023836385,0.016831973,0.153564453,-0.177612305,-0.959106445,0.191402701,0.154390366,0.129738094,0.812431843,2.317884406,-11.15049073,8.000768418,12.83581831,271.694499,1.252219058,-0.711790997,-0.653586715,11.3740458,32.45038168,-156.1068702,0.362547107,-0.45657589,-1.394309694,-2.007633588,-3.816793893,-39.45038168,6.442748092,7.244274809,2.839694656,8.000768418,12.83581831,271.694499,-0.183206107,3.20610687,0.935114504,2.82856296,3.582711028,16.48315804
2,0.145333426,-0.229823521,-0.984776088,0.036676227,0.023078759,0.011375864,0.039815468,-0.952120416,-1.004692441,-1.057239027,0.350177263,0.936127561,2.034667969,-3.217529297,-13.78686523,-0.120849609,-0.564697266,-1.233154297,0.473388672,-0.027099609,-0.849121094,0.036676227,0.023078759,0.011375864,0.17578125,-0.177612305,-0.967529297,0.191510385,0.151916948,0.106657695,0.535986914,2.024536532,-11.86586696,6.9772891,13.49865015,291.753598,1.693519065,-0.443135042,-0.54201035,7.503816794,28.34351145,-166.1221374,2.164124568,-0.960200572,-1.702573829,-2.007633588,-3.816793893,-39.45038168,6.442748092,7.244274809,2.839694656,6.9772891,13.49865015,291.753598,-0.183206107,2.992366412,0.935114504,2.641455867,3.674050918,17.08079617
2,0.156406948,-0.207903181,-0.994681222,0.035043108,0.01399537,0.009949099,-0.126723166,-0.63840706,-1.084141969,-0.823045793,0.014736482,1.355950628,2.189697266,-2.910644531,-13.92553711,-0.120849609,-0.461669922,-1.233154297,0.473388672,-0.027099609,-0.849121094,0.035043108,0.01399537,0.009949099,0.17578125,-0.177612305,-0.97644043,0.187198044,0.118302028,0.09974517,0.025627045,2.774263904,-10.42966194,4.332288392,11.97234081,251.3593831,2.443412295,-0.653203564,-0.743147727,0.358778626,38.83969466,-146.0152672,7.452189936,-0.428530911,-1.158364575,-2.007633588,-3.816793893,-39.45038168,6.442748092,7.244274809,2.839694656,4.332288392,11.97234081,251.3593831,-0.473282443,3.282442748,0.935114504,2.081414998,3.460107052,15.85431749
2,0.188703265,-0.182931083,-0.988002232,0.030359511,0.009076737,0.008969351,-0.361559862,-0.375014052,-1.367904636,-0.444872615,-0.836754863,2.796847036,2.641845703,-2.561035156,-13.83203125,-0.106445313,-0.343261719,-1.233154297,0.473388672,-0.027099609,-0.849121094,0.030359511,0.009076737,0.008969351,0.193603516,-0.143920898,-0.97644043,0.174239808,0.09527191,0.09470666,0.02344602,3.39476554,-7.562704471,4.33688609,9.798581117,187.2290966,2.442319414,-0.974156554,-0.99658146,0.328244275,47.52671756,-105.8778626,7.44294728,0.728180823,-0.712271987,-2.007633588,-3.816793893,-34.09160305,6.442748092,7.244274809,2.839694656,4.33688609,9.798581117,187.2290966,-0.473282443,3.622137405,0.977099237,2.082519169,3.130268538,13.68316837
2,0.218645368,-0.171543666,-0.993216378,0.024931492,0.009390892,0.008640236,-0.601041047,-0.653633929,-1.278558551,0.358189154,-0.637932055,2.864769009,3.061035156,-2.401611328,-13.9050293,-0.106445313,-0.343261719,-1.233154297,0.473388672,-0.027099609,-0.849121094,0.024931492,0.009390892,0.008640236,0.212280273,-0.130004883,-0.985107422,0.157897094,0.096906613,0.092952869,0.179389313,3.6695747,-5.662486369,4.207955875,9.971567271,170.2878098,2.32221714,-1.207687339,-1.439604579,2.511450382,51.3740458,-79.27480916,7.103133429,1.103527713,0.613501557,-2.007633588,-3.816793893,-34.09160305,6.442748092,7.244274809,2.839694656,4.207955875,9.971567271,170.2878098,-0.183206107,4.511450382,1.438931298,2.05133027,3.157778851,13.04943715
2,0.22113909,-0.167323521,-0.997750419,0.025666899,0.010049972,0.008145517,-0.586011176,-0.645329462,-1.283044501,0.237966931,-0.775384032,3.252460549,3.095947266,-2.342529297,-13.96850586,-0.106445313,-0.343261719,-1.233154297,0.473388672,-0.027099609,-0.849121094,0.025666899,0.010049972,0.008145517,0.212280273,-0.129882813,-0.985107422,0.160208922,0.10024955,0.09025252,0.093784079,3.669029444,-5.684296619,4.444966257,9.972079869,169.9033193,2.216312406,-1.207002338,-1.441118116,1.312977099,51.36641221,-79.58015267,6.526010996,1.101885476,0.617676745,-2.007633588,-3.816793893,-34.09160305,6.442748092,7.244274809,2.839694656,4.444966257,9.972079869,169.9033193,-0.183206107,4.511450382,1.438931298,2.108308862,3.157860014,13.03469675
2,0.209612165,-0.167497907,-0.999982561,0.023331337,0.010037711,0.008337594,-0.533038228,-0.641113378,-1.172923958,0.638260215,-0.774415735,2.784745665,2.934570313,-2.344970703,-13.99975586,-0.106445313,-0.343261719,-1.233154297,0.473388672,-0.027099609,-0.849121094,0.023331337,0.010037711,0.008337594,0.212280273,-0.131103516,-0.985107422,0.152745988,0.100188376,0.091310425,-0.071973828,3.342420938,-5.730098146,5.004825022,9.525030881,169.1294537,1.937714029,-1.003385947,-1.443498351,-1.007633588,46.79389313,-80.22137405,5.371948657,0.826949921,0.625463499,-2.717557252,-3.816793893,-34.09160305,6.442748092,7.244274809,2.839694656,5.004825022,9.525030881,169.1294537,-0.427480916,3.622137405,1.438931298,2.237146625,3.086264875,13.00497804
2,0.196149554,-0.16027832,-0.987357003,0.018220156,0.010247595,0.007382046,-1.076197232,-0.841579081,-1.668487338,1.050421055,-0.597010178,5.345938333,2.74609375,-2.243896484,-13.82299805,-0.106445313,-0.343261719,-1.233154297,0.374267578,-0.027099609,-0.849121094,0.018220156,0.010247595,0.007382046,0.212280273,-0.12512207,-0.977539063,0.134982058,0.101230406,0.085918834,-0.186477644,3.23391494,-5.923664122,4.988015888,9.555805042,166.081159,2.118827333,-0.87877592,-1.448800208,-2.610687023,45.27480916,-82.93129771,6.001352639,0.617844735,0.651373802,-2.717557252,-3.816793893,-34.09160305,6.442748092,7.244274809,2.549618321,4.988015888,9.555805042,166.081159,-0.874045802,3.278625954,0.977099237,2.233386641,3.091246519,12.88724792
2,0.205409459,-0.165265765,-0.995919364,0.020996145,0.010206383,0.007858179,-0.840629439,-0.6811838,-1.277419593,0.611706202,-0.77799973,3.632829292,2.875732422,-2.313720703,-13.94287109,-0.106445313,-0.343261719,-1.233154297,0.404785156,-0.027099609,-0.849121094,0.020996145,0.010206383,0.007858179,0.212280273,-0.131103516,-0.985107422,0.144900466,0.101026643,0.088646373,0.298800436,3.214830971,-5.920937841,6.381445022,9.483290441,166.1271184,1.501150577,-0.874782324,-1.44864525,4.183206107,45.00763359,-82.89312977,2.049372189,0.648455876,0.650884256,-2.717557252,-3.816793893,-34.09160305,6.442748092,7.244274809,2.549618321,6.381445022,9.483290441,166.1271184,-0.416030534,3.278625954,0.977099237,2.526152217,3.07949516,12.88903093
2,0.208583287,-0.158656529,-0.987077985,0.020922951,0.010974076,0.009283978,-0.920874815,-0.745660796,-1.035087065,0.748268975,-0.856374729,2.515081758,2.920166016,-2.221191406,-13.8190918,-0.106445313,-0.343261719,-1.233154297,0.404785156,-0.027099609,-0.849121094,0.020922951,0.010974076,0.009283978,0.216674805,-0.119140625,-0.984130859,0.144647678,0.104757223,0.096353401,-0.162486369,3.554525627,-5.948200654,8.724446115,9.28840983,165.7154387,0.803747349,-1.208637064,-1.448993516,-2.27480916,49.76335878,-83.27480916,1.603010388,1.440021918,0.654115669,-5.519083969,-3.816793893,-34.09160305,6.442748092,7.244274809,2.549618321,8.724446115,9.28840983,165.7154387,-0.874045802,4.091603053,0.786259542,2.953717338,3.047689261,12.87305087
2,0.200509208,-0.163783482,-0.984130859,0.021815909,0.009889335,0.009573056,-0.712414734,-0.879314959,-1.066119893,0.179634134,-0.797229638,2.330824507,2.807128906,-2.29296875,-13.77783203,-0.106445313,-0.343261719,-1.233154297,0.404785156,-0.061767578,-0.849121094,0.021815909,0.009889335,0.009573056,0.216674805,-0.119140625,-0.984130859,0.147702096,0.099445138,0.097841996,-0.469465649,2.919847328,-6.143402399,9.391220253,9.883956467,163.0516168,0.955388779,-0.934319481,-1.445110568,-6.572519084,40.8778626,-86.00763359,1.448886019,0.082845711,0.666657691,-5.519083969,-3.816793893,-34.09160305,6.442748092,6.702290076,2.549618321,9.391220253,9.883956467,163.0516168,-0.927480916,3.278625954,0.645038168,3.06450979,3.143876026,12.76916665
2,0.181692941,-0.188563756,-0.994419643,0.029506309,0.014826496,0.008063205,-0.703862577,-0.844271791,-1.281374775,-0.496460836,-0.492445503,3.306739585,2.543701172,-2.639892578,-13.921875,-0.130371094,-0.442138672,-1.233154297,0.404785156,-0.061767578,-0.854736328,0.029506309,0.014826496,0.008063205,0.216674805,-0.131103516,-0.991943359,0.171774006,0.121764099,0.089795351,-0.888767721,2.13304253,-7.200654308,11.40106336,17.858729,163.3378136,0.789941794,-1.144046334,-1.186736119,-12.44274809,29.86259542,-100.8091603,0.918684457,0.722981185,0.059795129,-5.839694656,-7.687022901,-34.09160305,6.442748092,6.702290076,2.549618321,11.40106336,17.858729,163.3378136,-1.064885496,2.988549618,0.408396947,3.37654607,4.225958944,12.78036829
2,0.157052176,-0.201677595,-0.974818638,0.036247257,0.015473223,0.003363205,-0.455990472,-0.515855132,0.293364005,-1.226552048,-1.066686529,0.462433253,2.198730469,-2.823486328,-13.64746094,-0.130371094,-0.442138672,-1.077392578,0.404785156,-0.061767578,-0.854736328,0.036247257,0.015473223,0.003363205,0.197998047,-0.164916992,-0.984130859,0.190387125,0.124391412,0.057993142,-0.594329335,1.56870229,-9.093238822,12.06013507,21.56985428,177.5660929,0.503392096,-0.781004349,-0.782023447,-8.320610687,21.96183206,-127.3053435,0.204276465,-0.630227148,-0.983108627,-5.839694656,-7.687022901,-34.09160305,6.442748092,6.702290076,2.549618321,12.06013507,21.56985428,177.5660929,-0.927480916,2.812977099,-0.473282443,3.472770519,4.64433572,13.32539278
2,0.157313756,-0.197544643,-0.972429548,0.036137174,0.014984469,0.003445446,-0.457419516,-0.63343609,0.157671976,-1.217404902,-0.801176339,0.222240101,2.202392578,-2.765625,-13.61401367,-0.130371094,-0.442138672,-1.077392578,0.404785156,-0.061767578,-0.854736328,0.036137174,0.014984469,0.003445446,0.197998047,-0.164916992,-0.984130859,0.190097801,0.122411065,0.058697923,-0.659214831,1.618865867,-9.543620502,12.19817392,21.98736369,190.7120544,0.553533386,-0.768492785,-0.712862891,-9.229007634,22.66412214,-133.610687,0.169840406,-0.665074039,-1.266946141,-5.839694656,-7.687022901,-34.09160305,6.442748092,6.702290076,2.549618321,12.19817392,21.98736369,190.7120544,-0.927480916,2.812977099,-0.473282443,3.492588427,4.689068532,13.80985353
2,0.170776367,-0.20035226,-0.977661133,0.031026499,0.015976004,0.003055396,-0.548724817,-0.641625533,0.349379276,-0.720184583,-0.903488523,1.129918837,2.390869141,-2.804931641,-13.68725586,-0.130371094,-0.442138672,-1.077392578,0.404785156,-0.061767578,-0.854736328,0.031026499,0.015976004,0.003055396,0.197998047,-0.164916992,-0.984375,0.176143404,0.126396217,0.055275636,-0.898037077,1.735550709,-8.879498364,9.343525858,20.8118821,161.77302,0.14100689,-0.824198173,-0.604890956,-12.57251908,24.29770992,-124.3129771,-0.289671455,-0.375062864,-1.562572263,-5.839694656,-7.687022901,-29.53435115,4.786259542,6.702290076,2.549618321,9.343525858,20.8118821,161.77302,-0.927480916,2.812977099,-0.473282443,3.056718152,4.562004176,12.71900232
2,0.175694057,-0.182250977,-0.978306362,0.031436183,0.015410338,0.003080734,-0.628194959,-0.999592484,0.380773532,-0.709263941,-0.138444268,1.074496463,2.459716797,-2.551513672,-13.69628906,-0.130371094,-0.442138672,-1.077392578,0.404785156,-0.061767578,-0.854736328,0.031436183,0.015410338,0.003080734,0.223632813,-0.124023438,-0.984619141,0.177302518,0.124138384,0.055504356,-1.020719738,2.122682661,-6.702290076,9.195917654,20.68639952,131.278041,0.277918663,-1.092400069,-0.91880215,-14.29007634,29.71755725,-93.83206107,-0.133919184,0.107001563,-1.001961465,-5.839694656,-7.687022901,-26.02290076,4.786259542,6.702290076,2.549618321,9.195917654,20.68639952,131.278041,-1.114503817,3.858778626,0.408396947,3.032477148,4.548230373,11.45766298
2,0.190551758,-0.172607422,-0.974225725,0.03402166,0.015142844,0.003191854,-0.738915123,-1.270188821,0.149378603,-0.760155829,0.467048684,0.671087609,2.667724609,-2.416503906,-13.63916016,-0.130371094,-0.442138672,-1.077392578,0.404785156,-0.061767578,-0.854736328,0.03402166,0.015142844,0.003191854,0.237548828,-0.117431641,-0.976806641,0.184449612,0.123056265,0.056496492,-1.04089422,1.959651036,-5.623227917,9.195739957,19.45040345,130.2636085,0.301193908,-1.156519364,-1.209465851,-14.57251908,27.4351145,-78.72519084,-0.123268373,0.245172786,-0.4167533,-5.839694656,-7.687022901,-26.02290076,4.786259542,5.809160305,2.549618321,9.195739957,19.45040345,130.2636085,-1.213740458,3.824427481,0.786259542,3.032447849,4.410261155,11.41330839
2,0.197631836,-0.175380162,-0.969412667,0.036869753,0.014888888,0.003117373,-0.644481662,-1.2337351,-0.10593742,-0.838397426,0.450118268,0.84927108,2.766845703,-2.455322266,-13.57177734,-0.130371094,-0.442138672,-1.077392578,0.430419922,-0.061767578,-0.854736328,0.036869753,0.014888888,0.003117373,0.237548828,-0.129394531,-0.967651367,0.192014981,0.122020032,0.055833437,-1.171755725,1.905670665,-5.547437296,9.415353687,19.04452051,131.3741214,0.423126813,-1.17988484,-1.208410816,-16.40458015,26.67938931,-77.66412214,-0.200347437,0.297228987,-0.421538616,-5.839694656,-7.687022901,-26.02290076,4.786259542,5.809160305,2.549618321,9.415353687,19.04452051,131.3741214,-1.503816794,3.824427481,0.916030534,3.068444832,4.364002808,11.46185506
2,0.195120675,-0.177315848,-0.9626988,0.036246962,0.014563354,0.003337898,-0.632928075,-1.244127191,-0.362268304,-0.801341381,0.50322469,0.546744119,2.731689453,-2.482421875,-13.4777832,-0.130371094,-0.442138672,-1.077392578,0.430419922,-0.061767578,-0.854736328,0.036246962,0.014563354,0.003337898,0.237548828,-0.129394531,-0.952026367,0.190386348,0.12067872,0.057774548,-1.101417666,1.8217012,-5.728462377,9.784721426,18.44830279,128.6758591,0.374365951,-1.211878585,-1.212815343,-15.41984733,25.50381679,-80.19847328,-0.441569097,0.375955792,-0.409325081,-5.839694656,-7.687022901,-26.02290076,4.786259542,5.809160305,2.358778626,9.784721426,18.44830279,128.6758591,-1.503816794,3.824427481,0.507633588,3.128053936,4.295148751,11.34353821
2,0.195120675,-0.185267857,-0.958304269,0.036246962,0.013565768,0.003477043,-0.632928075,-1.219956519,-0.553550669,-0.801341381,0.569654,0.426403466,2.731689453,-2.59375,-13.41625977,-0.130371094,-0.442138672,-1.077392578,0.430419922,-0.061767578,-0.854736328,0.036246962,0.013565768,0.003477043,0.237548828,-0.143432617,-0.943115234,0.190386348,0.116472178,0.058966458,-1.018538713,1.911123228,-5.785169029,9.765449515,18.83130002,127.7331235,0.283819777,-1.22963939,-1.21746969,-14.25954198,26.75572519,-80.99236641,-0.476047082,0.356231887,-0.402906109,-5.839694656,-7.687022901,-26.02290076,4.786259542,5.809160305,1.923664122,9.765449515,18.83130002,127.7331235,-1.213740458,4.450381679,0.507633588,3.124971922,4.339504582,11.30190796
2,0.198364258,-0.178989955,-0.95539202,0.036629262,0.014783904,0.002992744,-0.676532076,-1.130328004,-0.485686452,-0.801215424,0.360582185,0.994386325,2.777099609,-2.505859375,-13.37548828,-0.130371094,-0.442138672,-1.077392578,0.430419922,-0.048095703,-0.854736328,0.036629262,0.014783904,0.002992744,0.260253906,-0.13684082,-0.943115234,0.191387727,0.121589078,0.054705977,-1.173391494,2.308615049,-5.845147219,10.66783295,20.99521468,126.8014364,0.278350524,-1.193019772,-1.2204464,-16.42748092,32.32061069,-81.83206107,-0.739223585,0.283887023,-0.397429944,-5.839694656,-7.687022901,-26.02290076,4.786259542,7.419847328,1.923664122,10.66783295,20.99521468,126.8014364,-1.213740458,4.484732824,0.507633588,3.266164869,4.582053544,11.26061439
2,0.203944615,-0.18598284,-0.958374023,0.038105466,0.014276589,0.003021137,-0.691632254,-1.012439233,-0.30096647,-0.874878962,0.285095955,0.792983571,2.855224609,-2.603759766,-13.41723633,-0.130371094,-0.442138672,-1.077392578,0.430419922,-0.048095703,-0.854736328,0.038105466,0.014276589,0.003021137,0.260253906,-0.164794922,-0.952026367,0.195206214,0.11948468,0.054964871,-0.910577972,2.327699019,-5.737731734,11.81075541,21.00394422,128.3453054,0.111120667,-1.206809194,-1.219025431,-12.7480916,32.58778626,-80.32824427,-1.190325587,0.307708391,-0.403815832,-5.839694656,-7.687022901,-26.02290076,4.786259542,7.419847328,1.923664122,11.81075541,21.00394422,128.3453054,-1.213740458,4.484732824,0.916030534,3.436677962,4.583006025,11.32895871
2,0.185267857,-0.172851563,-0.948416574,0.034909779,0.016468176,0.001856679,-0.552158426,-0.945276381,0.451710746,-0.865631768,0.120159544,0.226927744,2.59375,-2.419921875,-13.27783203,-0.130371094,-0.442138672,-1.013671875,0.430419922,-0.010009766,-0.854736328,0.034909779,0.016468176,0.001856679,0.232421875,-0.13684082,-0.943115234,0.186841588,0.128328393,0.043089203,-1.327699019,2.318974918,-5.799890949,9.128493178,20.95752156,127.3736798,0.048438604,-1.206236292,-1.222244453,-18.58778626,32.46564885,-81.19847328,-1.096715257,0.311491715,-0.398130141,-5.839694656,-7.687022901,-26.02290076,3.099236641,7.419847328,1.748091603,9.128493178,20.95752156,127.3736798,-1.213740458,4.484732824,0.916030534,3.021339633,4.577938571,11.28599485
2,0.183959961,-0.174438477,-0.950387137,0.034840096,0.016123751,0.001513437,-0.52975163,-0.961303719,-0.021845987,-0.874552101,0.181856227,-0.844709797,2.575439453,-2.442138672,-13.30541992,-0.130371094,-0.442138672,-1.013671875,0.430419922,-0.010009766,-0.882324219,0.034840096,0.016123751,0.001513437,0.223266602,-0.13684082,-0.943115234,0.186655017,0.126979333,0.038902917,-1.14612868,2.187022901,-5.778080698,7.95089812,20.29830385,127.6943917,0.110665511,-1.192099434,-1.221733655,-16.04580153,30.61832061,-80.89312977,-0.885240169,0.357615826,-0.399643029,-5.839694656,-7.687022901,-26.02290076,3.099236641,7.419847328,1.748091603,7.95089812,20.29830385,127.6943917,-1.213740458,4.450381679,0.950381679,2.819733697,4.505363897,11.30019432
2,0.185093471,-0.182861328,-0.948224749,0.034644997,0.015746172,0.001723064,-0.551362317,-0.783823191,0.050291801,-0.826353314,0.032573393,-1.02818633,2.591308594,-2.560058594,-13.27514648,-0.130371094,-0.442138672,-1.013671875,0.430419922,-0.010009766,-0.882324219,0.034644997,0.015746172,0.001723064,0.223266602,-0.164794922,-0.943115234,0.186131665,0.125483751,0.041509812,-0.477099237,2.419302072,-6.44438386,10.86390653,19.13840833,127.1622882,0.254127342,-1.428187228,-1.035048573,-6.679389313,33.87022901,-90.22137405,-0.419861035,1.196917665,-0.737950346,-5.839694656,-7.687022901,-26.02290076,5.893129771,7.419847328,1.748091603,10.86390653,19.13840833,127.1622882,-1.110687023,4.450381679,0.950381679,3.296044073,4.374746658,11.27662574
2,0.202636719,-0.193655831,-0.949567522,0.027033742,0.02340559,0.001878277,-0.547894879,-1.480683953,-0.032748746,-0.334364174,2.622410531,-1.057512684,2.836914063,-2.711181641,-13.29394531,-0.130126953,-0.593261719,-1.013671875,0.430419922,-0.010009766,-0.882324219,0.027033742,0.02340559,0.001878277,0.223266602,-0.164794922,-0.943115234,0.164419408,0.152988857,0.043339097,0.359869138,2.971646674,-7.43129771,11.00397464,11.38644806,157.2808358,0.356152836,-1.31078522,-0.911869342,5.038167939,41.60305344,-104.0381679,-0.798590134,1.487912213,-1.209960311,-4.885496183,-5.152671756,-28.01526718,5.893129771,7.419847328,1.748091603,11.00397464,11.38644806,157.2808358,-0.820610687,4.450381679,0.950381679,3.317223936,3.374381137,12.54116565
2,0.217755999,-0.207885742,-0.951189314,0.019397722,0.029800605,0.001947141,-0.117956457,-1.261294508,0.064642698,-0.991079017,0.852188492,-1.217745095,3.048583984,-2.910400391,-13.31665039,-0.036376953,-0.593261719,-1.013671875,0.430419922,-0.010009766,-0.882324219,0.019397722,0.029800605,0.001947141,0.223266602,-0.164794922,-0.943115234,0.139275703,0.172628518,0.044126424,0.345692475,3.177753544,-8.014176663,10.94575292,8.374600983,183.9498582,0.368666051,-0.874539537,-0.983668904,4.839694656,44.48854962,-112.1984733,-0.76327203,0.013802551,-0.944564729,-4.885496183,-2.267175573,-33.04580153,5.893129771,7.419847328,1.748091603,10.94575292,8.374600983,183.9498582,-0.820610687,4.450381679,0.950381679,3.308436628,2.893890285,13.56281159
2,0.243268694,-0.200090681,-0.951084682,0.014545576,0.030354112,0.001949609,-0.038329471,-1.370596113,0.056781641,-1.506383736,1.0072324,-1.224917326,3.405761719,-2.801269531,-13.31518555,0.081542969,-0.593261719,-1.013671875,0.430419922,-0.010009766,-0.882324219,0.014545576,0.030354112,0.001949609,0.260253906,-0.13684082,-0.942382813,0.12060504,0.174224315,0.04415438,0.516357688,3.169029444,-6.118320611,10.46602634,8.326221416,160.733136,0.24678297,-0.88063498,-1.447321993,7.229007634,44.36641221,-85.65648855,-0.610222673,0.029465132,0.445687729,-4.885496183,-2.267175573,-33.04580153,5.893129771,7.419847328,1.748091603,10.46602634,8.326221416,160.733136,-0.133587786,4.450381679,0.950381679,3.235123852,2.885519263,12.67805726
2,0.261805943,-0.182163783,-0.954049247,0.012918762,0.027807555,0.002238449,-0.307847924,-1.817126387,0.020342565,-1.28983091,2.718853554,-1.39201149,3.665283203,-2.550292969,-13.35668945,0.081542969,-0.593261719,-1.018554688,0.430419922,-0.010009766,-0.882324219,0.012918762,0.027807555,0.002238449,0.284057617,-0.127197266,-0.942382813,0.113660733,0.166755975,0.047312255,0.245365322,3.649945474,-4.334242094,9.986578307,6.020196574,133.5309147,0.511643962,-1.180322584,-2.062998525,3.435114504,51.09923664,-60.67938931,-0.175510951,1.696445506,3.054806929,-4.885496183,-2.267175573,-33.04580153,5.893129771,7.419847328,1.748091603,9.986578307,6.020196574,133.5309147,-0.641221374,4.484732824,0.950381679,3.160154792,2.453608888,11.55555774
2,0.263741629,-0.182355608,-0.951241629,0.01290673,0.027765489,0.002066506,-0.367596049,-1.818845381,-0.096720195,-1.253708904,2.725516626,-1.107409089,3.692382813,-2.552978516,-13.31738281,0.081542969,-0.593261719,-1.018554688,0.430419922,-0.010009766,-0.882324219,0.01290673,0.027765489,0.002066506,0.284057617,-0.127197266,-0.942382813,0.113607788,0.166629797,0.04545884,0.168484188,3.650490731,-4.430752454,10.31852603,6.021185591,132.563601,0.533602089,-1.180710794,-2.061372397,2.358778626,51.10687023,-62.03053435,-0.298228063,1.696118787,3.057135108,-4.885496183,-2.267175573,-33.04580153,5.893129771,7.419847328,1.748091603,10.31852603,6.021185591,132.563601,-0.641221374,4.488549618,0.736641221,3.21224626,2.453810423,11.51362675
2,0.26020159,-0.180751256,-0.949863979,0.012287848,0.028007311,0.002141096,-0.347659049,-1.82237561,-0.15936376,-1.145087612,2.712125656,-1.236705017,3.642822266,-2.530517578,-13.2980957,0.081542969,-0.593261719,-1.018554688,0.430419922,-0.010009766,-0.882324219,0.012287848,0.028007311,0.002141096,0.284057617,-0.124023438,-0.942382813,0.110850564,0.16735385,0.04627198,-0.06434024,3.689203926,-4.458560523,11.74760046,6.106318249,132.2518991,0.466346837,-1.200239366,-2.062058429,-0.900763359,51.64885496,-62.41984733,-0.586194295,1.651580138,3.060910199,-4.885496183,-2.267175573,-33.04580153,5.893129771,7.419847328,1.748091603,11.74760046,6.106318249,132.2518991,-0.641221374,4.522900763,0.541984733,3.427477273,2.471096568,11.50008257
2,0.240356445,-0.177490234,-0.957815988,0.010525756,0.028366006,0.002948423,-0.265848496,-1.848103117,-0.264572432,-1.586139165,2.743874774,-1.05455754,3.364990234,-2.484863281,-13.40942383,0.081542969,-0.593261719,-1.056640625,0.374267578,-0.010009766,-0.882324219,0.010525756,0.028366006,0.002948423,0.273803711,-0.114135742,-0.950439453,0.102595108,0.168422108,0.054299386,-0.351145038,3.680479826,-4.55997819,14.59004989,6.081892817,131.0401277,0.137496489,-1.198777983,-2.067460389,-4.916030534,51.52671756,-63.83969466,-0.565478755,1.669012319,3.081654082,-6.816793893,-2.267175573,-33.04580153,5.893129771,7.419847328,1.633587786,14.59004989,6.081892817,131.0401277,-0.641221374,4.522900763,0.423664122,3.819692382,2.466149391,11.447276
2,0.231567383,-0.170776367,-0.96723284,0.01059277,0.029946756,0.003094501,-0.003913164,-1.773999557,0.024621625,-1.669711831,2.514254959,-1.203450907,3.241943359,-2.390869141,-13.54125977,0.081542969,-0.593261719,-1.056640625,0.374267578,-0.010009766,-0.882324219,0.01059277,0.029946756,0.003094501,0.236816406,-0.110839844,-0.971435547,0.102921184,0.17305131,0.055628235,-0.786804798,3.401308615,-4.48691385,15.23445796,6.636628799,131.8348687,0.413067163,-0.818559072,-2.066342648,-11.01526718,47.61832061,-62.81679389,-0.586673072,0.418463021,3.073608376,-6.816793893,-2.267175573,-33.04580153,5.893129771,7.419847328,1.633587786,15.23445796,6.636628799,131.8348687,-0.874045802,4.488549618,0.541984733,3.903134376,2.576165522,11.48193663
2,0.221278599,-0.167323521,-0.96421596,0.008912496,0.030054657,0.003561072,0.068060768,-1.833028904,0.13839354,-1.485880454,2.664414105,-1.216152761,3.097900391,-2.342529297,-13.49902344,0.081542969,-0.593261719,-1.056640625,0.363037109,-0.010009766,-0.872802734,0.008912496,0.030054657,0.003561072,0.215209961,-0.110839844,-0.971435547,0.094406014,0.173362791,0.059674721,-0.846237732,3.365321701,-4.571428571,15.25843354,6.571078941,130.8332476,0.464957074,-0.787386163,-2.070626896,-11.84732824,47.11450382,-64,-0.560430815,0.438151806,3.090339249,-6.816793893,-2.267175573,-33.04580153,5.893129771,7.419847328,1.633587786,15.25843354,6.571078941,130.8332476,-1.236641221,4.236641221,0.450381679,3.906204493,2.563411583,11.43823621
2,0.21484375,-0.168962751,-0.969029018,0.008759141,0.029671325,0.004398079,0.289076544,-1.849446354,-0.098216443,-1.348874942,2.720578464,-1.068160743,3.0078125,-2.365478516,-13.56640625,0.081542969,-0.593261719,-1.081054688,0.363037109,-0.010009766,-0.872802734,0.008759141,0.029671325,0.004398079,0.192138672,-0.110839844,-0.971435547,0.093590282,0.172253664,0.066318012,-1.164122137,3.323882225,-4.657579062,19.43871614,6.233236491,129.9075978,0.004460445,-0.936675826,-2.071732312,-16.29770992,46.53435115,-65.20610687,-0.271397285,0.434901524,3.09921309,-9.335877863,-2.267175573,-33.04580153,5.893129771,6.839694656,1.633587786,19.43871614,6.233236491,129.9075978,-1.236641221,4.236641221,0.354961832,4.408935942,2.496645047,11.39770143
2,0.184919085,-0.173322405,-0.966465541,0.011744414,0.030207767,0.00441748,-0.449874693,-1.724568939,-0.228345724,0.469860976,2.256280648,-1.057137881,2.588867188,-2.426513672,-13.53051758,-0.055908203,-0.593261719,-1.081054688,0.341552734,-0.010009766,-0.872802734,0.011744414,0.030207767,0.00441748,0.177490234,-0.110839844,-0.953857422,0.108371648,0.173803816,0.066464126,-1.422028353,3.641221374,-6.406215921,18.15857448,7.192148566,149.0214411,0.143939017,-0.918743338,-1.490350869,-19.90839695,50.97709924,-89.6870229,0.16895416,0.313826889,0.666674783,-9.335877863,-2.267175573,-33.04580153,5.893129771,7.106870229,1.190839695,18.15857448,7.192148566,149.0214411,-1.236641221,4.522900763,0.255725191,4.26128789,2.681818146,12.20743385
2,0.180053711,-0.202933175,-0.962716239,0.012511847,0.032067337,0.004844248,-0.336872441,-1.308239292,-0.252444417,-0.029761221,0.516907514,-1.25886254,2.520751953,-2.841064453,-13.47802734,-0.055908203,-0.593261719,-1.081054688,0.341552734,-0.017822266,-0.872802734,0.012511847,0.032067337,0.004844248,0.177490234,-0.123413086,-0.953857422,0.111856368,0.179073553,0.06960063,-1.178844057,3.333151581,-8.484187568,19.17957726,7.796529762,176.0863202,-0.004624856,-0.569334451,-1.012123559,-16.50381679,46.66412214,-118.778626,-0.207228025,-0.550486501,-0.860081994,-9.335877863,-2.267175573,-33.04580153,5.893129771,7.106870229,1.190839695,19.17957726,7.796529762,176.0863202,-1.106870229,4.236641221,-0.022900763,4.379449424,2.792226667,13.26975208
2,0.178379604,-0.233956473,-0.985700335,0.012478458,0.037593479,0.008260266,-0.286296505,-0.872425538,-0.951349428,-0.035015216,-0.837705899,1.131613649,2.497314453,-3.275390625,-13.79980469,-0.055908203,-0.593261719,-1.204101563,0.341552734,-0.017822266,-0.872802734,0.012478458,0.037593479,0.008260266,0.173828125,-0.130981445,-0.971435547,0.111707019,0.193890378,0.090886004,-0.844056707,3.899672846,-10.71264995,19.45204658,12.67499973,199.1730857,-0.239454966,0.278771468,-0.630997694,-11.81679389,54.59541985,-149.9770992,-0.245083154,0.442918037,-1.658586158,-9.335877863,-2.267175573,-33.04580153,5.893129771,11.58015267,1.038167939,19.45204658,12.67499973,199.1730857,-0.744274809,4.522900763,-0.316793893,4.410447436,3.560196586,14.11286951
2,0.188197545,-0.234828404,-0.99319894,0.012435866,0.037571897,0.007488268,-0.554531904,-0.857493884,-0.922783279,0.18926531,-0.855495038,1.512246687,2.634765625,-3.287597656,-13.90478516,-0.055908203,-0.593261719,-1.204101563,0.341552734,-0.017822266,-0.872802734,0.012435866,0.037571897,0.007488268,0.180419922,-0.130981445,-0.987792969,0.111516214,0.193834715,0.086534778,-1.019083969,4.03217012,-11.58615049,17.34113352,12.26754922,209.2755324,-0.419414795,0.185182773,-0.424469714,-14.26717557,56.45038168,-162.2061069,-0.130382385,0.658038174,-1.982392954,-9.335877863,-2.267175573,-33.04580153,5.877862595,11.58015267,1.038167939,17.34113352,12.26754922,209.2755324,-0.744274809,4.522900763,-0.316793893,4.164268665,3.502506134,14.46635864
2,0.210658482,-0.199759347,-0.993129185,0.015969009,0.027715969,0.007485517,-0.366660866,-1.161510831,-0.925978214,0.273886216,-0.027446662,1.520195861,2.94921875,-2.796630859,-13.90380859,-0.055908203,-0.518310547,-1.204101563,0.4296875,-0.017822266,-0.872802734,0.015969009,0.027715969,0.007485517,0.20715332,-0.123413086,-0.987792969,0.126368545,0.166481137,0.086518881,-1.743729553,4.614503817,-9.43565976,13.92810814,12.01519322,197.9232649,-0.519459679,-0.11057083,-0.775605729,-24.41221374,64.60305344,-132.0992366,-0.358734261,0.720902704,-1.458632903,-9.335877863,-2.267175573,-33.04580153,3.442748092,11.58015267,2.091603053,13.92810814,12.01519322,197.9232649,-1.106870229,4.736641221,-0.022900763,3.732038067,3.466293873,14.06852035
2,0.225446429,-0.168387277,-0.991960798,0.014918123,0.02059704,0.007534031,-0.702755067,-1.626560136,-0.961357606,1.065278597,1.986636337,1.521522545,3.15625,-2.357421875,-13.88745117,-0.055908203,-0.518310547,-1.204101563,0.4296875,-0.017822266,-0.872802734,0.014918123,0.02059704,0.007534031,0.240112305,-0.110839844,-0.979614258,0.122139768,0.143516689,0.086798798,-2.226281352,5.042529989,-6.90785169,13.13046673,8.235845269,158.8350102,-0.254420796,0.513746938,-1.127697259,-31.16793893,70.59541985,-96.70992366,-0.395392023,1.191913054,-0.708807683,-9.335877863,0.419847328,-30.00763359,3.442748092,11.58015267,2.34351145,13.13046673,8.235845269,158.8350102,-1.877862595,4.736641221,0.255725191,3.623598588,2.869816243,12.60297624
2,0.224818638,-0.169695173,-0.998046875,0.014794706,0.020474695,0.007364301,-0.704390021,-1.612294752,-0.771636111,1.112562789,1.973557173,1.410428788,3.147460938,-2.375732422,-13.97265625,-0.055908203,-0.518310547,-1.204101563,0.4296875,-0.017822266,-0.872802734,0.014794706,0.020474695,0.007364301,0.240112305,-0.117797852,-1.002563477,0.12163349,0.143089814,0.085815503,-2.347873501,4.941112323,-6.882224646,12.67044429,8.239061096,159.2541471,-0.180468515,0.634380747,-1.127574551,-32.87022901,69.17557252,-96.35114504,-0.217112036,1.298666156,-0.709772992,-9.335877863,0.419847328,-30.00763359,3.442748092,11.58015267,2.34351145,12.67044429,8.239061096,159.2541471,-1.877862595,4.522900763,0.255725191,3.559556755,2.870376473,12.61959378
2,0.220738002,-0.167619978,-0.999581473,0.014001845,0.020705294,0.007465055,-0.719000566,-1.628458519,-0.702997781,1.434799809,1.976084922,1.204954725,3.090332031,-2.346679688,-13.99414063,-0.055908203,-0.518310547,-1.204101563,0.4296875,-0.017822266,-0.872802734,0.014001845,0.020705294,0.007465055,0.240112305,-0.103881836,-1.002563477,0.118329392,0.143893342,0.086400548,-2.438931298,4.833696838,-6.838604144,12.46228927,8.491168962,159.9445958,-0.103814982,0.710943507,-1.127934685,-34.14503817,67.67175573,-95.74045802,-0.121873732,1.149838865,-0.710953696,-9.335877863,0.419847328,-30.00763359,3.442748092,11.58015267,2.34351145,12.46228927,8.491168962,159.9445958,-2.152671756,4.381679389,0.354961832,3.530196775,2.913961043,12.64692041
2,0.226806641,-0.171508789,-1.006940569,0.015206273,0.020198086,0.007618461,-0.689838994,-1.613188896,-0.430366446,0.980189182,2.007991962,0.770803915,3.175292969,-2.401123047,-14.09716797,-0.055908203,-0.518310547,-1.204101563,0.4296875,-0.017822266,-0.872802734,0.015206273,0.020198086,0.007618461,0.240112305,-0.117797852,-1.017822266,0.123313717,0.142119971,0.087283798,-2.474918212,4.863140676,-6.719193021,12.47243238,8.481901846,161.7990092,-0.068155833,0.676864134,-1.129847761,-34.64885496,68.08396947,-94.06870229,-0.132679361,1.122426979,-0.713106217,-9.335877863,0.419847328,-30.00763359,3.442748092,11.58015267,2.34351145,12.47243238,8.481901846,161.7990092,-2.404580153,4.58778626,0.473282443,3.531633104,2.912370486,12.72002395
2,0.216901507,-0.171875,-1.008074079,0.014626638,0.02014383,0.007413868,-0.48814457,-1.612953315,-0.448733282,1.050324677,2.014777663,0.912732722,3.036621094,-2.40625,-14.11303711,-0.055908203,-0.518310547,-1.204101563,0.4296875,-0.017822266,-0.872802734,0.014626638,0.02014383,0.007413868,0.20715332,-0.117919922,-1.017822266,0.120940638,0.141928961,0.086103823,-1.888767721,4.68865867,-6.639585605,14.81737853,8.871028482,163.1366755,-0.193523102,0.794359528,-1.128925264,-26.44274809,65.64122137,-92.95419847,-0.430686365,0.964542836,-0.716247536,-9.335877863,0.419847328,-30.00763359,3.778625954,11.58015267,2.34351145,14.81737853,8.871028482,163.1366755,-1.694656489,4.122137405,0.58778626,3.849334817,2.978427183,12.77249684
2,0.210954939,-0.18246024,-0.999668666,0.01594543,0.020192931,0.007523735,-0.395265399,-1.372055233,-0.718104792,0.371994718,1.38318008,1.101982598,2.953369141,-2.554443359,-13.99536133,-0.055908203,-0.518310547,-1.204101563,0.4296875,-0.017822266,-0.872802734,0.01594543,0.020192931,0.007523735,0.20715332,-0.132568359,-1.002563477,0.126275214,0.142101834,0.086739465,-1.043075245,4.041439477,-7.285714286,15.8537615,14.40792597,159.2845649,-0.290726474,-0.141474622,-1.00627407,-14.60305344,56.58015267,-102,-0.135286709,1.147646878,-0.880597854,-9.335877863,-4.13740458,-30.00763359,5.022900763,11.58015267,2.34351145,15.8537615,14.40792597,159.2845649,-1.400763359,3.851145038,0.58778626,3.981678227,3.795777387,12.6207989
2,0.197335379,-0.216831752,-0.998674665,0.019717358,0.024544238,0.007460546,-0.342899122,-1.087270278,-0.762537908,-0.465739844,-0.178664421,1.229506353,2.762695313,-3.035644531,-13.98144531,-0.055908203,-0.518310547,-1.204101563,0.4296875,-0.069824219,-0.872802734,0.019717358,0.024544238,0.007460546,0.20715332,-0.135498047,-1.002563477,0.14041851,0.156666007,0.086374451,-0.232824427,4.182660851,-9.227371865,19.35168517,13.65985902,177.2543036,-0.275119883,-0.223461266,-0.619882971,-3.259541985,58.55725191,-129.1832061,-0.04652474,1.658818767,-1.673266503,-9.335877863,-4.13740458,-30.00763359,7.038167939,11.58015267,2.34351145,19.35168517,13.65985902,177.2543036,-1.08778626,3.851145038,0.076335878,4.399055032,3.69592465,13.31368858
2,0.165126256,-0.247209821,-1.009312221,0.031959704,0.031806723,0.006160817,-0.676274483,-0.760306384,-0.911071591,0.126348698,-1.057268349,1.93671089,2.311767578,-3.4609375,-14.13037109,-0.220703125,-0.555664063,-1.204101563,0.4296875,-0.069824219,-0.885498047,0.031959704,0.031806723,0.006160817,0.181884766,-0.182617188,-1.016357422,0.178772773,0.178344395,0.078490874,0.557797165,3.53653217,-11.51472192,26.08148588,19.79068307,203.1619344,-0.071082102,-0.423041543,-0.314782015,7.809160305,49.51145038,-161.2061069,-0.206734419,0.530665951,-1.990320757,-9.335877863,-5.06870229,-31.64122137,9.648854962,11.58015267,2.34351145,26.08148588,19.79068307,203.1619344,0.458015267,3.595419847,-4.473282443,5.10700361,4.448672056,14.2534885
2,0.178187779,-0.283499581,-1.015468052,0.034881425,0.036474477,0.00764255,-0.725171652,-0.486877865,-0.891957184,-0.113679083,-1.54812529,0.771326186,2.494628906,-3.968994141,-14.21655273,-0.220703125,-0.579101563,-1.204101563,0.4296875,-0.069824219,-0.885498047,0.034881425,0.036474477,0.00764255,0.21484375,-0.241210938,-1.016357422,0.186765697,0.190982924,0.087421678,1.580152672,3.427480916,-13.82824427,18.92859928,19.18132797,221.8589445,0.195687109,-0.38870436,-0.02178474,22.1221374,47.98473282,-193.5954198,-0.866627836,0.717835829,-2.086019837,-4.595419847,-5.06870229,-32.61832061,9.648854962,11.58015267,2.34351145,18.92859928,19.18132797,221.8589445,2.030534351,3.595419847,-15.67557252,4.350701011,4.379649297,14.89493016
2,0.190726144,-0.282592773,-1.012119838,0.030760446,0.036534252,0.008298384,-0.916288577,-0.501809666,-0.770780517,0.873473039,-1.542705666,0.49440756,2.670166016,-3.956298828,-14.16967773,-0.220703125,-0.579101563,-1.204101563,0.4296875,-0.069824219,-0.885498047,0.030760446,0.036534252,0.008298384,0.21484375,-0.237548828,-1.016357422,0.175386561,0.191139353,0.091095468,1.207197383,3.166848419,-13.80370774,22.7829816,18.06686769,221.3907333,0.071697411,-0.268528349,-0.025427672,16.90076336,44.33587786,-193.2519084,-1.038468361,1.103157996,-2.080763281,-6.015267176,-5.06870229,-32.61832061,9.648854962,11.58015267,2.34351145,22.7829816,18.06686769,221.3907333,2.030534351,3.461832061,-15.61068702,4.773152166,4.250513815,14.87920473
2,0.188720703,-0.261073521,-1.017874581,0.031315776,0.03643726,0.007192567,-0.875346747,-0.811102745,-1.001621284,0.683260519,-1.131369756,0.917789738,2.642089844,-3.655029297,-14.25024414,-0.220703125,-0.579101563,-1.204101563,0.4296875,-0.069824219,-0.899414063,0.031315776,0.03643726,0.007192567,0.21484375,-0.182617188,-1.016357422,0.17696264,0.190885464,0.084809006,0.622682661,3.828244275,-12.36368593,26.12600767,20.27786394,206.2726182,0.225095829,-0.452033688,-0.286792795,8.717557252,53.59541985,-173.0916031,-1.254580938,0.757639382,-1.867121701,-6.015267176,-5.06870229,-32.61832061,9.648854962,11.58015267,2.34351145,26.12600767,20.27786394,206.2726182,0.164122137,3.595419847,-8.297709924,5.111360647,4.503094929,14.36219406
2,0.188929967,-0.229248047,-1.002877372,0.031310997,0.03298444,0.004325951,-0.879670532,-1.206769764,-0.919029449,0.690301,-0.02671851,2.093146835,2.645019531,-3.209472656,-14.0402832,-0.220703125,-0.579101563,-1.167236328,0.4296875,-0.069824219,-0.899414063,0.031310997,0.03298444,0.004325951,0.21484375,-0.135498047,-1.002563477,0.176949137,0.181616189,0.065771961,0.448745911,3.300436205,-10.15430752,26.14224721,15.36549876,190.6499906,0.341494587,-0.904975799,-0.620712523,6.282442748,46.20610687,-142.1603053,-1.205134593,1.45796779,-1.455503985,-6.015267176,-5.06870229,-32.61832061,9.648854962,9.679389313,2.34351145,26.14224721,15.36549876,190.6499906,-1.053435115,3.595419847,-3.541984733,5.112948974,3.919885044,13.80760626
2,0.183942522,-0.21862793,-1.001569475,0.031003216,0.034569041,0.004374511,-0.797390503,-1.278786571,-0.967059755,0.648085839,0.049253851,2.066095662,2.575195313,-3.060791016,-14.02197266,-0.220703125,-0.579101563,-1.167236328,0.4296875,-0.069824219,-0.899414063,0.031003216,0.034569041,0.004374511,0.179931641,-0.12902832,-1.002563477,0.176077301,0.185927516,0.066140083,0.127044711,3.348964013,-8.482006543,25.51660166,15.41573629,184.8534007,0.556272453,-0.942930374,-0.966911648,1.778625954,46.88549618,-118.7480916,-0.933929902,1.485860233,-0.835345192,-6.015267176,-5.06870229,-32.61832061,9.648854962,9.679389313,2.34351145,25.51660166,15.41573629,184.8534007,-1.221374046,3.935114504,0.786259542,5.051396011,3.926287852,13.59608034
2,0.166573661,-0.21660505,-0.999773298,0.026033415,0.035133189,0.004383247,-0.975036091,-1.266090404,-1.057688502,1.183694499,0.023994385,2.192403759,2.33203125,-3.032470703,-13.99682617,-0.220703125,-0.579101563,-1.167236328,0.366943359,-0.069824219,-0.899414063,0.026033415,0.035133189,0.004383247,0.179931641,-0.12902832,-0.989990234,0.161348736,0.187438495,0.066206097,0.374591058,3.055070883,-8.573609597,24.0316143,13.55521848,182.884715,0.495746651,-1.067926879,-0.972649524,5.244274809,42.77099237,-120.0305344,-0.803315508,2.154412057,-0.825131559,-6.015267176,-5.06870229,-32.61832061,9.648854962,9.679389313,2.34351145,24.0316143,13.55521848,182.884715,-0.93129771,3.904580153,0.786259542,4.902205044,3.68174123,13.52348753
2,0.158743722,-0.218087333,-1.001796177,0.024834249,0.034695336,0.004289413,-0.914045865,-1.278396377,-0.997692224,1.365405002,0.044523199,2.272451388,2.222412109,-3.053222656,-14.02514648,-0.220703125,-0.579101563,-1.167236328,0.366943359,-0.072753906,-0.899414063,0.024834249,0.034695336,0.004289413,0.1796875,-0.12902832,-0.993774414,0.157588862,0.18626684,0.065493607,0.673391494,3.081243184,-8.709923664,22.08300734,13.60258374,179.9395947,0.445666909,-1.085737452,-0.982251734,9.427480916,43.13740458,-121.9389313,-0.589795362,2.154907469,-0.809828456,-6.015267176,-5.06870229,-32.61832061,9.648854962,9.679389313,1.679389313,22.08300734,13.60258374,179.9395947,-0.763358779,4.08778626,0.606870229,4.699256041,3.688168074,13.4141565
2,0.149605887,-0.21371024,-1.000139509,0.022986707,0.035749083,0.00424626,-0.907502806,-1.270868962,-1.098066108,1.775198241,0.011454415,2.541584517,2.094482422,-2.991943359,-14.00195313,-0.220703125,-0.579101563,-1.167236328,0.366943359,-0.072753906,-0.899414063,0.022986707,0.035749083,0.00424626,0.1796875,-0.114379883,-0.993774414,0.151613677,0.18907428,0.065163332,0.730098146,3.069247546,-8.723009815,21.87702534,13.57395763,179.6717551,0.415392991,-1.078878154,-0.982878934,10.22137405,42.96946565,-122.1221374,-0.561072615,2.160361347,-0.808407013,-6.015267176,-5.06870229,-32.61832061,9.648854962,9.679389313,1.679389313,21.87702534,13.57395763,179.6717551,-0.65648855,4.08778626,0.564885496,4.677288246,3.684285226,13.40416932
2,0.142351423,-0.211512974,-0.996634347,0.021616958,0.036342801,0.004117041,-0.890419198,-1.260957597,-1.319727751,2.160384457,-0.01193188,3.295010119,1.992919922,-2.961181641,-13.95288086,-0.220703125,-0.579101563,-1.167236328,0.366943359,-0.071777344,-0.899414063,0.021616958,0.036342801,0.004117041,0.1796875,-0.114379883,-0.9921875,0.147027067,0.190637878,0.064164174,0.818974918,3.133587786,-8.705561614,21.47084336,13.62866383,180.0336695,0.375061072,-1.13219002,-0.981938362,11.46564885,43.87022901,-121.8778626,-0.491463502,2.217400089,-0.810333716,-6.015267176,-5.06870229,-32.61832061,9.648854962,9.679389313,1.679389313,21.47084336,13.62866383,180.0336695,-0.65648855,4.08778626,0.564885496,4.633664139,3.691702024,13.41766259
2,0.129882813,-0.207502093,-0.992327009,0.017991442,0.037218373,0.003747607,-1.218700626,-1.266454779,-1.644455836,3.299652642,-0.026948912,5.170774359,1.818359375,-2.905029297,-13.89257813,-0.220703125,-0.579101563,-1.167236328,0.366943359,-0.071777344,-0.899414063,0.017991442,0.037218373,0.003747607,0.1796875,-0.098022461,-0.9921875,0.134132181,0.19292064,0.061217704,0.962922574,3.079607415,-8.739367503,20.62659839,13.46310924,179.3235275,0.330014567,-1.109876451,-0.983972166,13.48091603,43.11450382,-122.351145,-0.327752952,2.270213338,-0.806546427,-6.015267176,-5.06870229,-32.61832061,9.648854962,9.679389313,1.679389313,20.62659839,13.46310924,179.3235275,-0.65648855,4.08778626,0.564885496,4.541651505,3.669210983,13.39117349
2,0.131330218,-0.204694475,-0.995727539,0.018176037,0.037945745,0.003465017,-1.229685496,-1.259280711,-1.744593821,3.232909877,-0.050040855,5.981060701,1.838623047,-2.865722656,-13.94018555,-0.220703125,-0.579101563,-1.167236328,0.366943359,-0.066162109,-0.899414063,0.018176037,0.037945745,0.003465017,0.179931641,-0.085449219,-0.9921875,0.134818534,0.194796675,0.058864399,0.664667394,3.185387132,-8.804798255,20.06318857,13.49205424,177.9151718,0.552633404,-1.205399209,-0.988827895,9.305343511,44.59541985,-123.2671756,0.012619373,2.425863758,-0.799033898,-6.015267176,-5.06870229,-32.61832061,9.648854962,9.679389313,1.038167939,20.06318857,13.49205424,177.9151718,-0.65648855,4.08778626,0.564885496,4.479195081,3.673153174,13.33848462
2,0.138898577,-0.192208426,-0.99987793,0.017967384,0.038818042,0.003198759,-1.436967915,-1.414325118,-1.800276748,3.806079531,0.25209719,6.788017845,1.944580078,-2.690917969,-13.99829102,-0.220703125,-0.579101563,-1.167236328,0.366943359,-0.066162109,-0.899414063,0.017967384,0.038818042,0.003198759,0.179931641,-0.080200195,-0.993774414,0.134042472,0.197022949,0.056557572,0.252998909,3.796074155,-8.125954198,18.57146443,9.081337636,184.4943387,0.860039724,-1.608835703,-1.079893074,3.541984733,53.14503817,-113.7633588,0.890789413,7.111527983,-0.711159263,-6.015267176,-5.06870229,-32.61832061,9.648854962,9.679389313,1.038167939,18.57146443,9.081337636,184.4943387,-0.72519084,4.095419847,0.729007634,4.309462197,3.013525781,13.58286931
2,0.154157366,-0.161481585,-0.996616908,0.01601218,0.031730695,0.003194166,-1.947998147,-2.035526348,-1.994460902,6.631499634,2.865439663,7.415636432,2.158203125,-2.260742188,-13.95263672,-0.220703125,-0.579101563,-1.167236328,0.366943359,-0.066162109,-0.899414063,0.01601218,0.031730695,0.003194166,0.181518555,-0.079345703,-0.9921875,0.126539243,0.178131118,0.056516951,-0.317339149,3.914394766,-6.188113413,14.79042116,8.983026617,161.8592659,1.237663694,-1.76801237,-1.563781999,-4.442748092,54.80152672,-86.63358779,3.225085506,7.715795495,0.841982154,-6.015267176,-5.06870229,-32.61832061,9.648854962,9.679389313,1.038167939,14.79042116,8.983026617,161.8592659,-0.732824427,4.122137405,0.770992366,3.845831661,2.997169768,12.7223923
2,0.182512556,-0.127197266,-0.994245257,0.004374667,0.019078823,0.003144638,1.100721443,-3.146511926,-2.18155637,5.807179351,10.27577115,8.254321715,2.555175781,-1.780761719,-13.91943359,0.047119141,-0.579101563,-1.167236328,0.366943359,-0.066162109,-0.899414063,0.004374667,0.019078823,0.003144638,0.181518555,-0.077148438,-0.989746094,0.066141262,0.138126114,0.056077068,-1.05997819,4.557251908,-3.886586696,6.570370717,2.330606518,109.8431404,-0.050529751,3.337889612,-2.269444422,-14.83969466,63.80152672,-54.41221374,3.10533106,11.72152479,4.345467819,-6.015267176,3.458015267,-32.61832061,4.977099237,9.679389313,1.038167939,6.570370717,2.330606518,109.8431404,-0.744274809,4.122137405,0.770992366,2.563273438,1.526632411,10.48060782
2,0.170061384,-0.089826311,-0.981689453,0.001599062,0.0022567,0.000673468,-2.69457239,-3.153233318,2.735772603,7.478247112,10.57220503,8.68117365,2.380859375,-1.257568359,-13.74365234,0.047119141,-0.24609375,-1.004150391,0.199951172,-0.055908203,-0.899414063,0.001599062,0.0022567,0.000673468,0.181518555,-0.074829102,-0.989746094,0.039988269,0.04750474,0.025951268,-1.478189749,4.488004362,-1.482006543,3.581005295,2.285024311,41.98682036,-2.252347911,3.587251222,-3.102674789,-20.69465649,62.83206107,-20.7480916,3.681243469,13.21732222,9.855504348,-6.015267176,3.458015267,-22.50381679,-0.396946565,9.679389313,1.045801527,3.581005295,2.285024311,41.98682036,-0.77480916,4.122137405,0.782442748,1.892354432,1.511629687,6.479723787
3,0.339904785,-0.137451172,-0.978515625,0.007382924,0.00366954,0.002686898,-0.687156621,0.154462366,1.944617594,0.8418824,1.270266635,3.817402592,1.359619141,-0.549804688,-3.9140625,0.226806641,-0.209716797,-1.010498047,0.431396484,-0.062011719,-0.901123047,0.007382924,0.00366954,0.002686898,0.350708008,-0.139038086,-1.001220703,0.085923945,0.060576729,0.051835296,-0.320610687,4.448473282,0.530534351,0.869024727,10.30267758,3.112736243,-0.555056914,1.953338267,0.86966247,-1.282442748,17.79389313,2.122137405,0.110418093,3.843345366,0.747237253,-1.519083969,2.511450382,-1.244274809,0.679389313,9.244274809,2.893129771,0.869024727,10.30267758,3.112736243,-0.221374046,3.019083969,0.236641221,0.932214957,3.209778432,1.764294829
3,0.344921875,-0.136425781,-0.983056641,0.005663049,0.002757412,0.002118278,-0.957827781,0.050943251,2.181567318,1.789258231,1.786069423,4.812744146,1.724609375,-0.682128906,-4.915283203,0.226806641,-0.209716797,-1.010498047,0.431396484,-0.062011719,-0.901123047,0.005663049,0.002757412,0.002118278,0.364990234,-0.132324219,-1.001220703,0.075253234,0.052511067,0.046024749,-0.389312977,5.164885496,0.616793893,0.675368568,10.29324049,2.371755725,-0.117572285,0.662732611,0.545952228,-1.946564885,25.82442748,3.083969466,0.160799416,-2.829183073,0.749077734,-1.519083969,2.511450382,-1.244274809,0.679389313,9.244274809,2.893129771,0.675368568,10.29324049,2.371755725,-0.496183206,3.20610687,0.702290076,0.821808109,3.208308041,1.540050559
3,0.319254557,-0.127156576,-0.967732747,0.008483307,0.002721439,0.003103552,-0.485535673,-0.408756811,0.959066643,-1.254780218,0.290953994,-1.789097407,1.915527344,-0.762939453,-5.806396484,0.190917969,-0.209716797,-1.010498047,0.431396484,-0.062011719,-0.891113281,0.008483307,0.002721439,0.003103552,0.348144531,-0.132324219,-0.999755859,0.092104867,0.052167411,0.055709535,0.286259542,4.493638677,0.377862595,3.278684226,10.93802614,2.23993357,1.585101041,0.822208753,0.89035972,1.717557252,26.96183206,2.267175573,2.998490129,-1.460934359,0.621123844,-1.519083969,1.13740458,-1.244274809,3.664122137,9.244274809,2.893129771,3.278684226,10.93802614,2.23993357,-0.221374046,3.019083969,0.236641221,1.810713734,3.307268683,1.496640762
3,0.273856027,-0.13382394,-0.978097098,0.021496608,0.002579042,0.003338232,-1.120616003,0.029381942,0.969541684,1.00170706,-0.47133792,-0.821923127,1.916992188,-0.936767578,-6.846679688,0.001464844,-0.209716797,-1.040283203,0.431396484,-0.062011719,-0.891113281,0.021496608,0.002579042,0.003338232,0.331298828,-0.132324219,-1.001220703,0.146617216,0.050784268,0.057777434,-0.016357688,3.85387132,0.388222465,3.373277171,11.98013769,1.867362597,1.52269508,0.839119385,0.87796119,-0.114503817,26.97709924,2.717557252,2.799121058,-0.767687638,1.136762121,-1.832061069,0.015267176,-1.244274809,3.664122137,9.244274809,2.893129771,3.373277171,11.98013769,1.867362597,-0.496183206,2.832061069,0.450381679,1.836648352,3.46123355,1.366514763
3,0.273132324,-0.13104248,-0.980438232,0.018429854,0.002272499,0.002905189,-1.131063272,-0.18532142,1.140736088,1.454975611,-0.191074174,-0.124505994,2.185058594,-1.048339844,-7.843505859,0.001464844,-0.209716797,-1.040283203,0.431396484,-0.062011719,-0.891113281,0.018429854,0.002272499,0.002905189,0.299682617,-0.132324219,-0.999755859,0.135756599,0.04767074,0.053899805,-0.562977099,3.535305344,0.198473282,5.281722677,11.0805637,1.888634528,0.294124493,1.068744189,1.004226522,-4.503816794,28.28244275,1.58778626,1.731707971,-0.199536474,1.028133191,-4.389312977,0.015267176,-1.244274809,3.664122137,9.244274809,2.893129771,5.281722677,11.0805637,1.888634528,-0.580152672,2.671755725,0.110687023,2.298199877,3.328748067,1.374276002
3,0.281222873,-0.129096137,-0.979546441,0.016715235,0.002022531,0.002549198,-1.317895042,-0.343782322,1.103504808,1.990575894,0.154228674,0.140417584,2.531005859,-1.161865234,-8.815917969,0.001464844,-0.209716797,-1.040283203,0.431396484,-0.062011719,-0.891113281,0.016715235,0.002022531,0.002549198,0.331298828,-0.132324219,-0.998291016,0.129287413,0.044972562,0.050489582,-0.529262087,3.399491094,0.18235793,4.631737661,9.861502826,1.654892554,0.242218414,1.231484179,1.081121158,-4.763358779,30.59541985,1.641221374,2.137413504,0.401995279,1.548926857,-4.389312977,0.015267176,-1.244274809,3.664122137,9.244274809,2.893129771,4.631737661,9.861502826,1.654892554,-0.496183206,2.511450382,0.053435115,2.152147221,3.140302983,1.286426272
3,0.263085938,-0.106298828,-0.971386719,0.018147471,0.006994979,0.002931764,-0.837470151,1.716313077,0.678672763,-0.009096035,4.20252201,-1.222607294,2.630859375,-1.062988281,-9.713867188,0.001464844,-0.209716797,-1.040283203,0.431396484,0.098876953,-0.891113281,0.018147471,0.006994979,0.002931764,0.299682617,-0.122924805,-0.997558594,0.13471255,0.083635989,0.05414577,-0.739694656,3.36870229,0.658015267,4.559918808,8.775259794,3.733514623,0.452248011,1.306667436,1.403782693,-7.396946565,33.6870229,6.580152672,1.672029684,0.862600532,1.761137693,-4.389312977,0.015267176,-1.244274809,3.664122137,9.244274809,4.938931298,4.559918808,8.775259794,3.733514623,-0.580152672,2.671755725,0.251908397,2.13539664,2.962306499,1.932230479
3,0.249733665,-0.074440696,-0.985395952,0.018293839,0.017459827,0.004797433,-0.521389915,1.76008825,-0.307981695,-0.748568104,2.862710593,0.476042707,2.747070313,-0.818847656,-10.83935547,0.001464844,-0.209716797,-1.125488281,0.431396484,0.244140625,-0.891113281,0.018293839,0.017459827,0.004797433,0.268066406,-0.113525391,-0.998291016,0.13525472,0.132135639,0.069263501,-1.051353227,3.918112422,2.80499653,5.172368637,11.21810024,54.06497714,0.416722055,0.906162044,2.968162177,-11.5648855,43.09923664,30.85496183,0.839750985,-0.73881926,9.216803726,-4.389312977,0.015267176,-1.244274809,3.664122137,9.41221374,24.27480916,5.172368637,11.21810024,54.06497714,-0.664122137,2.832061069,0.450381679,2.274284203,3.349343255,7.352889034
3,0.243591309,-0.026936849,-0.988586426,0.017083505,0.042951956,0.004483452,-0.365943652,1.83632198,-0.152985896,-0.77083493,3.000593199,0.486676134,2.923095703,-0.323242188,-11.86303711,0.001464844,-0.209716797,-1.125488281,0.431396484,0.495605469,-0.891113281,0.017083505,0.042951956,0.004483452,0.247436523,-0.112548828,-0.999755859,0.130703884,0.207248537,0.066958583,-1.384223919,3.316793893,5.731552163,6.031788075,14.53728062,151.9267137,0.31720287,0.381699915,2.213324845,-16.61068702,39.80152672,68.77862595,0.290182983,-0.169449278,4.178999091,-5.045801527,-3.297709924,-1.244274809,3.664122137,9.41221374,37.92366412,6.031788075,14.53728062,151.9267137,-1.091603053,2.671755725,0.576335878,2.455969885,3.812778596,12.32585549
3,0.236760066,0.025296725,-0.971041166,0.016266536,0.074841127,0.008111701,-0.198715046,1.540957263,0.842703021,-0.834326568,1.321458236,1.65366446,3.077880859,0.328857422,-12.62353516,0.001464844,-0.209716797,-1.125488281,0.431396484,0.652099609,-0.760498047,0.016266536,0.074841127,0.008111701,0.226806641,-0.111572266,-0.998291016,0.127540332,0.273571064,0.090064981,-2.00645919,3.432765708,8.402818555,10.56243659,13.50068357,232.029788,-0.707141005,0.279888408,1.596920524,-26.08396947,44.6259542,109.2366412,1.473238062,-0.062718471,1.002588344,-9.473282443,-3.297709924,-1.244274809,3.664122137,9.41221374,40.45801527,10.56243659,13.50068357,232.029788,-1.519083969,2.832061069,0.702290076,3.249990245,3.674327635,15.23252402
3,0.2464774,0.023507254,-0.969063895,0.016337236,0.069128948,0.007542458,-0.338335489,1.60552057,0.779666097,-0.87727294,1.678600958,1.787990588,3.450683594,0.329101563,-13.56689453,0.001464844,-0.209716797,-1.125488281,0.431396484,0.652099609,-0.760498047,0.016337236,0.069128948,0.007542458,0.247436523,-0.096191406,-0.997558594,0.127817198,0.262923845,0.086847327,-1.918211559,3.827153762,8.76172301,9.858968489,14.63975658,215.9847165,-0.807489709,0.133410902,1.538405172,-26.85496183,53.58015267,122.6641221,1.780070726,-0.569760387,1.000019419,-9.473282443,-3.297709924,-1.244274809,3.664122137,9.41221374,40.45801527,9.858968489,14.63975658,215.9847165,-1.145038168,2.961832061,0.832061069,3.139899439,3.826193484,14.69641849
3,0.244123186,0.026785714,-0.967302595,0.016514571,0.068179052,0.007428705,-0.274617382,1.607621206,0.735417546,-0.967848036,1.710187984,1.869377219,3.417724609,0.375,-13.54223633,0.001464844,-0.209716797,-1.125488281,0.431396484,0.652099609,-0.760498047,0.016514571,0.068179052,0.007428705,0.230957031,-0.083618164,-0.991333008,0.128509033,0.261111187,0.086189938,-1.908396947,3.945474373,8.792802617,9.890377556,14.50045369,215.4587357,-0.811924163,0.030314254,1.538909639,-26.71755725,55.23664122,123.0992366,1.760436917,-0.522699457,1.003653503,-9.473282443,-3.297709924,-1.244274809,3.664122137,9.41221374,40.45801527,9.890377556,14.50045369,215.4587357,-1.145038168,3.148854962,1.049618321,3.144897066,3.807946124,14.67851272
3,0.243634905,0.023420061,-0.958757673,0.016426228,0.069588381,0.0078806,-0.26963773,1.576987576,0.428220403,-0.949902335,1.632246503,1.039681946,3.410888672,0.327880859,-13.42260742,0.001464844,-0.209716797,-1.125488281,0.431396484,0.652099609,-0.760498047,0.016426228,0.069588381,0.0078806,0.230957031,-0.083618164,-0.979125977,0.128164848,0.263796098,0.088772745,-1.496183206,3.749182116,8.934569248,12.61490948,15.51061537,212.6753481,-0.503682427,0.11943716,1.549344727,-20.94656489,52.48854962,125.0839695,0.899643143,-0.819768296,1.032150255,-9.473282443,-3.297709924,-1.129770992,4.251908397,9.41221374,40.45801527,12.61490948,15.51061537,212.6753481,-0.717557252,3.148854962,1.049618321,3.551747384,3.938351859,14.58339289
3,0.236171177,0.026314872,-0.954729353,0.014187727,0.068252097,0.007713939,-0.437144941,1.612555922,0.294088222,-0.878971721,1.708571167,1.150489902,3.306396484,0.368408203,-13.36621094,0.001464844,-0.192871094,-1.125488281,0.372802734,0.652099609,-0.760498047,0.014187727,0.068252097,0.007713939,0.230957031,-0.083618164,-0.960083008,0.119112244,0.261251024,0.087829032,-1.591603053,3.764994547,8.888222465,12.29525579,15.49562002,213.6201639,-0.448384643,0.105737907,1.545137046,-22.28244275,52.70992366,124.4351145,1.05798124,-0.816427929,1.021721022,-9.473282443,-3.297709924,-1.129770992,4.251908397,9.41221374,40.45801527,12.29525579,15.49562002,213.6201639,-0.717557252,3.259541985,1.049618321,3.506459153,3.93644764,14.61575054
3,0.238124302,0.023350307,-0.96043178,0.014804607,0.068939123,0.007510786,-0.376985462,1.620597013,0.513027717,-0.891986914,1.702852646,1.550038589,3.333740234,0.326904297,-13.44604492,0.001464844,-0.192871094,-1.125488281,0.397460938,0.652099609,-0.760498047,0.014804607,0.068939123,0.007510786,0.230957031,-0.094970703,-0.97668457,0.121674185,0.262562607,0.086664788,-1.742093784,3.280261723,8.770992366,12.07910762,13.0645554,215.3262989,-0.31854724,0.292119644,1.548243472,-24.38931298,45.92366412,122.7938931,1.135632022,-0.18881643,1.017391311,-9.473282443,-3.297709924,-1.129770992,4.251908397,9.41221374,40.45801527,12.07910762,13.0645554,215.3262989,-1.301526718,2.77480916,1.049618321,3.475501061,3.614492412,14.67400078
3,0.238525391,0.02003697,-0.957118443,0.014916457,0.070203776,0.007373394,-0.37029127,1.599173917,0.401953539,-0.902565567,1.639315019,1.647770929,3.339355469,0.280517578,-13.3996582,0.001464844,-0.192871094,-1.125488281,0.397460938,0.652099609,-0.760498047,0.014916457,0.070203776,0.007373394,0.230957031,-0.094970703,-0.963623047,0.122132947,0.264959952,0.085868467,-1.672846238,2.625954198,8.74263904,12.30701866,12.36375861,215.8144489,-0.363599557,0.578362709,1.547586714,-23.41984733,36.76335878,122.3969466,1.001555627,0.386553102,1.013838215,-9.473282443,-3.297709924,-1.129770992,4.251908397,9.41221374,40.45801527,12.30701866,12.36375861,215.8144489,-1.301526718,2.385496183,0.938931298,3.508136067,3.516213676,14.69062453
3,0.238089425,0.015938895,-0.966692243,0.014963821,0.071329038,0.007295542,-0.358367354,1.601363594,0.715724437,-0.926484149,1.612136893,2.088525678,3.333251953,0.223144531,-13.53369141,0.001464844,-0.192871094,-1.125488281,0.397460938,0.652099609,-0.760498047,0.014963821,0.071329038,0.007295542,0.230957031,-0.107543945,-0.97668457,0.122326698,0.267074967,0.085413943,-1.911123228,2.546346783,8.751908397,10.3628855,12.70771126,215.6248,-0.598392395,0.604807462,1.548414262,-26.75572519,35.64885496,122.5267176,1.788738849,0.26078835,1.015877063,-9.473282443,-3.297709924,-1.129770992,4.251908397,9.41221374,40.45801527,10.3628855,12.70771126,215.6248,-1.301526718,2.385496183,0.938931298,3.219143597,3.564787688,14.68416834
3,0.2542899,0.009137835,-0.970633371,0.010381577,0.07475639,0.008137679,-0.057723723,1.507973075,0.548272743,-1.538000888,1.438318189,1.49108671,3.560058594,0.127929688,-13.58886719,0.099853516,-0.269042969,-1.125488281,0.397460938,0.652099609,-0.760498047,0.010381577,0.07475639,0.008137679,0.248168945,-0.107543945,-0.97668457,0.101890023,0.273416149,0.090209087,-1.758451472,2.814612868,8.791712105,10.71520493,12.25277735,214.935282,-0.7046317,0.407772816,1.549434601,-24.61832061,39.40458015,123.0839695,1.608826267,0.312820417,1.021019446,-9.473282443,-3.297709924,-1.129770992,4.251908397,9.41221374,40.45801527,10.71520493,12.25277735,214.935282,-0.713740458,2.77480916,1.072519084,3.273408764,3.500396742,14.66067127
3,0.263166155,0.002929688,-0.969395229,0.011747988,0.076910028,0.008089291,-0.150051567,1.493185119,0.507145273,-1.717656748,1.358392346,1.514308337,3.684326172,0.041015625,-13.5715332,0.099853516,-0.269042969,-1.125488281,0.397460938,0.652099609,-0.760498047,0.011747988,0.076910028,0.008089291,0.276367188,-0.108520508,-0.975952148,0.108388136,0.277326573,0.089940487,-1.543075245,3.250817884,8.63304253,10.14419867,13.4986383,218.6784118,-0.951284837,0.117078585,1.524793256,-21.60305344,45.51145038,120.8625954,2.489862242,-0.332645112,0.974982783,-9.473282443,-3.297709924,-3.351145038,4.251908397,9.41221374,40.45801527,10.14419867,13.4986383,218.6784118,-0.713740458,3.259541985,1.072519084,3.184995867,3.674049306,14.78777914
3,0.261928013,0.004150391,-0.959594727,0.011548692,0.076624705,0.009370306,-0.134374921,1.488629642,0.290205658,-1.679708229,1.359390599,0.343817983,3.666992188,0.058105469,-13.43432617,0.099853516,-0.269042969,-1.125488281,0.397460938,0.652099609,-0.760498047,0.011548692,0.076624705,0.009370306,0.276367188,-0.099975586,-0.967163086,0.107464841,0.276811678,0.096800343,-1.768266085,3.557797165,8.677753544,10.23160392,14.19785887,217.8801771,-0.715984198,-0.112277284,1.526161333,-24.75572519,49.80916031,121.4885496,2.070962491,-0.60633087,0.98138036,-9.473282443,-3.297709924,-3.351145038,4.251908397,9.41221374,40.45801527,10.23160392,14.19785887,217.8801771,-1.072519084,3.599236641,1.072519084,3.198687844,3.768004627,14.76076479
3,0.27242606,0.003557478,-0.95526995,0.009426923,0.076508657,0.01020638,-0.1451285,1.498653346,0.243762252,-1.57373491,1.39213989,-0.143182015,3.813964844,0.049804688,-13.3737793,0.116210938,-0.269042969,-1.125488281,0.397460938,0.652099609,-0.760498047,0.009426923,0.076508657,0.01020638,0.285644531,-0.099975586,-0.967163086,0.097092341,0.276601983,0.10102663,-2.083424209,3.417666303,8.804252999,12.20953113,14.61347894,217.0855258,-0.540492132,-0.001992416,1.505750922,-29.16793893,47.84732824,123.259542,0.603387196,-0.78104175,0.945061705,-9.473282443,-3.297709924,-3.351145038,4.251908397,9.41221374,40.45801527,12.20953113,14.61347894,217.0855258,-1.072519084,3.599236641,1.072519084,3.49421395,3.822758028,14.73382251
3,0.284005301,0.012695313,-0.955235073,0.007408036,0.082412692,0.01019361,-0.14566653,1.366091213,0.246701754,-1.564019785,0.694282495,-0.145673746,3.976074219,0.177734375,-13.37329102,0.154785156,-0.269042969,-1.125,0.397460938,0.652099609,-0.760498047,0.007408036,0.082412692,0.01019361,0.301391602,-0.099975586,-0.967163086,0.086069948,0.287076109,0.10096341,-2.16521265,3.57306434,9.364231189,12.67038954,16.95795443,240.1347279,-0.479840751,0.29028777,1.383877995,-30.3129771,50.02290076,131.0992366,0.289318303,-0.295354466,0.290175259,-9.473282443,-3.297709924,-3.351145038,4.251908397,11.58778626,40.45801527,12.67038954,16.95795443,240.1347279,-1.072519084,3.599236641,1.072519084,3.559549065,4.118003695,15.4962811
3,0.284371512,0.012869699,-0.954101563,0.007324743,0.082594499,0.010044492,-0.138661,1.36594967,0.22825881,-1.563710801,0.689693081,-0.067798237,3.981201172,0.180175781,-13.35742188,0.154785156,-0.269042969,-1.125,0.397460938,0.652099609,-0.760498047,0.007324743,0.082594499,0.010044492,0.301391602,-0.099975586,-0.967163086,0.085584713,0.287392588,0.100222214,-2.519629226,4.480916031,9.585059978,16.62786788,15.06175451,254.4012014,-0.62091792,0.315610646,1.406733491,-35.27480916,62.73282443,134.1908397,-0.16549816,-0.851669678,0.371471927,-10.00763359,-1.129770992,-3.351145038,4.251908397,11.58778626,41.01526718,16.62786788,15.06175451,254.4012014,-1.072519084,3.969465649,1.072519084,4.077728274,3.880947631,15.94995929
3,0.291399275,-0.02078683,-0.981828962,0.006054683,0.05211476,0.009245705,-0.092805848,1.310858907,-0.178361457,-1.478615936,0.897426843,-0.432909109,4.079589844,-0.291015625,-13.74560547,0.181152344,-0.269042969,-1.148681641,0.397460938,0.498046875,-0.835205078,0.006054683,0.05211476,0.009245705,0.301391602,-0.099975586,-0.980224609,0.077811844,0.228286575,0.096154588,-1.991821156,4.442202835,9.09651036,12.62297306,15.05409371,225.2563335,-0.789826657,0.350700599,1.389733885,-27.88549618,62.19083969,127.351145,1.169519374,-0.830497021,0.382207637,-10.00763359,-1.129770992,-3.351145038,4.251908397,11.58778626,41.01526718,12.62297306,15.05409371,225.2563335,-1.072519084,3.969465649,1.072519084,3.552882359,3.87996053,15.00854202
3,0.29132952,-0.016270229,-0.987967355,0.006042521,0.052604947,0.009264611,-0.09361035,1.22802733,0.029224566,-1.476499281,0.676145006,-0.471372564,4.078613281,-0.227783203,-13.83154297,0.181152344,-0.269042969,-1.148681641,0.397460938,0.498046875,-0.835205078,0.006042521,0.052604947,0.009264611,0.301391602,-0.099975586,-0.983398438,0.077733655,0.229357683,0.096252847,-1.920392585,4.15648855,9.213740458,12.88222144,13.42033815,226.5422851,-0.818040096,0.522791496,1.35412481,-26.88549618,58.19083969,128.9923664,1.071202499,-0.170213209,0.278486355,-10.00763359,-1.129770992,-3.351145038,4.251908397,11.58778626,41.01526718,12.88222144,13.42033815,226.5422851,-1.015267176,3.969465649,1.072519084,3.589181166,3.663377971,15.0513217
3,0.292027065,-0.018798828,-0.989170619,0.005902876,0.053076542,0.009279367,-0.078973439,1.244015587,0.07255524,-1.469416174,0.673897964,-0.478559839,4.088378906,-0.263183594,-13.84838867,0.181152344,-0.269042969,-1.148681641,0.397460938,0.498046875,-0.835205078,0.005902876,0.053076542,0.009279367,0.301391602,-0.112670898,-0.991821289,0.076830176,0.230383468,0.09632947,-1.914394766,4.27044711,9.167393675,12.9028986,13.60496039,227.3785683,-0.820664001,0.411433948,1.353821182,-26.80152672,59.78625954,128.3435115,1.063938149,-0.34320247,0.274494642,-10.00763359,-1.129770992,-3.351145038,4.251908397,11.58778626,41.01526718,12.9028986,13.60496039,227.3785683,-1.015267176,4.026717557,0.874045802,3.592060495,3.688490259,15.07907717
3,0.296875,-0.016549247,-0.992414202,0.006570596,0.052303967,0.008654626,-0.112536108,1.25507863,0.082960774,-1.640553863,0.717409727,-0.185761654,4.15625,-0.231689453,-13.89379883,0.181152344,-0.269042969,-1.148681641,0.397460938,0.498046875,-0.835205078,0.006570596,0.052303967,0.008654626,0.302612305,-0.112670898,-0.991821289,0.081059213,0.228700605,0.093030243,-2.497273719,4.538713195,9.19738277,9.917997043,12.19353108,226.8468473,-1.258441664,0.369926893,1.353849299,-34.96183206,63.54198473,128.7633588,1.082046838,0.049176918,0.276851212,-10.00763359,-1.129770992,-3.351145038,0.328244275,11.58778626,41.01526718,9.917997043,12.19353108,226.8468473,-1.713740458,4.061068702,1.083969466,3.149285164,3.491923693,15.06143577
3,0.302490234,-0.018450056,-0.991821289,0.007375213,0.052979467,0.008716581,-0.14597421,1.243841794,0.066408705,-1.771640511,0.678634071,-0.233957539,4.234863281,-0.258300781,-13.88549805,0.181152344,-0.269042969,-1.148681641,0.405517578,0.498046875,-0.835205078,0.007375213,0.052979467,0.008716581,0.303466797,-0.112670898,-0.991821289,0.085879059,0.230172689,0.093362631,-2.313522356,4.496183206,9.333696838,11.11923247,12.32064655,224.1489014,-1.060243214,0.399158921,1.359281802,-32.38931298,62.94656489,130.6717557,0.729640366,-9.00E-05,0.294013527,-10.00763359,-1.129770992,-3.351145038,1.916030534,11.58778626,41.01526718,11.11923247,12.32064655,224.1489014,-1.713740458,4.061068702,1.095419847,3.334551314,3.510077855,14.97160317
3,0.300606864,-0.020211356,-0.993809291,0.007039624,0.053345599,0.008725392,-0.159048864,1.252610742,0.140130206,-1.740123537,0.672336856,-0.229184383,4.208496094,-0.282958984,-13.91333008,0.181152344,-0.269042969,-1.148681641,0.405517578,0.498046875,-0.835205078,0.007039624,0.053345599,0.008725392,0.303466797,-0.125,-1.005249023,0.083902469,0.230966663,0.093409807,-2.239912759,4.640676118,9.285169029,11.23632489,11.97863191,225.0265908,-1.115504622,0.288491605,1.358814436,-31.35877863,64.96946565,129.9923664,0.766573992,0.125311913,0.289626885,-10.00763359,-1.129770992,-3.351145038,1.916030534,11.58778626,41.01526718,11.23632489,11.97863191,225.0265908,-1.198473282,4.381679389,1.019083969,3.352062781,3.461016023,15.00088633
3,0.285836356,-0.011631557,-0.987444196,0.007867081,0.051447177,0.009826923,0.080734208,1.220306418,0.080315812,-1.706703871,0.71704047,-0.722839371,4.001708984,-0.162841797,-13.82421875,0.163818359,-0.269042969,-1.148681641,0.405517578,0.498046875,-0.835205078,0.007867081,0.051447177,0.009826923,0.26574707,-0.109130859,-1.005249023,0.088696568,0.226819702,0.09913084,-2.276990185,4.484187568,9.280261723,11.05230938,14.26641548,225.1190977,-1.124399419,-0.153326874,1.358701986,-31.8778626,62.77862595,129.9236641,0.826526836,0.653030147,0.289101091,-10.00763359,-3.320610687,-3.351145038,1.916030534,11.58778626,41.01526718,11.05230938,14.26641548,225.1190977,-1.198473282,4.381679389,1.019083969,3.324501374,3.777090875,15.0039694
3,0.284423828,-0.017107282,-0.982247489,0.00820236,0.053359485,0.009783006,0.042032362,1.191938463,-0.09425127,-1.678500883,0.607220188,-0.694787216,3.981933594,-0.239501953,-13.75146484,0.163818359,-0.269042969,-1.148681641,0.405517578,0.498046875,-0.835205078,0.00820236,0.053359485,0.009783006,0.26574707,-0.109130859,-0.991088867,0.090566883,0.230996721,0.098909079,-2.164122137,4.622137405,9.420392585,11.8639917,13.20728799,222.3856819,-1.003558655,-0.169318141,1.363851989,-30.29770992,64.70992366,131.8854962,0.605589888,1.174818606,0.306244543,-10.00763359,-3.320610687,-3.351145038,1.916030534,11.58778626,41.01526718,11.8639917,13.20728799,222.3856819,-1.198473282,4.381679389,1.095419847,3.444414565,3.634183263,14.91260145
3,0.284894671,-0.013288225,-0.971452985,0.008148519,0.05149134,0.008782171,0.030942973,1.261253531,-0.351720884,-1.658174362,0.703016434,-0.100190866,3.988525391,-0.186035156,-13.6003418,0.163818359,-0.215576172,-1.148681641,0.405517578,0.498046875,-0.835205078,0.008148519,0.05149134,0.008782171,0.26574707,-0.109130859,-0.965942383,0.090269145,0.226917034,0.093713238,-2.051799346,4.437840785,8.976008724,12.63804941,14.02066051,233.2025017,-0.92158463,-0.050389508,1.307977364,-28.72519084,62.12977099,125.6641221,0.40290417,0.659058564,0.221906086,-10.00763359,-3.320610687,-5.213740458,1.916030534,11.58778626,41.01526718,12.63804941,14.02066051,233.2025017,-1.198473282,4.381679389,1.095419847,3.555003433,3.744417245,15.27096925
3,0.273699079,-0.005388532,-0.974591936,0.00731255,0.049213918,0.008974465,0.302261314,1.27391758,-0.239235066,-1.370279733,0.815877697,-0.301406214,3.831787109,-0.075439453,-13.64428711,0.163818359,-0.215576172,-1.148681641,0.405517578,0.498046875,-0.835205078,0.00731255,0.049213918,0.008974465,0.25,-0.092163086,-0.977539063,0.085513447,0.221842102,0.094733651,-2.504907306,4.271537623,9.330970556,14.85090843,13.34246,225.5419543,-0.595601483,0.057230162,1.331514399,-35.06870229,59.80152672,130.6335878,-0.710177309,1.068889078,0.277084789,-10.00763359,-3.320610687,-5.213740458,1.916030534,11.58778626,41.01526718,14.85090843,13.34246,225.5419543,-1.553435115,4.381679389,1.217557252,3.85368764,3.652733223,15.01805428
3,0.26789202,0.037266323,-0.987915039,0.007097817,0.06632136,0.007459702,0.530130533,0.91408255,-0.162976147,-1.085517812,-0.541948418,0.097488514,3.750488281,0.521728516,-13.83081055,0.163818359,-0.215576172,-1.148681641,0.405517578,0.500732422,-0.837402344,0.007097817,0.06632136,0.007459702,0.247070313,-0.073242188,-1.005249023,0.084248541,0.257529339,0.086369569,-2.964558342,3.937295529,11.01635769,18.70706483,13.22254108,233.9035726,-0.48604053,0.332889352,0.973343096,-41.50381679,55.1221374,154.2290076,-1.241494888,1.244518688,-0.614293859,-10.00763359,-3.320610687,-5.213740458,1.916030534,11.58778626,41.01526718,18.70706483,13.22254108,233.9035726,-1.553435115,4.061068702,1.446564885,4.325166451,3.636281216,15.29390639
3,0.263671875,0.065551758,-0.996895926,0.00753863,0.08077005,0.005677456,0.585272755,0.684566945,-0.538276445,-1.177295977,-1.318677065,0.52533534,3.69140625,0.917724609,-13.95654297,0.163818359,-0.215576172,-1.148681641,0.405517578,0.500732422,-0.865722656,0.00753863,0.08077005,0.005677456,0.241455078,-0.073242188,-1.005249023,0.086825287,0.284200722,0.075348898,-2.483642312,4.475463468,13.31952017,17.71755821,14.02299874,286.8046318,-0.824841794,0.01637928,0.64210114,-34.77099237,62.65648855,186.4732824,-0.642782174,0.741805268,-1.442413928,-10.00763359,-3.320610687,-5.213740458,1.916030534,11.58778626,41.01526718,17.71755821,14.02299874,286.8046318,-0.667938931,4.381679389,1.446564885,4.209222994,3.744729461,16.93530725
3,0.251726423,0.073974609,-0.973249163,0.009159459,0.087323987,0.006981297,0.512272475,0.674935878,0.195744597,-1.046250825,-1.416598888,1.552635715,3.524169922,1.035644531,-13.62548828,0.111083984,-0.215576172,-1.148681641,0.405517578,0.500732422,-0.793945313,0.009159459,0.087323987,0.006981297,0.235229492,-0.073242188,-0.982910156,0.095705064,0.295506322,0.083554155,-2.299890949,2.908396947,13.6308615,17.07049014,24.39710793,300.7652648,-0.999154715,-1.537546505,0.634407936,-32.19847328,40.71755725,190.8320611,-0.199149022,3.443645455,-1.505117958,-10.00763359,-10.35114504,-5.213740458,1.916030534,9.41221374,41.01526718,17.07049014,24.39710793,300.7652648,-0.667938931,4.061068702,1.446564885,4.131644968,4.939342864,17.3425853
3,0.262782506,0.057617188,-0.968662807,0.009190189,0.076129253,0.006934355,0.200762612,0.742790571,0.015225054,-1.281545419,-1.096895183,1.590694731,3.678955078,0.806640625,-13.5612793,0.111083984,-0.215576172,-1.148681641,0.405517578,0.500732422,-0.793945313,0.009190189,0.076129253,0.006934355,0.241455078,-0.073242188,-0.957763672,0.095865473,0.275915301,0.083272774,-1.359869138,2.247001091,12.04907306,13.83588779,21.25635145,242.4973057,-1.19288533,-1.655900849,0.7485105,-19.03816794,31.45801527,168.6870229,1.039135731,3.793477278,-1.100455385,-9.847328244,-10.35114504,-5.213740458,3.152671756,8.664122137,38.95419847,13.83588779,21.25635145,242.4973057,-0.29389313,3.335877863,1.446564885,3.719662322,4.610461089,15.57232499
3,0.272443499,0.037702288,-0.964651925,0.010296936,0.076393299,0.005604425,0.005413624,0.967645153,0.67458113,-1.603986242,-0.777713646,1.075251665,3.814208984,0.527832031,-13.50512695,0.111083984,-0.215576172,-1.092529297,0.405517578,0.500732422,-0.793945313,0.010296936,0.076393299,0.005604425,0.241455078,-0.092895508,-0.957763672,0.101473819,0.276393377,0.074862705,-1.382224646,2.970556161,10.68756816,13.87775021,31.75788444,205.1978275,-1.167765215,-0.460236492,0.98945896,-19.35114504,41.58778626,149.6259542,0.971731024,2.399206507,-0.215979452,-9.847328244,-10.35114504,-5.213740458,3.152671756,14.41221374,38.95419847,13.87775021,31.75788444,205.1978275,-0.29389313,3.335877863,1.446564885,3.725285253,5.635413423,14.32472783
3,0.253993443,0.058611189,-0.950631278,0.011113273,0.083674582,0.006404356,0.241485776,0.710395788,0.3790589,-1.448677848,-1.437780677,0.110998696,3.555908203,0.820556641,-13.30883789,0.111083984,-0.215576172,-1.092529297,0.405517578,0.500732422,-0.793945313,0.011113273,0.083674582,0.006404356,0.235229492,-0.092895508,-0.948364258,0.105419511,0.28926559,0.080027218,-1.384950927,2.563249727,11.28026172,13.86839313,32.34026329,215.7086545,-1.166889383,-0.225621616,0.832055614,-19.38931298,35.88549618,157.9236641,0.973170638,2.059896429,-0.692339949,-9.847328244,-10.35114504,-5.213740458,3.152671756,14.41221374,38.95419847,13.86839313,32.34026329,215.7086545,-0.29389313,2.393129771,1.446564885,3.724029153,5.686850032,14.68702334
3,0.253069196,0.060459682,-0.949079241,0.011225524,0.083004031,0.00626407,0.25889799,0.704755424,0.343703574,-1.475333692,-1.43254542,0.229294071,3.54296875,0.846435547,-13.28710938,0.111083984,-0.215576172,-1.092529297,0.405517578,0.500732422,-0.793945313,0.011225524,0.083004031,0.00626407,0.235229492,-0.091918945,-0.948364258,0.105950571,0.288104201,0.079145875,-1.435114504,2.46782988,11.30098146,13.78367766,31.81004719,215.2330617,-1.132650325,-0.185217904,0.832675576,-20.09160305,34.54961832,158.2137405,0.946348881,2.227200311,-0.688543378,-9.847328244,-10.35114504,-5.213740458,3.152671756,14.41221374,38.95419847,13.78367766,31.81004719,215.2330617,-0.645038168,2.393129771,1.446564885,3.712637561,5.640039644,14.67082348
3,0.238839286,0.065708705,-0.953927176,0.009792057,0.080881769,0.006331989,0.554705779,0.697922734,0.534893038,-0.958664331,-1.414257626,0.293853213,3.34375,0.919921875,-13.35498047,0.111083984,-0.215576172,-1.092529297,0.405517578,0.500732422,-0.793945313,0.009792057,0.080881769,0.006331989,0.213989258,-0.087890625,-0.957763672,0.098954822,0.284397202,0.079573794,-1.207742639,2.505452563,11.27699019,13.29622336,31.94103068,215.7651242,-1.385384779,-0.205260745,0.832281696,-16.90839695,35.07633588,157.8778626,1.712124634,2.185698087,-0.692812181,-9.847328244,-10.35114504,-5.213740458,3.152671756,14.41221374,38.95419847,13.29622336,31.94103068,215.7651242,-0.519083969,2.393129771,1.446564885,3.646398683,5.651639645,14.68894565
3,0.234183175,0.069737026,-0.954589844,0.008424027,0.078839995,0.006317478,0.456761745,0.712510209,0.56540131,-0.992730646,-1.401892984,0.337785857,3.278564453,0.976318359,-13.36425781,0.111083984,-0.215576172,-1.092529297,0.388427734,0.500732422,-0.793945313,0.008424027,0.078839995,0.006317478,0.213989258,-0.087890625,-0.957763672,0.091782498,0.280784607,0.079482564,-1.385496183,2.624863686,11.32279171,12.54262348,32.22465839,214.783686,-1.397337513,-0.272294333,0.832459769,-19.39694656,36.7480916,158.519084,1.918911367,2.10897434,-0.684921042,-9.847328244,-10.35114504,-5.213740458,3.152671756,14.41221374,38.95419847,12.54262348,32.22465839,214.783686,-0.648854962,3.160305344,1.645038168,3.541556646,5.676676703,14.6555002
3,0.231776646,0.069702148,-0.950195313,0.007795459,0.07885488,0.006074841,0.417299952,0.71251008,0.432299046,-0.93892629,-1.402032007,0.486338432,3.244873047,0.975830078,-13.30273438,0.111083984,-0.215576172,-1.092529297,0.388427734,0.500732422,-0.793945313,0.007795459,0.07885488,0.006074841,0.213989258,-0.087890625,-0.950561523,0.088291895,0.28081111,0.077941268,-1.181570338,2.356052345,11.37077426,13.28408492,32.16167793,213.7049097,-1.416389003,-0.11362079,0.83356409,-16.54198473,32.98473282,159.1908397,1.770556138,2.081630339,-0.676145766,-9.847328244,-10.35114504,-5.213740458,3.152671756,14.41221374,38.95419847,13.28408492,32.16167793,213.7049097,-0.442748092,1.942748092,1.645038168,3.644733861,5.67112669,14.61864938
3,0.244733538,0.061139788,-0.956612723,0.008249271,0.08224731,0.005483815,0.09283584,0.723297179,0.674923189,-1.257209581,-1.426075841,1.509399685,3.426269531,0.855957031,-13.39257813,0.111083984,-0.215576172,-1.092529297,0.388427734,0.500732422,-0.793945313,0.008249271,0.08224731,0.005483815,0.235229492,-0.091918945,-0.953979492,0.090825498,0.286787918,0.074052783,-1.410577972,3.002726281,11.47982552,13.54092848,30.10963685,211.3171803,-1.179989987,-0.419688543,0.835181317,-19.7480916,42.03816794,160.7175573,1.138314288,2.930666265,-0.656333711,-9.847328244,-10.35114504,-5.213740458,3.152671756,14.41221374,38.95419847,13.54092848,30.10963685,211.3171803,-0.648854962,3.160305344,1.847328244,3.67980006,5.487224877,14.53675274
3,0.259399414,0.066301618,-0.953037807,0.00874311,0.079552006,0.005695229,-0.195513503,0.746565614,0.50511886,-1.275250327,-1.416271313,1.000330957,3.631591797,0.928222656,-13.3425293,0.111083984,-0.215576172,-1.092529297,0.388427734,0.500732422,-0.793945313,0.00874311,0.079552006,0.005695229,0.241455078,-0.091918945,-0.952148438,0.093504597,0.282049652,0.075466744,-1.473282443,3.076335878,11.49563795,13.14772763,30.01925654,210.973123,-1.214225537,-0.467981546,0.835396841,-20.6259542,43.06870229,160.9389313,1.262435427,3.003909777,-0.653414786,-9.847328244,-10.35114504,-5.213740458,3.152671756,14.41221374,38.95419847,13.14772763,30.01925654,210.973123,-0.648854962,3.675572519,1.847328244,3.625979541,5.478983167,14.52491387
3,0.247192383,0.076328823,-0.957589286,0.011474378,0.074871903,0.005899947,-0.273271788,0.775025883,0.653602151,-1.289782626,-1.400483337,0.880104188,3.460693359,1.068603516,-13.40625,0.063964844,-0.178466797,-1.092529297,0.388427734,0.500732422,-0.793945313,0.011474378,0.074871903,0.005899947,0.241455078,-0.087890625,-0.959350586,0.107118522,0.273627307,0.076811111,-1.808615049,2.586150491,11.91221374,12.30161829,35.37387707,198.410293,-1.08922352,-0.35940218,0.920923788,-25.32061069,36.20610687,166.7709924,1.233817949,1.433578442,-0.592712378,-9.847328244,-10.35114504,0.618320611,3.152671756,14.41221374,38.95419847,12.30161829,35.37387707,198.410293,-0.851145038,3.675572519,1.847328244,3.507366289,5.947594225,14.08581886
3,0.234706334,0.076450893,-0.951119559,0.013968868,0.074828935,0.005568368,-0.184178751,0.774731566,0.47350319,-1.575313764,-1.400218921,1.090583494,3.285888672,1.0703125,-13.31567383,0.060791016,-0.178466797,-1.092529297,0.388427734,0.500732422,-0.793945313,0.013968868,0.074828935,0.005568368,0.220214844,-0.087036133,-0.952148438,0.118189964,0.27354878,0.074621501,-1.458560523,2.408942203,11.71646674,9.562025382,34.86014993,203.2867267,-1.364362077,-0.269089194,0.901249448,-20.41984733,33.72519084,164.0305344,3.647812377,1.533609054,-0.628762369,-9.847328244,-10.35114504,-1.122137405,3.152671756,14.41221374,38.95419847,9.562025382,34.86014993,203.2867267,-0.851145038,2.79389313,1.847328244,3.092252477,5.904248465,14.25786543
3,0.23992048,0.030325753,-0.950404576,0.014491085,0.062463469,0.00546679,-0.29384377,1.168148017,0.481666192,-1.652870133,-0.430361026,1.20268951,3.358886719,0.424560547,-13.30566406,0.060791016,-0.178466797,-1.092529297,0.388427734,0.489990234,-0.793945313,0.014491085,0.062463469,0.00546679,0.256713867,-0.091918945,-0.952148438,0.120378923,0.249926926,0.073937744,-0.95474373,2.593784079,9.973827699,4.012644631,35.14832091,198.6656122,0.645247166,-0.370854293,1.251325231,-13.36641221,36.3129771,139.6335878,-0.426040161,1.50158859,0.203749114,-3.419847328,-10.35114504,-1.122137405,3.152671756,14.41221374,38.95419847,4.012644631,35.14832091,198.6656122,-0.851145038,3.675572519,1.583969466,2.003158663,5.928601936,14.09487894
3,0.246808733,-0.017177037,-0.949863979,0.014381257,0.04737441,0.005456059,-0.486589718,1.639687175,0.457900737,-1.500497984,1.322485719,1.203652972,3.455322266,-0.240478516,-13.2980957,0.060791016,-0.178466797,-1.092529297,0.388427734,0.489990234,-0.793945313,0.014381257,0.04737441,0.005456059,0.302246094,-0.096923828,-0.952148438,0.119921879,0.217656633,0.07386514,-1.013631407,2.345147219,7.118320611,3.979794781,32.76298385,134.5818627,0.753542968,-0.358682286,1.649013129,-14.19083969,32.83206107,99.65648855,-0.257726582,2.055155422,1.934970509,-3.419847328,-10.35114504,-1.122137405,3.152671756,14.41221374,36.47328244,3.979794781,32.76298385,134.5818627,-1.057251908,3.675572519,1.370229008,1.9949423,5.723895863,11.60094232
3,0.254220145,-0.029575893,-0.967459542,0.012983684,0.035982635,0.003881486,-0.645546537,1.47903999,0.098876345,-1.026505979,0.512814141,1.248911801,3.559082031,-0.4140625,-13.54443359,0.060791016,-0.178466797,-1.092529297,0.388427734,0.356201172,-0.833007813,0.012983684,0.035982635,0.003881486,0.302246094,-0.096923828,-0.955566406,0.113945968,0.189690893,0.062301572,-1.122137405,3.538167939,5.847328244,4.548192906,20.06498411,76.83791065,0.52626387,0.403399738,1.169218631,-15.70992366,49.53435115,81.86259542,-0.371932898,2.787308665,-0.419661968,-4.259541985,-5.671755725,-1.122137405,3.152671756,14.41221374,23.36641221,4.548192906,20.06498411,76.83791065,-1.057251908,4.396946565,1.370229008,2.132649269,4.479395507,8.765723624
3,0.241245815,-0.013410296,-0.971871512,0.013056781,0.05003858,0.003927306,-0.333724949,1.59475899,0.319176957,-1.348412149,1.054493067,1.219873403,3.377441406,-0.187744141,-13.60620117,0.060791016,-0.178466797,-1.092529297,0.388427734,0.495361328,-0.833007813,0.013056781,0.05003858,0.003927306,0.249511719,-0.096923828,-0.968261719,0.114266274,0.223693049,0.06266822,-1.799890949,3.841875682,7.10523446,4.738823527,19.14173397,134.2739232,-0.290100736,0.231833107,1.655293259,-25.19847328,53.78625954,99.47328244,0.127526583,3.264611596,1.968715407,-6.335877863,-5.671755725,-1.122137405,1.832061069,14.41221374,36.48091603,4.738823527,19.14173397,134.2739232,-1.767175573,4.416030534,1.370229008,2.176883903,4.375126738,11.58766254
3,0.2386649,0.013183594,-0.965436663,0.012331868,0.055100349,0.00283473,-0.401416467,1.151409481,1.122751604,-1.358054927,-0.363375115,1.778362185,3.341308594,0.184570313,-13.51611328,0.060791016,-0.178466797,-1.040283203,0.370361328,0.495361328,-0.833007813,0.012331868,0.055100349,0.00283473,0.249511719,-0.091918945,-0.968261719,0.111048945,0.234734636,0.053242183,-2.130316249,3.751908397,8.946564885,6.692271513,17.20677699,211.2951639,-0.46068385,-0.122159058,1.452767883,-29.82442748,52.52671756,125.2519084,-0.29510912,2.879845361,0.681921475,-7.022900763,-5.671755725,-1.122137405,1.832061069,13.15267176,40.33587786,6.692271513,17.20677699,211.2951639,-1.965648855,4.416030534,1.370229008,2.586942503,4.148105229,14.53599546
3,0.251865932,-0.001046317,-0.964390346,0.011213519,0.047422055,0.003148499,-0.737527739,1.346245606,1.330293461,-0.711699577,0.562864319,2.555347485,3.526123047,-0.014648438,-13.50146484,0.060791016,-0.178466797,-1.040283203,0.370361328,0.495361328,-0.818359375,0.011213519,0.047422055,0.003148499,0.291259766,-0.091918945,-0.968261719,0.105893905,0.217766056,0.056111491,-2.495092694,4.328244275,8.594874591,6.731469451,16.27103495,202.1039249,-0.136434089,-0.449842103,1.572687416,-34.93129771,60.59541985,120.3282443,-0.546025493,3.715516695,1.20385057,-7.022900763,-5.671755725,-1.122137405,1.832061069,13.15267176,40.33587786,6.731469451,16.27103495,202.1039249,-2.805343511,4.465648855,1.370229008,2.594507555,4.033737095,14.216326
3,0.252528599,-0.001778739,-0.965053013,0.011132328,0.047579274,0.003178293,-0.760776885,1.348666848,1.346406214,-0.64687561,0.560627542,2.525490588,3.535400391,-0.024902344,-13.51074219,0.060791016,-0.178466797,-1.040283203,0.370361328,0.495361328,-0.818359375,0.011132328,0.047579274,0.003178293,0.291259766,-0.097045898,-0.972900391,0.10550985,0.218126739,0.056376348,-2.505452563,4.270992366,8.560523446,6.699100183,16.30468683,202.6987464,-0.128124247,-0.399294913,1.571301465,-35.07633588,59.79389313,119.8473282,-0.521847779,3.651669165,1.197908936,-7.022900763,-5.671755725,-1.122137405,1.832061069,13.15267176,40.33587786,6.699100183,16.30468683,202.6987464,-2.805343511,4.454198473,1.370229008,2.588262,4.037906244,14.23723099
3,0.252737863,-0.002790179,-0.965070452,0.011106163,0.04778119,0.003179307,-0.768153458,1.353145948,1.346576891,-0.625789444,0.55992473,2.523932971,3.538330078,-0.0390625,-13.51098633,0.060791016,-0.178466797,-1.040283203,0.370361328,0.495361328,-0.818359375,0.011106163,0.04778119,0.003179307,0.291259766,-0.104125977,-0.972900391,0.10538578,0.218589089,0.056385342,-2.512540894,4.262813522,8.566521265,6.672624037,16.30394243,202.5993122,-0.123927225,-0.392233975,1.571447648,-35.17557252,59.67938931,119.9312977,-0.503043105,3.647980564,1.198786467,-7.022900763,-5.671755725,-1.122137405,1.832061069,13.15267176,40.33587786,6.672624037,16.30394243,202.5993122,-2.805343511,4.454198473,1.370229008,2.58314228,4.037814066,14.23373852
3,0.251028878,-0.001377651,-0.967372349,0.010824627,0.047393493,0.003172477,-0.773808984,1.355377981,1.489848037,-0.572601686,0.575025418,2.867443327,3.514404297,-0.019287109,-13.54321289,0.060791016,-0.178466797,-1.040283203,0.370361328,0.495361328,-0.818359375,0.010824627,0.047393493,0.003172477,0.291259766,-0.104125977,-0.985595703,0.104041467,0.217700465,0.056324742,-2.519083969,4.344056707,8.529989095,6.645883107,16.43852083,203.160509,-0.120958599,-0.454062813,1.571479177,-35.26717557,60.81679389,119.4198473,-0.484768259,3.573291578,1.19510973,-7.022900763,-5.671755725,-1.122137405,1.832061069,13.15267176,40.33587786,6.645883107,16.43852083,203.160509,-2.805343511,4.461832061,1.202290076,2.577961037,4.054444578,14.2534385
3,0.252336775,-0.001621791,-0.971330915,0.01109189,0.047461259,0.003220427,-0.750848642,1.35491749,1.675653619,-0.614722579,0.572288807,3.276659616,3.532714844,-0.022705078,-13.59863281,0.060791016,-0.178466797,-1.040283203,0.370361328,0.495361328,-0.818359375,0.01109189,0.047461259,0.003220427,0.291259766,-0.104125977,-0.991210938,0.105318042,0.21785605,0.056748808,-2.776990185,4.647764449,8.506543075,5.160082823,15.35762088,203.5361272,-0.405185557,-0.703180442,1.571193636,-38.8778626,65.06870229,119.0916031,-0.294056713,4.803862809,1.192202337,-7.022900763,-5.671755725,-1.122137405,1.030534351,13.15267176,40.33587786,5.160082823,15.35762088,203.5361272,-2.805343511,4.744274809,1.038167939,2.271581569,3.918880054,14.26660882
3,0.251150949,-0.002685547,-0.966918945,0.010874358,0.047882282,0.003642749,-0.761974596,1.34109712,1.325170503,-0.574833123,0.550290392,1.475216898,3.516113281,-0.037597656,-13.53686523,0.060791016,-0.193359375,-1.040283203,0.370361328,0.495361328,-0.818359375,0.010874358,0.047882282,0.003642749,0.291259766,-0.104125977,-0.991210938,0.104280189,0.218820204,0.060355193,-2.42693566,4.462922574,8.299345692,6.390926334,15.40396702,207.0306211,-0.351674974,-0.541975657,1.565298521,-33.97709924,62.48091603,116.1908397,-0.462414704,4.593429617,1.161794878,-7.022900763,-5.671755725,-1.122137405,1.480916031,13.15267176,40.33587786,6.390926334,15.40396702,207.0306211,-2.286259542,4.461832061,0.91221374,2.528028151,3.924788787,14.38855869
3,0.255911691,-0.001656669,-0.968418666,0.012414035,0.047587094,0.003465649,-0.467696133,1.343671027,1.435177206,-0.455954895,0.562861697,2.085232596,3.582763672,-0.023193359,-13.55786133,0.060791016,-0.193359375,-1.040283203,0.437011719,0.495361328,-0.818359375,0.012414035,0.047587094,0.003465649,0.291259766,-0.104125977,-0.991210938,0.111418289,0.218144662,0.058869762,-2.254634678,4.429661941,8.27480916,8.089654154,15.52534977,207.3985827,0.168320489,-0.512123432,1.565591202,-31.5648855,62.01526718,115.8473282,0.129513016,4.442624332,1.159908346,-7.022900763,-5.671755725,-1.122137405,3.442748092,13.15267176,40.33587786,8.089654154,15.52534977,207.3985827,-2.286259542,4.461832061,0.91221374,2.844231734,3.940222046,14.40133961
3,0.270891462,-0.000174386,-0.971888951,0.009362548,0.047383074,0.003930522,-0.559448527,1.330705278,1.154809015,0.45777134,0.549826422,1.546031636,3.792480469,-0.002441406,-13.60644531,0.060791016,-0.193359375,-1.056640625,0.437011719,0.495361328,-0.818359375,0.009362548,0.047383074,0.003930522,0.291259766,-0.104125977,-0.991210938,0.096760262,0.217676535,0.062693872,-2.466739368,5.141221374,8.332606325,8.976309047,7.132458212,206.4922227,0.245840464,2.255178297,1.565697911,-34.53435115,71.97709924,116.6564885,-0.332957963,6.396819612,1.16584724,-7.022900763,2.519083969,-1.122137405,3.442748092,13.15267176,40.33587786,8.976309047,7.132458212,206.4922227,-2.286259542,4.461832061,1.034351145,2.996048906,2.670666249,14.36983725
3,0.281406948,-0.001953125,-0.973057338,0.006152094,0.047756874,0.003851419,0.156031553,1.337340422,1.238525137,-0.421082551,0.54528599,1.876424373,3.939697266,-0.02734375,-13.62280273,0.154296875,-0.193359375,-1.056640625,0.437011719,0.495361328,-0.818359375,0.006152094,0.047756874,0.003851419,0.291259766,-0.108642578,-0.991210938,0.078435288,0.218533461,0.062059804,-2.133587786,5.444929117,8.477644493,10.27898455,6.763479164,203.8331612,0.05427914,2.140592074,1.574322228,-29.87022901,76.22900763,118.6870229,-0.898618039,5.962342022,1.194518548,-7.022900763,2.519083969,-1.022900763,3.442748092,13.15267176,40.33587786,10.27898455,6.763479164,203.8331612,-1.458015267,4.744274809,1.034351145,3.206085549,2.600668984,14.27701514
3,0.280988421,-0.002336775,-0.967285156,0.006119476,0.047877153,0.003837219,0.17173198,1.335508005,0.968342467,-0.383379393,0.53957105,1.351296751,3.933837891,-0.032714844,-13.54199219,0.154296875,-0.193359375,-1.056640625,0.437011719,0.495361328,-0.818359375,0.006119476,0.047877153,0.003837219,0.291259766,-0.108642578,-0.985595703,0.078227077,0.218808485,0.061945288,-1.922028353,5.408396947,8.375136314,10.60470905,6.85501338,205.8789909,-0.143496724,2.135821865,1.564542356,-26.90839695,75.71755725,117.2519084,-1.035729753,5.87218148,1.16890703,-7.022900763,2.519083969,-1.557251908,3.442748092,13.15267176,40.33587786,10.60470905,6.85501338,205.8789909,-1.129770992,4.687022901,1.034351145,3.256487226,2.618208048,14.34848392
3,0.281441825,0.003540039,-0.964041574,0.00612547,0.04613126,0.00406638,0.151360034,1.358245813,0.773429388,-0.39521984,0.61667563,0.621973131,3.940185547,0.049560547,-13.49658203,0.154296875,-0.193359375,-1.056640625,0.437011719,0.495361328,-0.818359375,0.00612547,0.04613126,0.00406638,0.294433594,-0.104125977,-0.985595703,0.078265383,0.21478189,0.06376817,-1.788440567,5.217011996,8.400763359,11.08030668,7.460634931,205.3694446,-0.230546284,2.018911918,1.566899343,-25.03816794,73.03816794,117.610687,-1.187145053,5.240438495,1.175220001,-7.022900763,2.503816794,-1.557251908,3.442748092,13.15267176,40.33587786,11.08030668,7.460634931,205.3694446,-0.973282443,4.347328244,1.034351145,3.328709461,2.731416287,14.33071682
3,0.285731724,-0.002092634,-0.961582729,0.005767764,0.042779773,0.003747249,0.028187836,1.435641523,0.878413732,-0.066093958,1.108459708,0.938812627,4.000244141,-0.029296875,-13.4621582,0.154296875,-0.193359375,-1.056640625,0.437011719,0.495361328,-0.818359375,0.005767764,0.042779773,0.003747249,0.294433594,-0.104125977,-0.985595703,0.075945794,0.206832718,0.061214775,-1.838604144,5.243184297,8.006543075,11.38252529,7.53415712,198.8177025,-0.208800749,1.964389477,1.711555747,-25.74045802,73.40458015,112.0916031,-1.28466932,4.968390812,1.731847315,-7.022900763,2.503816794,-1.557251908,3.442748092,13.15267176,40.33587786,11.38252529,7.53415712,198.8177025,-0.973282443,4.347328244,1.034351145,3.373799829,2.744841912,14.10027314
3,0.291416713,0.004900251,-0.95589774,0.004610865,0.050956831,0.003663545,0.356549962,1.681824411,0.63146488,0.159748775,2.389089094,0.73332486,4.079833984,0.068603516,-13.38256836,0.196044922,-0.193359375,-1.056640625,0.437011719,0.593261719,-0.818359375,0.004610865,0.050956831,0.003663545,0.294433594,-0.104125977,-0.965087891,0.06790335,0.225736198,0.060527229,-1.545801527,5.436205016,8.216466739,9.746578781,7.707116379,212.3091501,-0.324729947,1.684491309,1.730124717,-21.64122137,76.10687023,115.0305344,-0.799453741,3.916261568,1.767129524,-7.022900763,2.503816794,-1.557251908,3.442748092,13.15267176,40.33587786,9.746578781,7.707116379,212.3091501,-0.973282443,4.629770992,1.034351145,3.121951118,2.776169371,14.57083217
3,0.283708845,0.017717634,-0.947858538,0.004431949,0.060697204,0.003762435,0.685269064,1.537021057,0.296218566,0.738688782,1.262266115,0.24331517,3.971923828,0.248046875,-13.27001953,0.196044922,-0.193359375,-1.056640625,0.437011719,0.593261719,-0.818359375,0.004431949,0.060697204,0.003762435,0.282714844,-0.104125977,-0.940063477,0.066572884,0.246368026,0.061338692,-1.185932388,4.394220284,7.872410033,7.314345203,5.589495028,190.1644644,-0.223161381,-0.946064152,1.690816814,-16.60305344,61.51908397,110.2137405,-0.506401221,1.558615928,1.652145651,-5.786259542,-1.435114504,-1.557251908,3.442748092,7.320610687,39.41984733,7.314345203,5.589495028,190.1644644,-0.973282443,4.270992366,1.034351145,2.704504613,2.364211291,13.79001321
3,0.294172015,-0.000819615,-0.984305246,0.006294365,0.05994768,0.012193748,0.691444938,1.804322785,-2.572628406,-0.153179992,2.075343725,7.923245539,4.118408203,-0.011474609,-13.78027344,0.196044922,-0.193359375,-1.328613281,0.444824219,0.593261719,-0.889892578,0.006294365,0.05994768,0.012193748,0.282714844,-0.104370117,-0.965087891,0.079337033,0.244842153,0.110425305,-0.620501636,4.309705562,7.649945474,7.247609101,5.156797517,185.7925068,-0.39693124,-1.088740178,1.780810883,-8.687022901,60.33587786,107.0992366,-0.150116852,1.973513873,2.036393793,-5.786259542,-1.435114504,-1.557251908,3.442748092,7.106870229,39.41984733,7.247609101,5.156797517,185.7925068,-0.744274809,4.270992366,1.034351145,2.692138388,2.270858322,13.6305725
3,0.296822684,-0.00113351,-0.985822405,0.00585481,0.060020306,0.012245348,0.779701728,1.80460193,-2.509709996,0.019158389,2.074374633,7.635275647,4.155517578,-0.015869141,-13.80151367,0.196044922,-0.193359375,-1.328613281,0.444824219,0.593261719,-0.889892578,0.00585481,0.060020306,0.012245348,0.282714844,-0.106567383,-0.965087891,0.07651673,0.244990419,0.110658698,-0.420937841,4.356052345,7.689203926,7.589551058,5.118615171,185.1924034,-0.572186034,-1.170177669,1.782319343,-5.893129771,60.98473282,107.648855,-0.2407267,2.186309538,2.0436352,-5.786259542,-1.435114504,-1.557251908,3.442748092,7.106870229,39.41984733,7.589551058,5.118615171,185.1924034,-0.248091603,4.282442748,1.034351145,2.754913984,2.262435672,13.60854156
3,0.296578544,-0.000662667,-0.984061105,0.005908638,0.059921067,0.012264632,0.758904651,1.803508173,-2.559040697,0.013803144,2.074190006,7.818884881,4.152099609,-0.009277344,-13.77685547,0.192626953,-0.193359375,-1.328613281,0.444824219,0.593261719,-0.889892578,0.005908638,0.059921067,0.012264632,0.282714844,-0.106567383,-0.958374023,0.076867663,0.2447878,0.110745797,-0.426390403,4.301526718,7.673391494,7.594705859,5.172468432,185.4268415,-0.564870699,-1.07299368,1.78188341,-5.969465649,60.22137405,107.4274809,-0.251689437,1.918244648,2.041069954,-5.786259542,-1.435114504,-1.557251908,3.442748092,7.106870229,39.41984733,7.594705859,5.172468432,185.4268415,-0.248091603,4.282442748,1.034351145,2.75584939,2.274306143,13.61715248
3,0.302001953,-0.005109515,-0.978846959,0.006552036,0.061337347,0.012680114,0.562278276,1.779042848,-2.568790492,-0.715232084,2.003908915,7.721154861,4.228027344,-0.071533203,-13.70385742,0.192626953,-0.193359375,-1.328613281,0.444824219,0.593261719,-0.889892578,0.006552036,0.061337347,0.012680114,0.282714844,-0.106567383,-0.940063477,0.080944648,0.247663778,0.112606014,-0.363140676,4.269901854,7.580152672,7.618327014,5.095216857,186.8565217,-0.641247522,-1.061580127,1.778261285,-5.083969466,59.77862595,106.1221374,-0.198408884,1.999071407,2.023911371,-5.786259542,-1.435114504,-1.557251908,3.442748092,7.106870229,39.41984733,7.618327014,5.095216857,186.8565217,0.194656489,4.282442748,0.91221374,2.760131702,2.257258704,13.66954724
3,0.303885324,-0.00680106,-0.982264927,0.006819573,0.061840001,0.013019164,0.506817067,1.773195973,-2.385663334,-0.9373754,1.982794122,6.747258628,4.254394531,-0.095214844,-13.75170898,0.192626953,-0.193359375,-1.328613281,0.444824219,0.593261719,-0.889892578,0.006819573,0.061840001,0.013019164,0.282714844,-0.106567383,-0.940063477,0.082580706,0.248676499,0.114101551,-0.40348964,4.134678299,7.413849509,7.764132959,5.147464126,189.6307475,-0.593037054,-0.852285107,1.766833238,-5.648854962,57.88549618,103.7938931,-0.359699704,1.578381392,1.984100595,-5.786259542,-1.435114504,-1.557251908,3.442748092,7.106870229,39.41984733,7.764132959,5.147464126,189.6307475,0.194656489,4.141221374,0.877862595,2.78641938,2.268802355,13.77064804
3,0.304792132,0.001499721,-0.986851283,0.006879382,0.05946924,0.012439754,0.467820022,1.799120014,-2.454115764,-1.012576562,2.07021239,7.14180845,4.267089844,0.020996094,-13.81591797,0.192626953,-0.181884766,-1.328613281,0.444824219,0.593261719,-0.889892578,0.006879382,0.05946924,0.012439754,0.282714844,-0.099365234,-0.953613281,0.08294204,0.243863158,0.111533645,-0.455834242,4.32606325,7.622137405,7.590040284,5.252315658,186.5182928,-0.569213491,-1.076707866,1.772469931,-6.381679389,60.5648855,106.7099237,-0.283658423,1.819874016,2.01676877,-5.786259542,-1.435114504,-1.557251908,3.442748092,7.106870229,39.41984733,7.590040284,5.252315658,186.5182928,0.194656489,4.282442748,1.030534351,2.755002774,2.29179311,13.65717002
3,0.299159459,0.003365653,-0.99293736,0.005719484,0.058996835,0.012125781,0.430266256,1.800586334,-2.374297524,-0.740300491,2.083344251,6.959616989,4.188232422,0.047119141,-13.90112305,0.192626953,-0.181884766,-1.328613281,0.444824219,0.593261719,-0.889892578,0.005719484,0.058996835,0.012125781,0.282714844,-0.099121094,-0.962768555,0.075627269,0.242892641,0.110117122,-1.352235551,4.881679389,7.726281352,11.31250068,7.411812562,185.2189702,-1.023105034,-0.393931457,1.769529186,-18.93129771,68.34351145,108.1679389,0.721758888,1.848891211,2.020823406,-9.106870229,-1.435114504,-1.557251908,3,10.29770992,39.41984733,11.31250068,7.411812562,185.2189702,-0.366412214,4.744274809,1.167938931,3.363406113,2.722464428,13.60951763
3,0.291434152,0.003871373,-0.988717215,0.006978938,0.058937447,0.011796082,0.279091943,1.796410503,-2.592500061,-0.899212349,2.074676016,8.092361735,4.080078125,0.054199219,-13.84204102,0.165527344,-0.181884766,-1.328613281,0.444824219,0.593261719,-0.889892578,0.006978938,0.058937447,0.011796082,0.282714844,-0.099121094,-0.962768555,0.083540036,0.242770359,0.108609768,-1.841875682,5.101962923,7.881679389,19.34512897,7.810470137,183.4488196,-1.491630387,-0.576144186,1.76153881,-25.78625954,71.42748092,110.3435115,1.879644316,1.548381303,2.018322808,-12.64122137,-1.435114504,-1.557251908,3,10.29770992,39.41984733,19.34512897,7.810470137,183.4488196,-0.366412214,5.511450382,1.473282443,4.398309786,2.794721835,13.54432795
3,0.302315848,-0.003853934,-1.00062779,0.006681391,0.061685729,0.012768871,-0.021761456,1.730451617,-2.063559652,-0.856228319,1.917732158,5.245672158,4.232421875,-0.053955078,-14.00878906,0.165527344,-0.219238281,-1.328613281,0.444824219,0.593261719,-0.889892578,0.006681391,0.061685729,0.012768871,0.302490234,-0.099121094,-0.982543945,0.081739777,0.248366119,0.11299943,-2.055070883,4.844601963,7.847328244,18.28741537,7.766040236,183.9812724,-1.505467635,-0.305472438,1.760060275,-28.77099237,67.82442748,109.8625954,2.0597021,1.379419254,2.011323487,-12.64122137,-1.435114504,-1.557251908,3,10.29770992,39.41984733,18.28741537,7.766040236,183.9812724,-1.019083969,4.736641221,1.442748092,4.276378768,2.786761604,13.56396964
3,0.294538225,-0.003766741,-1.007829939,0.00732495,0.061658316,0.012413552,0.170151177,1.73083388,-1.950147869,-1.15246047,1.91904914,5.027753113,4.123535156,-0.052734375,-14.10961914,0.165527344,-0.219238281,-1.328613281,0.444824219,0.593261719,-0.889892578,0.00732495,0.061658316,0.012413552,0.282714844,-0.099121094,-1.001708984,0.08558592,0.248310925,0.11141612,-2.185932388,5.063249727,7.979825518,17.90059399,8.041179495,181.5431825,-1.45918365,-0.514766759,1.775946184,-30.60305344,70.88549618,111.7175573,2.052847274,1.233359802,2.056401506,-12.64122137,-1.435114504,-1.41221374,3,10.29770992,39.41984733,17.90059399,8.041179495,181.5431825,-1.400763359,5.511450382,1.442748092,4.230909357,2.835697356,13.47379614
3,0.287580218,0.009155273,-1.008021763,0.008062853,0.061423648,0.012373712,0.289816244,1.56683622,-1.958413098,-1.357721695,1.491205088,5.058827857,4.026123047,0.128173828,-14.11230469,0.165527344,-0.219238281,-1.328613281,0.444824219,0.593261719,-0.889892578,0.008062853,0.061423648,0.012373712,0.259643555,-0.098754883,-1.001708984,0.08979339,0.247837947,0.111237188,-2.772082879,5.494002181,8.722464558,19.02574135,8.264270314,175.4381052,-1.045030474,-0.801416798,1.698141437,-38.80916031,76.91603053,122.1145038,0.677126537,1.58615061,1.902464485,-12.64122137,-1.435114504,-1.41221374,3,10.29770992,39.41984733,19.02574135,8.264270314,175.4381052,-1.824427481,5.980916031,2.324427481,4.361850679,2.874764393,13.24530503
3,0.28754534,0.028965541,-1.012799944,0.008063822,0.07666306,0.012671092,0.291093044,1.369333803,-1.758279241,-1.357695515,0.304222377,4.235068405,4.025634766,0.405517578,-14.17919922,0.165527344,-0.219238281,-1.328613281,0.444824219,0.593261719,-0.889892578,0.008063822,0.07666306,0.012671092,0.259399414,-0.098754883,-1.003051758,0.089798788,0.276880948,0.112565945,-3.214830971,5.30261723,10.09651036,23.85827307,8.272698894,215.0038469,-0.872435875,-0.58547798,1.297895525,-45.00763359,74.23664122,141.351145,-0.418221072,1.324328141,0.066382445,-12.64122137,-1.435114504,-1.41221374,3,10.29770992,39.41984733,23.85827307,8.272698894,215.0038469,-1.824427481,5.511450382,2.324427481,4.884493123,2.876229979,14.66300948
3,0.290509905,0.02066476,-1.014857701,0.007844241,0.067538872,0.012344698,0.205925783,1.309076892,-1.793850228,-1.281464558,0.079366991,4.44645458,4.067138672,0.289306641,-14.20800781,0.165527344,-0.219238281,-1.328613281,0.444824219,0.514892578,-0.889892578,0.007844241,0.067538872,0.012344698,0.274902344,-0.098754883,-1.003051758,0.088567722,0.25988242,0.111106698,-2.973282443,5.119411123,10.00327154,25.18402415,8.030647373,209.2367821,-0.914880995,-0.410431369,1.279019177,-41.6259542,71.67175573,140.0458015,-0.481480834,1.436260016,-0.014839303,-12.64122137,-1.435114504,-1.41221374,3,10.29770992,38.11450382,25.18402415,8.030647373,209.2367821,-1.400763359,4.870229008,2.324427481,5.018368674,2.833839687,14.46501926
3,0.287737165,8.72E-05,-1.023385184,0.008227337,0.054267485,0.01106753,0.236833384,1.572190442,-1.979183244,-1.397760036,1.469275726,5.288002797,4.028320313,0.001220703,-14.32739258,0.165527344,-0.219238281,-1.328613281,0.444824219,0.514892578,-0.907958984,0.008227337,0.054267485,0.01106753,0.274902344,-0.098754883,-1.008911133,0.090704667,0.232953827,0.105202327,-3.131406761,5.638495093,9.374591058,25.19739462,4.474785019,180.2196525,-0.805851357,0.80900013,1.321072744,-43.83969466,78.9389313,131.2442748,-0.632731673,0.212930426,0.329886151,-12.64122137,3.076335878,-1.41221374,3,10.29770992,38.11450382,25.19739462,4.474785019,180.2196525,-1.400763359,5.511450382,2.324427481,5.01970065,2.115368767,13.42459133
3,0.268537249,0.00706264,-1.006452288,0.006892126,0.053406821,0.003949722,0.307233534,1.512528157,-0.084809554,-1.65486412,1.379326813,-0.658043645,3.759521484,0.098876953,-14.09033203,0.165527344,-0.219238281,-1.115966797,0.392333984,0.514892578,-0.907958984,0.006892126,0.053406821,0.003949722,0.255737305,-0.086303711,-1.008911133,0.083018829,0.231099157,0.062846814,-3.674482007,5.529989095,9.146673937,22.154515,4.523016987,178.0242605,-0.772812354,0.96376658,1.398201706,-51.44274809,77.41984733,128.0534351,-0.655894235,0.376390937,0.556253199,-12.64122137,3.076335878,-1.41221374,1.671755725,10.29770992,38.11450382,22.154515,4.523016987,178.0242605,-2.003816794,4.908396947,2.324427481,4.706858294,2.12673858,13.34257324
3,0.264578683,0.006766183,-1.004307338,0.007379884,0.053483178,0.003990931,0.350218032,1.51248152,-0.196773069,-1.740616063,1.376210968,-0.694998747,3.704101563,0.094726563,-14.06030273,0.165527344,-0.219238281,-1.115966797,0.392333984,0.514892578,-0.907958984,0.007379884,0.053483178,0.003990931,0.239990234,-0.086303711,-1.003051758,0.085906253,0.231264304,0.063173815,-3.85387132,5.521264995,9.161941112,20.53937916,4.547667821,177.7546151,-0.852480663,0.96438083,1.399006327,-53.95419847,77.29770992,128.2671756,-0.552551016,0.35876118,0.559032018,-12.64122137,3.076335878,-1.41221374,1.145038168,10.29770992,38.11450382,20.53937916,4.547667821,177.7546151,-2.003816794,4.908396947,2.324427481,4.532039183,2.132526159,13.33246471
3,0.262119838,0.007969448,-1.000959124,0.007845582,0.053238517,0.004413105,0.309344521,1.507924532,-0.181819351,-1.741780025,1.378699291,-0.946169067,3.669677734,0.111572266,-14.01342773,0.158203125,-0.219238281,-1.115966797,0.392333984,0.514892578,-0.907958984,0.007845582,0.053238517,0.004413105,0.239990234,-0.077880859,-1.003051758,0.088575288,0.230734732,0.066431202,-3.845147219,5.542529989,9.163576881,20.59593469,4.460897153,177.7247938,-0.852503286,0.98766903,1.39911541,-53.83206107,77.59541985,128.2900763,-0.557820673,0.419253379,0.559357017,-12.64122137,3.076335878,-1.41221374,1.145038168,10.29770992,38.11450382,20.59593469,4.460897153,177.7247938,-2.003816794,4.908396947,2.324427481,4.538274417,2.112083605,13.33134629
3,0.257795061,0.009416853,-1.009922573,0.006894501,0.052675978,0.003742462,0.264878335,1.524662369,-0.044785642,-1.752868995,1.417133181,-0.701133633,3.609130859,0.131835938,-14.13891602,0.158203125,-0.219238281,-1.115966797,0.382080078,0.514892578,-0.912841797,0.006894501,0.052675978,0.003742462,0.239990234,-0.077880859,-1.008911133,0.083033132,0.229512479,0.061175665,-3.829334787,5.394220284,9.146673937,20.73793088,4.878742113,178.0676864,-0.844900689,0.981182899,1.397126624,-53.61068702,75.51908397,128.0534351,-0.5683604,0.21343672,0.555125478,-12.64122137,3.076335878,-1.41221374,1.145038168,10.29770992,38.11450382,20.73793088,4.878742113,178.0676864,-2.003816794,4.580152672,2.324427481,4.553891839,2.208787476,13.34420048
3,0.251046317,0.008736747,-0.993477958,0.005725562,0.052924415,0.006089884,0.270863527,1.518204514,0.529059423,-1.6452836,1.400455665,0.565611477,3.514648438,0.122314453,-13.90869141,0.158203125,-0.219238281,-1.115966797,0.360351563,0.514892578,-0.8203125,0.005725562,0.052924415,0.006089884,0.239990234,-0.077880859,-1.003051758,0.075667443,0.230053069,0.078037708,-3.669029444,5.333151581,9.158669575,21.61071488,5.235830861,177.7968935,-0.871549723,0.829993308,1.399263653,-51.36641221,74.66412214,128.221374,-0.625327503,0.116850538,0.558663302,-12.64122137,2.221374046,-1.244274809,1.145038168,10.29770992,38.11450382,21.61071488,5.235830861,177.7968935,-1.400763359,4.580152672,2.324427481,4.64873261,2.288193799,13.33405015
3,0.253051758,0.007463728,-0.980817522,0.006171747,0.05318259,0.009301119,0.323283949,1.522957339,0.776473878,-1.585697668,1.397906626,0.221144031,3.542724609,0.104492188,-13.73144531,0.158203125,-0.219238281,-1.115966797,0.369384766,0.514892578,-0.780761719,0.006171747,0.05318259,0.009301119,0.239990234,-0.086791992,-1.003051758,0.078560466,0.230613508,0.096442308,-4.076881134,5.282988004,8.879498364,20.05929782,5.217980522,183.1695049,-0.743167052,0.910166663,1.374865467,-57.07633588,73.96183206,124.3129771,-0.672038279,0.248141313,0.49957593,-12.64122137,2.221374046,-1.870229008,1.145038168,10.29770992,38.11450382,20.05929782,5.217980522,183.1695049,-2.93129771,4.580152672,1.835877863,4.478760746,2.284289938,13.53401289
3,0.255109515,0.003365653,-0.975690569,0.006696852,0.054384352,0.009362933,0.401093735,1.510672712,0.593740969,-1.44206295,1.336931982,-0.026292053,3.571533203,0.047119141,-13.65966797,0.158203125,-0.219238281,-1.115966797,0.386962891,0.514892578,-0.780761719,0.006696852,0.054384352,0.009362933,0.239990234,-0.086791992,-0.989501953,0.081834296,0.233204529,0.096762252,-3.276444929,4.899672846,8.823336968,20.35728758,3.134843829,183.9719566,-1.000317689,0.685332574,1.3766027,-45.87022901,68.59541985,123.5267176,0.142353753,-0.028606021,0.496094616,-12.64122137,2.221374046,-1.870229008,2.099236641,8.534351145,38.11450382,20.35728758,3.134843829,183.9719566,-1.400763359,4.580152672,1.442748092,4.511905094,1.770549019,13.56362623
3,0.259765625,0.001325335,-0.982369559,0.006101984,0.054665563,0.010302041,0.384884404,1.526990597,0.614194483,-1.321117945,1.357101624,-0.306923921,3.63671875,0.018554688,-13.75317383,0.158203125,-0.219238281,-1.115966797,0.386962891,0.514892578,-0.780761719,0.006101984,0.054665563,0.010302041,0.252563477,-0.086791992,-0.995361328,0.078115199,0.233806678,0.10149897,-2.58778626,5.027262814,8.621592148,13.10635475,4.042732979,186.810126,-1.057425637,0.932198096,1.38371729,-36.22900763,70.38167939,120.7022901,1.039093851,0.277021284,0.486722421,-11.16030534,2.221374046,-1.870229008,2.099236641,9.160305344,38.11450382,13.10635475,4.042732979,186.810126,-1.400763359,4.580152672,0.919847328,3.620269983,2.010654863,13.66785009
3,0.260567801,-0.003801618,-0.978428432,0.006284782,0.057469173,0.009385445,0.401307808,1.398636104,0.75161049,-1.321514738,1.204043123,-0.155556607,3.647949219,-0.053222656,-13.69799805,0.158203125,-0.291015625,-1.091552734,0.386962891,0.514892578,-0.780761719,0.006284782,0.057469173,0.009385445,0.252563477,-0.086791992,-0.995361328,0.079276616,0.239727288,0.096878504,-2.398037077,5.322791712,8.496183206,14.20317856,4.135400291,189.2436338,-1.002696069,0.58889635,1.374030969,-33.57251908,74.51908397,118.9465649,0.735540593,-0.422966681,0.461754986,-11.16030534,2.221374046,-1.870229008,2.099236641,9.160305344,38.11450382,14.20317856,4.135400291,189.2436338,-1.251908397,4.77480916,0.919847328,3.768710464,2.033568364,13.75658511
3,0.267839704,0.002371652,-0.968209403,0.006163647,0.056069846,0.009674083,0.137883992,1.379430673,0.435664499,-1.38721724,1.239436636,-0.648019205,3.749755859,0.033203125,-13.55493164,0.158203125,-0.291015625,-1.091552734,0.386962891,0.514892578,-0.780761719,0.006163647,0.056069846,0.009674083,0.274902344,-0.077270508,-0.968017578,0.078508899,0.236790721,0.098356917,-2.672846238,5.029989095,8.599236641,14.82605781,4.234605875,187.5725706,-0.737987357,0.880918443,1.374576694,-37.41984733,70.41984733,120.389313,0.075272374,0.054405624,0.47333445,-11.16030534,2.221374046,-1.870229008,2.099236641,9.160305344,38.11450382,14.82605781,4.234605875,187.5725706,-1.919847328,4.580152672,1.400763359,3.850462025,2.057815802,13.69571359
3,0.271466936,0.003295898,-0.982578823,0.005764058,0.056245728,0.010851205,0.067864994,1.361389157,0.593264334,-1.188336802,1.180039564,-0.579098465,3.800537109,0.046142578,-13.75610352,0.158203125,-0.291015625,-1.114013672,0.386962891,0.514892578,-0.780761719,0.005764058,0.056245728,0.010851205,0.274902344,-0.077270508,-0.995361328,0.075921391,0.237161819,0.104169119,-2.788985823,4.725736096,8.599236641,16.21570921,3.234126255,187.5725706,-0.756930146,1.247373139,1.374576694,-39.04580153,66.16030534,120.389313,-0.147569811,1.952986613,0.47333445,-11.16030534,2.221374046,-1.870229008,2.099236641,9.160305344,38.11450382,16.21570921,3.234126255,187.5725706,-1.919847328,4.408396947,1.400763359,4.026873379,1.798367664,13.69571359
3,0.261457171,-0.000540597,-0.990216936,0.007103255,0.052224353,0.013151476,0.080330723,1.295388595,0.266071988,-1.318035863,0.997599212,-0.544820875,3.660400391,-0.007568359,-13.86303711,0.134277344,-0.291015625,-1.1796875,0.386962891,0.477050781,-0.780761719,0.007103255,0.052224353,0.013151476,0.259643555,-0.077270508,-0.995361328,0.084280809,0.228526483,0.114679884,-2.435114504,4.867502726,9.127044711,11.58836898,3.305550664,218.5263599,-0.374342858,0.971104207,1.436373341,-34.09160305,68.14503817,127.778626,-0.851361599,1.263391294,0.648170808,-9.099236641,2.221374046,-1.870229008,2.099236641,9.160305344,39.78625954,11.58836898,3.305550664,218.5263599,-1.919847328,4.580152672,1.400763359,3.404169352,1.818117341,14.78263711
3,0.273228237,-0.002755301,-1.011509487,0.009396322,0.050014848,0.017864804,0.187799531,1.25741452,0.049429701,-1.250356684,0.902190315,-0.435872506,3.825195313,-0.038574219,-14.16113281,0.134277344,-0.291015625,-1.252685547,0.440185547,0.461181641,-0.780761719,0.009396322,0.050014848,0.017864804,0.26574707,-0.077270508,-1.021362305,0.09693463,0.223639997,0.133659282,-2.55997819,5.128135224,9.470556161,10.84380601,4.073827315,241.6253366,-0.380644663,0.656113208,1.498428458,-35.83969466,71.79389313,132.5877863,-0.678437457,-0.202665283,0.900334643,-9.099236641,2.221374046,-1.870229008,2.099236641,9.160305344,42.92366412,10.84380601,4.073827315,241.6253366,-1.919847328,4.77480916,1.400763359,3.292993473,2.018372442,15.54430238
3,0.278320313,-0.021623884,-0.986676897,0.009017247,0.048150243,0.026617396,0.04435892,1.584831088,0.375223057,-1.099952197,1.911148086,-0.25188507,3.896484375,-0.302734375,-13.81347656,0.134277344,-0.291015625,-1.252685547,0.440185547,0.461181641,-0.661621094,0.009017247,0.048150243,0.026617396,0.282226563,-0.086791992,-1.007446289,0.094959188,0.219431637,0.163148386,-2.307524537,4.44002181,8.473282443,10.84514018,9.659546531,218.502992,-0.621271871,-1.161298667,1.837418616,-32.30534351,62.16030534,118.6259542,-0.469648062,3.270704197,2.363060969,-9.099236641,-3.801526718,-1.870229008,2.099236641,9.160305344,42.92366412,10.84514018,9.659546531,218.502992,-0.809160305,4.446564885,1.400763359,3.293196043,3.107981102,14.78184671
3,0.277204241,-0.02066476,-0.959542411,0.009280587,0.048197706,0.030796009,0.025894198,1.56739288,0.120212498,-1.133800215,1.862331677,-0.767913231,3.880859375,-0.289306641,-13.43359375,0.134277344,-0.291015625,-1.252685547,0.440185547,0.461181641,-0.661621094,0.009280587,0.048197706,0.030796009,0.282226563,-0.086791992,-0.959106445,0.096335805,0.219539759,0.175487917,-2.059432933,4.323882225,7.86695747,10.48021389,9.803783304,218.864722,-0.886472763,-1.014764195,1.971921101,-28.83206107,60.53435115,110.1374046,0.054857965,2.850132326,2.768280097,-9.099236641,-3.801526718,-1.870229008,2.099236641,9.160305344,42.92366412,10.48021389,9.803783304,218.864722,-0.809160305,4.213740458,1.400763359,3.237315846,3.131099376,14.79407726
3,0.276506696,-0.019426618,-0.960902623,0.009430974,0.047968275,0.03088608,0.021430732,1.562117069,0.145815372,-1.164502181,1.866223612,-0.779895171,3.87109375,-0.271972656,-13.45263672,0.134277344,-0.291015625,-1.252685547,0.440185547,0.461181641,-0.661621094,0.009430974,0.047968275,0.03088608,0.282226563,-0.086791992,-0.96862793,0.097113204,0.219016609,0.17574436,-2.021810251,4.346782988,7.865866957,10.59887004,9.802680625,218.8807243,-0.902942604,-1.040511819,1.971903913,-28.30534351,60.85496183,110.1221374,0.031483896,2.892639484,2.768155846,-9.099236641,-3.801526718,-1.870229008,2.099236641,9.160305344,42.92366412,10.59887004,9.802680625,218.8807243,-0.721374046,4.374045802,1.393129771,3.255590583,3.130923286,14.79461809
3,0.293334961,-0.027099609,-0.96132115,0.00910767,0.049770667,0.030852251,-0.263909322,1.562759331,0.153988688,-1.025497713,1.779695257,-0.771389137,4.106689453,-0.379394531,-13.45849609,0.134277344,-0.291015625,-1.252685547,0.440185547,0.461181641,-0.661621094,0.00910767,0.049770667,0.030852251,0.297485352,-0.096191406,-0.96862793,0.095434113,0.223093404,0.175648089,-1.842420938,4.438386041,7.805343511,11.5297352,9.809565646,219.8648434,-0.863995033,-1.140199968,1.968941231,-25.79389313,62.13740458,109.2748092,-0.165486202,3.057140741,2.756549231,-9.099236641,-3.801526718,-1.870229008,2.099236641,9.160305344,42.92366412,11.5297352,9.809565646,219.8648434,-0.633587786,4.702290076,1.393129771,3.395546377,3.132022613,14.82784014
3,0.29901995,-0.022583008,-0.954153878,0.010030968,0.048747629,0.030458003,-0.285373558,1.557879328,0.019877293,-1.228873169,1.824723588,-0.715454192,4.186279297,-0.316162109,-13.3581543,0.134277344,-0.291015625,-1.252685547,0.440185547,0.461181641,-0.661621094,0.010030968,0.048747629,0.030458003,0.297485352,-0.096191406,-0.934936523,0.100154721,0.220788652,0.174522212,-1.872410033,4.57742639,7.904580153,11.39472264,9.686037725,218.2528161,-0.861000409,-1.311022438,1.973815524,-26.21374046,64.08396947,110.6641221,-0.134639918,3.530913869,2.77556058,-9.099236641,-3.801526718,-1.870229008,2.099236641,9.160305344,42.92366412,11.39472264,9.686037725,218.2528161,-0.633587786,5,1.393129771,3.375607003,3.112239985,14.77338201
3,0.30746024,-0.020996094,-0.956630162,0.01082066,0.04829514,0.029830003,-0.442282742,1.564332774,0.045920606,-1.327719976,1.858572525,-0.611670507,4.304443359,-0.293945313,-13.39282227,0.134277344,-0.291015625,-1.252685547,0.440185547,0.461181641,-0.661621094,0.01082066,0.04829514,0.029830003,0.338378906,-0.096191406,-0.934936523,0.104022403,0.219761553,0.172713644,-2.01308615,4.822246456,8.163031625,11.13451725,9.28279622,214.0951317,-0.757193354,-1.633858005,1.986853107,-28.18320611,67.51145038,114.2824427,-0.16023838,4.797801333,2.824425864,-9.099236641,-3.801526718,-1.870229008,2.099236641,9.160305344,42.92366412,11.13451725,9.28279622,214.0951317,-0.896946565,5.06870229,1.782442748,3.336842407,3.04676816,14.63199001
3,0.304373605,-0.018729074,-0.9765625,0.01054236,0.048005887,0.027841935,-0.373804385,1.545088226,0.344862163,-1.279258936,1.837818508,-0.179020872,4.261230469,-0.262207031,-13.671875,0.134277344,-0.291015625,-1.252685547,0.440185547,0.461181641,-0.661621094,0.01054236,0.048005887,0.027841935,0.316772461,-0.086669922,-0.96862793,0.102675995,0.219102459,0.166859027,-1.844601963,4.974372955,8.501090513,10.46186664,9.705052217,208.3896187,-0.946419419,-1.656960341,2.012715057,-25.82442748,69.64122137,119.0152672,0.486869922,4.52627278,2.905739217,-9.099236641,-3.801526718,-1.328244275,2.099236641,9.160305344,42.92366412,10.46186664,9.705052217,208.3896187,-0.896946565,5.06870229,2.099236641,3.234480892,3.115293279,14.43570638
3,0.280343192,-0.015799386,-0.987949916,0.01435217,0.047238253,0.02868132,-0.406206674,1.551408675,0.532759853,-0.851143092,1.892003297,-0.207922122,3.924804688,-0.221191406,-13.83129883,0.050537109,-0.291015625,-1.252685547,0.440185547,0.461181641,-0.661621094,0.01435217,0.047238253,0.02868132,0.292114258,-0.086669922,-1.030151367,0.119800541,0.217343629,0.169355604,-2.299890949,4.613413304,8.236641221,9.496482889,11.56262731,213.1716011,-0.805317378,-1.203283833,1.985115767,-32.19847328,64.58778626,115.3129771,0.272383225,1.866858465,2.825332628,-9.099236641,-3.801526718,-1.877862595,1.732824427,9.160305344,42.92366412,9.496482889,11.56262731,213.1716011,-1.599236641,5.06870229,2.057251908,3.081636398,3.400386347,14.60039729
3,0.282366071,-0.024745396,-0.976911272,0.01419322,0.049517261,0.02793564,-0.466509842,1.536226153,0.346402358,-0.746909821,1.756159968,-0.194473236,3.953125,-0.346435547,-13.67675781,0.050537109,-0.291015625,-1.252685547,0.440185547,0.461181641,-0.661621094,0.01419322,0.049517261,0.02793564,0.292114258,-0.097900391,-0.968505859,0.119135303,0.222524743,0.167139582,-2.417121047,4.192475463,8.001635769,9.865657884,9.920895578,217.7197777,-0.66602154,-1.320237571,1.955889719,-33.83969466,58.69465649,112.0229008,-0.141104977,2.251444071,2.743685237,-9.099236641,-3.801526718,-2.511450382,1.732824427,8.190839695,42.92366412,9.865657884,9.920895578,217.7197777,-1.599236641,4.770992366,2.057251908,3.140964483,3.14974532,14.75533048
3,0.285295759,-0.017909459,-0.98172433,0.014876345,0.046251037,0.029129504,-0.444711711,1.716062857,0.372234942,-0.847750252,2.02827033,-0.369216198,3.994140625,-0.250732422,-13.74414063,0.050537109,-0.201171875,-1.252685547,0.440185547,0.461181641,-0.661621094,0.014876345,0.046251037,0.029129504,0.292114258,-0.097900391,-0.968505859,0.121968622,0.215060542,0.170673676,-2.705016358,4.500545256,7.958560523,8.585259126,13.37080692,218.6113568,-0.692930646,-0.421982537,1.949472229,-37.87022901,63.00763359,111.4198473,0.182505676,1.744969216,2.72650799,-9.099236641,-3.801526718,-2.511450382,1.732824427,11.70229008,42.92366412,8.585259126,13.37080692,218.6113568,-2.290076336,4.770992366,2.057251908,2.930061284,3.656611399,14.78551172
3,0.269269671,0.0078125,-0.989780971,0.017709984,0.053029812,0.028423519,-0.234296222,1.236032188,0.538349343,-1.368383744,0.181005976,-0.087429601,3.769775391,0.109375,-13.85693359,0.050537109,-0.201171875,-1.252685547,0.440185547,0.461181641,-0.661621094,0.017709984,0.053029812,0.028423519,0.267944336,-0.097900391,-1.000976563,0.133078863,0.230282028,0.168592761,-2.551799346,4.744274809,9.195747001,7.987775758,13.39871489,223.4707463,-0.875337425,-0.635335221,1.639080729,-35.72519084,66.41984733,128.740458,0.919075361,1.914908001,1.672187522,-9.099236641,-3.801526718,-2.511450382,1.732824427,11.70229008,42.92366412,7.987775758,13.39871489,223.4707463,-2.290076336,5.06870229,2.618320611,2.826265337,3.660425506,14.94893797
3,0.28050014,0.024850028,-0.99319894,0.018861967,0.060390621,0.029501648,-0.420072093,0.98373146,0.522474339,-1.433892707,-0.769665284,-0.214015197,3.927001953,0.347900391,-13.90478516,0.050537109,-0.201171875,-1.252685547,0.440185547,0.461181641,-0.661621094,0.018861967,0.060390621,0.029501648,0.301513672,-0.097900391,-1.000976563,0.137338878,0.245745032,0.171760437,-2.421483097,5.21046892,11.21046892,6.387786067,15.97003684,282.6288025,-0.430060341,-0.585882179,1.179320606,-33.90076336,72.94656489,156.9465649,-0.321544332,1.099144598,-0.256843945,-7.27480916,-3.801526718,-2.511450382,1.732824427,11.70229008,42.92366412,6.387786067,15.97003684,282.6288025,-2.290076336,5.358778626,2.618320611,2.527406985,3.99625285,16.81156752
3,0.293840681,0.019444057,-0.964913504,0.017152059,0.05571928,0.029341225,-0.714710076,0.943421117,0.223169464,-0.821219839,-0.882175424,-0.534873597,4.113769531,0.272216797,-13.50878906,0.050537109,-0.201171875,-1.252685547,0.440185547,0.446044922,-0.661621094,0.017152059,0.05571928,0.029341225,0.323608398,-0.097900391,-0.968505859,0.13096587,0.236049318,0.171292804,-2.387677208,4.9912759,11.09214831,6.128217188,16.25911936,275.5424192,-0.39958186,-0.396322224,1.174960207,-33.42748092,69.8778626,155.2900763,-0.265860914,0.791101545,-0.25329392,-7.27480916,-3.801526718,-2.511450382,1.732824427,11.70229008,42.92366412,6.128217188,16.25911936,275.5424192,-2.290076336,5.06870229,2.618320611,2.475523619,4.032259832,16.59947045
3,0.271868025,-0.028826032,-0.947387695,0.01698535,0.043987168,0.022778591,-0.426266098,1.260120206,0.537970928,-1.333982774,0.127151032,-0.441987817,3.806152344,-0.403564453,-13.26342773,0.050537109,-0.229736328,-1.161865234,0.412597656,0.385498047,-0.661621094,0.01698535,0.043987168,0.022778591,0.298950195,-0.098388672,-0.968505859,0.130327854,0.209731181,0.150925781,-2.166303162,4.307524537,8.979825518,7.665226417,18.09235994,193.1878778,-0.097559934,-0.109836192,1.460148242,-30.32824427,60.30534351,125.7175573,-0.410546768,0.133376362,1.08006724,-7.27480916,-3.801526718,-2.511450382,2.496183206,11.70229008,38.12977099,7.665226417,18.09235994,193.1878778,-2.290076336,4.770992366,2.618320611,2.76861453,4.253511484,13.89920421
3,0.251796177,-0.027326311,-0.982212612,0.022410041,0.043793958,0.018322797,-0.371506264,1.245559954,0.525862904,-1.430237057,0.111923087,-0.31581661,3.525146484,-0.382568359,-13.75097656,-0.004150391,-0.229736328,-1.161865234,0.412597656,0.385498047,-0.711669922,0.022410041,0.043793958,0.018322797,0.290039063,-0.097900391,-1.000976563,0.149699835,0.209270059,0.135361725,-2.648854962,4.569792803,8.168484188,9.363933427,14.47465951,195.805323,0.019860687,0.331409953,1.61810471,-37.08396947,63.97709924,114.3587786,-0.707558914,-0.10092552,1.43892627,-7.419847328,-1.381679389,-2.511450382,2.496183206,11.70229008,38.12977099,9.363933427,14.47465951,195.805323,-2.557251908,4.770992366,1.885496183,3.060054481,3.804557729,13.99304552
3,0.254725865,-0.022007533,-1.005981445,0.021953487,0.044600944,0.012381927,-0.434834694,1.136098906,0.400983111,-1.301843931,-0.182932074,-0.357865189,3.566162109,-0.308105469,-14.08374023,-0.004150391,-0.229736328,-1.161865234,0.412597656,0.385498047,-0.783691406,0.021953487,0.044600944,0.012381927,0.290039063,-0.097900391,-1.004394531,0.148167093,0.211189356,0.111274109,-2.573609597,4.899672846,8.714830971,9.689392828,14.87737273,194.6657906,-0.025529008,0.068036458,1.499267149,-36.03053435,68.59541985,122.0076336,-0.866583181,-0.358456042,1.165013293,-7.419847328,-1.381679389,-2.511450382,2.496183206,11.70229008,38.12977099,9.689392828,14.87737273,194.6657906,-2.557251908,5.06870229,1.885496183,3.112778956,3.857119745,13.95226829
3,0.2542899,-0.020839146,-1.005929129,0.022033946,0.044430298,0.012382585,-0.425884603,1.125385236,0.399310612,-1.323352239,-0.190348893,-0.359260581,3.560058594,-0.291748047,-14.08300781,-0.004150391,-0.229736328,-1.161865234,0.412597656,0.385498047,-0.783691406,0.022033946,0.044430298,0.012382585,0.290039063,-0.08972168,-1.004394531,0.148438356,0.210784957,0.111277062,-2.601417666,4.887677208,8.717011996,9.564819861,14.89040381,194.6298312,-0.009726665,0.078620627,1.499312855,-36.41984733,68.42748092,122.0381679,-0.808383687,-0.363257108,1.165407566,-7.419847328,-1.381679389,-2.511450382,2.496183206,11.70229008,38.12977099,9.564819861,14.89040381,194.6298312,-2.557251908,5.06870229,1.885496183,3.092704296,3.8588086,13.95097958
3,0.248552595,-0.016828265,-1.010166713,0.020770829,0.04322842,0.011909151,-0.401092094,1.137183553,0.525312798,-1.214039233,-0.14725733,-0.014254621,3.479736328,-0.235595703,-14.14233398,-0.004150391,-0.229736328,-1.161865234,0.412597656,0.385498047,-0.783691406,0.020770829,0.04322842,0.011909151,0.286254883,-0.08972168,-1.004394531,0.144120884,0.207914453,0.109129057,-2.760632497,4.919302072,8.787350055,8.433394209,14.9167362,193.3576747,-0.083821098,0.050121757,1.503332216,-38.64885496,68.87022901,123.0229008,-0.567313849,-0.378320344,1.182212726,-7.419847328,-1.381679389,-2.511450382,2.496183206,11.70229008,38.12977099,8.433394209,14.9167362,193.3576747,-2.557251908,5.290076336,1.885496183,2.904030683,3.862219077,13.90531102
3,0.242257254,-0.019566127,-1.012294224,0.0191179,0.043814319,0.011619399,-0.427153655,1.148678302,0.588954689,-1.090964654,-0.154713311,0.211223408,3.391601563,-0.273925781,-14.17211914,-0.004150391,-0.229736328,-1.161865234,0.412597656,0.385498047,-0.783691406,0.0191179,0.043814319,0.011619399,0.286254883,-0.099731445,-1.004394531,0.138267495,0.209318701,0.107793317,-2.844601963,4.769901854,8.575790622,8.028684066,15.18114739,197.5292341,-0.055163368,0.171972722,1.483807838,-39.82442748,66.77862595,120.0610687,-0.347546438,-0.468400978,1.122221686,-7.419847328,-1.381679389,-2.511450382,2.496183206,11.70229008,38.12977099,8.028684066,15.18114739,197.5292341,-2.557251908,4.908396947,1.885496183,2.833493262,3.896299191,14.05450939
3,0.240757533,-0.019775391,-1.023838588,0.018621242,0.043870596,0.009573639,-0.458050555,1.148625003,0.829509939,-1.077601377,-0.156460207,1.710916103,3.370605469,-0.276855469,-14.33374023,-0.004150391,-0.229736328,-1.161865234,0.412597656,0.385498047,-0.783691406,0.018621242,0.043870596,0.009573639,0.286254883,-0.099731445,-1.011962891,0.13645967,0.209453087,0.097844976,-2.717557252,4.57306434,8.429116685,8.466962209,15.35093853,199.7896319,-0.144833822,0.334246202,1.484720293,-38.04580153,64.02290076,118.0076336,-0.611479064,-0.468969158,1.103264403,-7.419847328,-1.381679389,-2.511450382,2.496183206,11.70229008,38.12977099,8.466962209,15.35093853,199.7896319,-2.557251908,3.786259542,1.236641221,2.909804497,3.918027377,14.13469603
3,0.240687779,-0.027936663,-1.021519252,0.018608477,0.045566978,0.009469233,-0.457479263,1.183530068,0.764359686,-1.07593318,-0.156571379,1.726937795,3.369628906,-0.391113281,-14.30126953,-0.004150391,-0.229736328,-1.161865234,0.412597656,0.385498047,-0.783691406,0.018608477,0.045566978,0.009469233,0.286254883,-0.124145508,-1.011962891,0.136412892,0.213464231,0.097309983,-2.724100327,4.347873501,8.155398037,8.465947897,14.76158117,204.1202692,-0.136994585,0.529268376,1.484545064,-38.13740458,60.87022901,114.1755725,-0.612434116,-0.086842649,1.06742807,-7.419847328,-1.381679389,-2.511450382,2.496183206,11.70229008,38.12977099,8.465947897,14.76158117,204.1202692,-2.603053435,3.683206107,0.961832061,2.909630199,3.842080318,14.2870665
3,0.251342773,-0.018554688,-1.008911133,0.015834072,0.04497109,0.009666945,-0.573389176,1.059789274,0.428607588,-0.462553028,-0.336605087,1.144446304,3.518798828,-0.259765625,-14.12475586,-0.004150391,-0.229736328,-1.161865234,0.412597656,0.385498047,-0.783691406,0.015834072,0.04497109,0.009666945,0.286254883,-0.10546875,-1.004394531,0.125833511,0.212063882,0.098320623,-2.708287895,4.549073064,8.439476554,8.416635023,13.39122666,199.1111125,-0.152205471,0.575203506,1.4956111,-37.91603053,63.6870229,118.1526718,-0.574845651,0.252061614,1.122265079,-7.419847328,-1.381679389,-2.511450382,2.496183206,11.70229008,38.12977099,8.416635023,13.39122666,199.1111125,-2.603053435,3.683206107,1.236641221,2.901143744,3.6594025,14.11067371
3,0.252877372,-0.017996652,-1.015781948,0.015892461,0.044755958,0.009256616,-0.611748066,1.065303443,0.668244436,-0.447777688,-0.329131204,1.769044382,3.540283203,-0.251953125,-14.22094727,-0.004150391,-0.229736328,-1.161865234,0.412597656,0.385498047,-0.783691406,0.015892461,0.044755958,0.009256616,0.29699707,-0.10546875,-1.011962891,0.126065306,0.21155604,0.096211309,-2.369683751,4.908396947,8.634678299,8.612082981,14.20672096,195.0404168,-0.448596337,0.283458082,1.518734937,-33.17557252,68.71755725,120.8854962,-0.486982937,-0.320536422,1.182356034,-7.419847328,-1.381679389,-1.954198473,2.496183206,11.70229008,38.12977099,8.612082981,14.20672096,195.0404168,-1.832061069,4.202290076,1.236641221,2.934635068,3.76918041,13.96568712
3,0.244489397,-0.020438058,-1.007446289,0.013991903,0.045771804,0.008211528,-0.708729429,1.034371706,0.648096435,-0.190357665,-0.361010065,2.592209808,3.422851563,-0.286132813,-14.10424805,-0.004150391,-0.229736328,-1.161865234,0.401123047,0.385498047,-0.783691406,0.013991903,0.045771804,0.008211528,0.287841797,-0.10546875,-1.009399414,0.118287377,0.213943461,0.090617481,-2.223555071,4.3304253,8.841330425,8.866413815,10.42597866,190.9354052,-0.577871161,0.242788144,1.540385803,-31.12977099,60.6259542,123.778626,-0.524489844,0.229674682,1.242678629,-7.419847328,-1.381679389,-1.954198473,2.496183206,10.80152672,38.12977099,8.866413815,10.42597866,190.9354052,-0.927480916,3.854961832,1.236641221,2.9776524,3.228928407,13.81793781
3,0.25667899,-0.01675851,-1.014090402,0.01183249,0.048479984,0.00874395,-1.011665272,1.044069488,0.766558738,1.167555118,-0.399257336,2.173335681,3.593505859,-0.234619141,-14.19726563,-0.004150391,-0.229736328,-1.161865234,0.401123047,0.385498047,-0.783691406,0.01183249,0.048479984,0.00874395,0.287841797,-0.10546875,-1.014038086,0.108777251,0.220181708,0.093509092,-2.137949836,4.255725191,9.014176663,8.758288824,10.17406866,195.1583139,-0.684708258,0.312787269,1.478687222,-29.93129771,59.58015267,126.1984733,-0.344776157,0.448742878,0.970761784,-7.419847328,-1.381679389,-1.954198473,2.496183206,10.80152672,38.12977099,8.758288824,10.17406866,195.1583139,-0.927480916,3.854961832,1.236641221,2.959440627,3.189681593,13.96990744
3,0.245448521,-0.00315639,-0.993722098,0.010104304,0.061410275,0.008069189,-1.155692832,1.226833921,0.777002302,1.68186517,0.233192076,1.538170075,3.436279297,-0.044189453,-13.91210938,-0.004150391,-0.229736328,-1.149169922,0.384765625,0.526611328,-0.783691406,0.010104304,0.061410275,0.008069189,0.267089844,-0.10546875,-1.009399414,0.100520168,0.247810967,0.089828665,-2.030534351,3.354416576,9.233369684,7.731376601,8.839835533,209.4865613,-0.595164055,-0.240085786,1.529610944,-28.42748092,46.96183206,129.2671756,-0.312060546,-0.192904738,1.17626361,-7.419847328,-1.816793893,-1.954198473,2.496183206,8.297709924,41.00763359,7.731376601,8.839835533,209.4865613,-0.927480916,3.29389313,1.236641221,2.780535308,2.973186091,14.47365059
3,0.249040876,-0.012869699,-1.018920898,0.010869892,0.054600124,0.005559626,-1.032639991,1.309470835,-0.045601097,1.340357696,0.823965813,0.233400067,3.486572266,-0.180175781,-14.26489258,-0.004150391,-0.229736328,-1.149169922,0.384765625,0.526611328,-0.876708984,0.010869892,0.054600124,0.005559626,0.267089844,-0.10546875,-1.014038086,0.104258776,0.233666693,0.074562896,-1.783533261,3.649400218,8.827699019,6.615883126,9.803772098,186.5422287,-0.821529625,-0.384499004,1.515230173,-24.96946565,51.09160305,123.5877863,0.795100915,-0.515963953,1.293236021,-7.419847328,-1.816793893,-1.954198473,2.496183206,8.297709924,41.00763359,6.615883126,9.803772098,186.5422287,-0.927480916,3.854961832,1.236641221,2.572135907,3.131097587,13.6580463
3,0.245779855,0.013497489,-1.020490374,0.011836844,0.05201728,0.00555491,-0.990647987,1.105493628,0.027475165,0.800600263,0.397998502,0.239217901,3.440917969,0.188964844,-14.28686523,-0.004150391,-0.229492188,-1.149169922,0.384765625,0.526611328,-0.876708984,0.011836844,0.05201728,0.00555491,0.267089844,-0.079223633,-1.021972656,0.108797263,0.228072971,0.074531266,-1.928026172,3.897491821,8.700654308,5.576263839,7.977101158,185.5304216,-1.303118611,-0.339963319,1.557735739,-26.99236641,54.5648855,121.8091603,0.995979443,0.049464552,1.426521033,-7.419847328,-1.816793893,-1.954198473,0.473282443,8.297709924,41.00763359,5.576263839,7.977101158,185.5304216,-0.927480916,3.854961832,1.236641221,2.361411408,2.824376242,13.62095524
3,0.264474051,0.034284319,-1.0042899,0.006666169,0.053997276,0.004739227,-0.585975699,0.793955655,0.04084306,0.274909482,-0.306602057,0.189530644,3.702636719,0.479980469,-14.06005859,0.086914063,-0.229492188,-1.136474609,0.384765625,0.526611328,-0.876708984,0.006666169,0.053997276,0.004739227,0.269042969,-0.034057617,-1.014038086,0.081646611,0.232373139,0.068842043,-1.663031625,4.543620502,9.566521265,3.42487534,8.217265253,182.4055724,-0.947006653,-0.398053292,1.391484861,-23.28244275,63.61068702,133.9312977,0.13944765,0.498267359,1.074199768,-5.770992366,-1.816793893,-1.954198473,0.473282443,8.916030534,41.00763359,3.42487534,8.217265253,182.4055724,-0.927480916,4.202290076,1.58778626,1.850641873,2.866577271,13.50576071
3,0.249040876,0.04813058,-0.993791853,0.012096822,0.058134408,0.005374456,-1.195040386,0.600140433,-0.178636529,1.368668902,-0.886059787,-0.223036872,3.486572266,0.673828125,-13.91308594,-0.014648438,-0.229492188,-1.136474609,0.384765625,0.526611328,-0.876708984,0.012096822,0.058134408,0.005374456,0.269042969,-0.034057617,-1.005615234,0.109985553,0.241110779,0.073310685,-1.87568157,4.046346783,10.41003272,3.331224454,8.394216441,195.5119473,-0.676086826,-0.102933251,1.123845242,-26.25954198,56.64885496,145.740458,-0.221840756,0.184160065,0.140331132,-5.770992366,-1.816793893,-1.954198473,0.473282443,8.916030534,41.00763359,3.331224454,8.394216441,195.5119473,-1.660305344,3.854961832,1.58778626,1.825164227,2.897277419,13.98255868
3,0.257027762,0.04636928,-0.98890904,0.011557443,0.058667912,0.00564552,-1.496823328,0.608044575,-0.342283612,2.376657425,-0.90592953,-0.422934357,3.598388672,0.649169922,-13.84472656,-0.014648438,-0.229492188,-1.136474609,0.384765625,0.526611328,-0.876708984,0.011557443,0.058667912,0.00564552,0.279052734,-0.046386719,-0.998657227,0.107505549,0.242214598,0.075136676,-1.878953108,4.033260632,10.35768811,3.323106123,8.389313938,196.6026084,-0.67497928,-0.087272843,1.120834977,-26.30534351,56.46564885,145.0076336,-0.213867507,0.18651239,0.127454354,-5.770992366,-1.816793893,-1.954198473,0.473282443,8.916030534,41.00763359,3.323106123,8.389313938,196.6026084,-1.660305344,3.854961832,1.530534351,1.82293887,2.896431242,14.02150521
3,0.257795061,0.043265206,-0.989571708,0.011658975,0.059981174,0.005647287,-1.493383434,0.60120411,-0.311315414,2.335448693,-0.946576834,-0.440783959,3.609130859,0.605712891,-13.85400391,-0.014648438,-0.229492188,-1.136474609,0.384765625,0.526611328,-0.876708984,0.011658975,0.059981174,0.005647287,0.279052734,-0.046386719,-1.003295898,0.107976735,0.244910542,0.075148435,-1.932933479,3.872955289,10.00981461,3.203132134,8.238704102,205.4226213,-0.645185817,0.092051048,1.069968397,-27.0610687,54.22137405,140.1374046,-0.093666582,0.325371328,0.030330159,-5.770992366,-1.816793893,-4.022900763,0.473282443,8.916030534,41.00763359,3.203132134,8.238704102,205.4226213,-1.709923664,3.438931298,1.530534351,1.789729626,2.870314286,14.33257204
3,0.261683873,0.041538783,-0.978672573,0.012418874,0.060692162,0.007936703,-1.38705518,0.599122067,0.111479873,2.004490296,-0.968711114,-0.331575356,3.663574219,0.581542969,-13.70141602,-0.014648438,-0.229492188,-1.136474609,0.384765625,0.526611328,-0.810302734,0.012418874,0.060692162,0.007936703,0.279052734,-0.046386719,-1.003295898,0.111440002,0.246357793,0.089088177,-1.910577972,4.040348964,10.03107961,3.24769875,8.308000955,204.8809821,-0.662620052,-0.098543258,1.072830064,-26.7480916,56.5648855,140.4351145,-0.140164904,0.26180668,0.036383915,-5.770992366,-1.816793893,-4.022900763,0.473282443,8.916030534,41.00763359,3.24769875,8.308000955,204.8809821,-1.709923664,3.854961832,1.530534351,1.802137273,2.88236031,14.31366417
3,0.259381975,0.042672294,-0.984392439,0.011882825,0.060252301,0.008862014,-1.485265596,0.598856404,0.136517968,2.228593914,-0.954330204,-0.717217743,3.631347656,0.597412109,-13.78149414,-0.014648438,-0.229492188,-1.136474609,0.377685547,0.526611328,-0.810302734,0.011882825,0.060252301,0.008862014,0.279052734,-0.046386719,-1.003295898,0.109008372,0.245463442,0.094138269,-2.150490731,4.270992366,10.17011996,3.216142403,8.482845719,202.2436242,-0.349103422,-0.335044939,1.073630641,-30.10687023,59.79389313,142.3816794,-0.46687502,0.208212941,0.064268185,-5.770992366,-1.816793893,-4.022900763,0.473282443,8.916030534,41.00763359,3.216142403,8.482845719,202.2436242,-2.221374046,4.110687023,2.183206107,1.793360645,2.912532527,14.22123849
3,0.257550921,0.040631975,-0.987880162,0.011670209,0.061278093,0.009354964,-1.48238439,0.584830406,0.183318451,2.29745672,-0.976357134,-0.91964084,3.605712891,0.568847656,-13.83032227,-0.014648438,-0.229492188,-1.136474609,0.377685547,0.526611328,-0.810302734,0.011670209,0.061278093,0.009354964,0.279052734,-0.046386719,-1.003295898,0.10802874,0.247544123,0.096721061,-1.838604144,4.092693566,10.31406761,4.212421341,8.99387123,199.0799878,-0.187848,-0.161716518,1.083509749,-25.74045802,57.29770992,144.3969466,-0.468347582,-0.248407243,0.101936993,-5.770992366,-1.816793893,-4.022900763,1.671755725,8.916030534,41.00763359,4.212421341,8.99387123,199.0799878,-1.709923664,3.866412214,2.183206107,2.052418413,2.998978364,14.10957079
3,0.250802176,0.040649414,-0.985717773,0.013148651,0.061277057,0.009738076,-1.232142503,0.584601965,0.155455419,0.939200524,-0.976485635,-1.07470194,3.511230469,0.569091797,-13.80004883,-0.014648438,-0.229492188,-1.136474609,0.377685547,0.526611328,-0.810302734,0.013148651,0.061277057,0.009738076,0.279052734,-0.046264648,-1.003295898,0.114667567,0.247542031,0.098681691,-1.490730643,3.810796074,10.43838604,4.24714741,10.95523552,197.0967329,-0.479017945,-0.192511571,1.078088588,-20.87022901,53.35114504,146.1374046,-0.18155025,-0.750282907,0.120052679,-5.770992366,-1.816793893,-4.022900763,1.671755725,8.916030534,41.00763359,4.24714741,10.95523552,197.0967329,-1.045801527,3.866412214,3.053435115,2.060860842,3.309869411,14.03911439
3,0.256365095,0.04234096,-0.982386998,0.013937936,0.060464545,0.009556237,-1.22752306,0.593534284,0.05058273,0.791378727,-0.956577431,-0.995449979,3.589111328,0.592773438,-13.75341797,-0.014648438,-0.229492188,-1.136474609,0.377685547,0.526611328,-0.810302734,0.013937936,0.060464545,0.009556237,0.286376953,-0.046264648,-0.990600586,0.118059036,0.245895394,0.097756008,-1.562159215,3.507633588,10.55834242,4.07396563,9.312141125,194.6584416,-0.427594975,-0.181941419,1.082993569,-21.87022901,49.10687023,147.8167939,-0.004546809,-0.328362342,0.150376218,-5.770992366,-1.816793893,-4.022900763,1.671755725,8.916030534,41.00763359,4.07396563,9.312141125,194.6584416,-1.076335878,3.832061069,3.053435115,2.018406706,3.051580103,13.95200493
3,0.252057757,0.057111468,-0.961111886,0.013837711,0.054870958,0.014560172,-1.116432628,0.603884055,0.395833815,0.621629839,-0.80542952,-0.282684017,3.528808594,0.799560547,-13.45556641,-0.014648438,-0.206054688,-1.136474609,0.377685547,0.526611328,-0.713623047,0.013837711,0.054870958,0.014560172,0.267578125,-0.004760742,-0.958740234,0.1176338,0.234245508,0.120665536,-1.98691385,3.683751363,10.78844057,5.596647394,9.785477037,190.6436816,-0.412123904,-0.316490095,1.080347421,-27.81679389,51.57251908,151.0381679,-0.364955792,-0.537397596,0.196402054,-6.41221374,-1.816793893,-4.022900763,1.671755725,8.916030534,41.00763359,5.596647394,9.785477037,190.6436816,-1.709923664,4.08778626,4.011450382,2.36572344,3.128174713,13.8073778
3,0.250854492,0.067260742,-0.965767997,0.013853823,0.062691054,0.016201195,-1.078899,0.677438572,0.227910182,0.550131775,-0.803364824,-0.357154254,3.511962891,0.941650391,-13.52075195,-0.014648438,-0.206054688,-1.159667969,0.377685547,0.526611328,-0.713623047,0.013853823,0.062691054,0.016201195,0.267578125,-0.004760742,-0.958740234,0.117702263,0.250381815,0.127283916,-2.200109051,3.859869138,11.48745911,6.316102958,10.84642375,213.5828184,-0.22542006,-0.294483459,0.955293803,-30.80152672,54.03816794,160.8244275,-0.976705854,-0.80214765,-0.458571316,-6.41221374,-1.816793893,-4.022900763,1.671755725,8.916030534,41.00763359,6.316102958,10.84642375,213.5828184,-1.763358779,4.08778626,4.011450382,2.513185818,3.29339092,14.61447291
3,0.246930804,0.059971401,-0.962053571,0.01412816,0.056223077,0.017106851,-0.944696141,0.559861151,0.194876727,0.209749931,-1.072111772,-0.614879281,3.45703125,0.839599609,-13.46875,-0.014648438,-0.206054688,-1.159667969,0.377685547,0.490966797,-0.713623047,0.01412816,0.056223077,0.017106851,0.267578125,-0.004760742,-0.958740234,0.118861935,0.237114059,0.130793163,-2.214830971,3.79825518,11.47546347,6.43236549,11.65290452,212.8221274,-0.24494338,-0.419436932,0.950679361,-31.00763359,53.17557252,160.6564885,-0.966367995,-0.540499027,-0.476386081,-6.41221374,-2.679389313,-4.022900763,1.671755725,8.916030534,40.83969466,6.43236549,11.65290452,212.8221274,-1.763358779,4.08778626,4.011450382,2.536210853,3.413635089,14.58842443
3,0.233694894,0.044241769,-0.946271624,0.013034199,0.0532655,0.014664929,-0.788102964,0.796151041,0.059854631,0.128604949,-0.560135482,-0.180234821,3.271728516,0.619384766,-13.24780273,-0.014648438,-0.206054688,-1.159667969,0.377685547,0.490966797,-0.713623047,0.013034199,0.0532655,0.014664929,0.247192383,-0.004760742,-0.926879883,0.114167415,0.230793197,0.121098841,-2.452562704,3.69738277,10.55507088,7.25430586,11.08149164,183.1014996,-0.07338257,-0.416500225,1.114688938,-34.33587786,51.76335878,147.7709924,-1.384181018,-0.372835694,0.38298435,-6.41221374,-2.679389313,-4.022900763,1.671755725,8.916030534,40.83969466,7.25430586,11.08149164,183.1014996,-2.152671756,4.08778626,4.011450382,2.693381863,3.328887448,13.53150027
3,0.248831613,0.043945313,-0.957135882,0.01145651,0.053205967,0.018260165,-1.203239031,0.801196869,-0.126820368,1.617729428,-0.547767852,-0.492925215,3.483642578,0.615234375,-13.39990234,-0.014648438,-0.206054688,-1.181396484,0.377685547,0.490966797,-0.713623047,0.01145651,0.053205967,0.018260165,0.267578125,-0.004760742,-0.926879883,0.107035086,0.230664187,0.135130176,-3.19302072,4.015812432,10.35550709,10.26396551,11.39973432,183.2217301,-0.41173182,-0.666570144,1.16495636,-44.70229008,56.22137405,144.9770992,-0.172297437,-0.249841657,0.469083349,-9.893129771,-2.679389313,-4.022900763,1.671755725,8.916030534,40.83969466,10.26396551,11.39973432,183.2217301,-3.351145038,4.721374046,4.011450382,3.203742422,3.376349259,13.53594216
3,0.230573382,0.033761161,-0.949898856,0.015780015,0.050936107,0.019535424,-0.913022825,0.975414665,-0.214544694,-0.064286634,-0.066158112,-0.771250481,3.228027344,0.47265625,-13.29858398,-0.014648438,-0.206054688,-1.181396484,0.377685547,0.490966797,-0.713623047,0.015780015,0.050936107,0.019535424,0.257202148,-0.004760742,-0.923461914,0.125618531,0.22569029,0.139769181,-2.932388222,3.112322792,10.36423119,10.92480586,13.29212865,183.2822404,-0.574851306,-0.72240915,1.162261888,-41.05343511,43.57251908,145.0992366,-0.316285516,-0.671120464,0.46220839,-9.893129771,-3.732824427,-4.022900763,1.671755725,7.801526718,40.83969466,10.92480586,13.29212865,183.2822404,-2.152671756,4.08778626,4.011450382,3.305269408,3.645837167,13.53817714
3,0.227329799,0.030430385,-0.959542411,0.01764047,0.04934747,0.019748224,-1.062446767,1.019850199,0.006633645,0.417626898,0.161426879,-0.867340879,3.182617188,0.426025391,-13.43359375,-0.060058594,-0.206054688,-1.181396484,0.377685547,0.490966797,-0.713623047,0.01764047,0.04934747,0.019748224,0.257202148,-0.004760742,-0.958740234,0.132817432,0.222142905,0.140528374,-2.748091603,3.000545256,10.21374046,11.35227013,14.06013155,179.4689838,-0.699445937,-0.645494984,1.206495827,-38.47328244,42.00763359,142.9923664,-0.361889954,-0.981170219,0.668176183,-9.893129771,-3.732824427,-4.022900763,1.671755725,7.801526718,40.83969466,11.35227013,14.06013155,179.4689838,-1.076335878,4.08778626,4.011450382,3.369313006,3.749684194,13.39660344
3,0.221697126,0.031790597,-0.963675363,0.017474922,0.048974516,0.019736814,-0.934189965,1.017607985,0.108065539,0.261950307,0.180205312,-0.854775787,3.103759766,0.445068359,-13.49145508,-0.060058594,-0.206054688,-1.181396484,0.377685547,0.490966797,-0.713623047,0.017474922,0.048974516,0.019736814,0.235839844,-0.004760742,-0.987670898,0.132192744,0.221301865,0.140487773,-2.761177754,2.997273719,10.2431843,11.29829648,14.05237822,178.8551757,-0.695571588,-0.643257359,1.209340222,-38.65648855,41.96183206,143.4045802,-0.348380713,-0.981233677,0.678913466,-9.893129771,-3.732824427,-4.022900763,1.671755725,7.801526718,40.83969466,11.29829648,14.05237822,178.8551757,-1.091603053,4.064885496,4.011450382,3.36129387,3.748650186,13.37367473
3,0.212437221,0.037214007,-0.963117327,0.01663063,0.046990135,0.019703383,-0.800368632,1.052202659,0.095006858,0.277729675,0.294743804,-0.847054806,2.974121094,0.520996094,-13.48364258,-0.060058594,-0.206054688,-1.181396484,0.377685547,0.490966797,-0.713623047,0.01663063,0.046990135,0.019703383,0.216796875,-0.004760742,-0.986694336,0.1289598,0.216772081,0.14036874,-2.758996728,3.033260632,10.5959651,11.30545301,14.0914292,169.7576568,-0.696678882,-0.673387206,1.297938278,-38.6259542,42.46564885,148.3435115,-0.34992562,-0.96250921,0.833890459,-9.893129771,-3.732824427,-1.65648855,1.671755725,7.801526718,40.83969466,11.30545301,14.0914292,169.7576568,-1.076335878,4.064885496,4.011450382,3.362358251,3.753855245,13.02910806
3,0.210205078,0.036987305,-0.972900391,0.015905921,0.047087585,0.017823311,-0.887968995,1.049259747,0.232960124,0.368134436,0.289192462,-0.350383111,2.942871094,0.517822266,-13.62060547,-0.060058594,-0.206054688,-1.181396484,0.358398438,0.490966797,-0.713623047,0.015905921,0.047087585,0.017823311,0.216796875,-0.004760742,-0.986694336,0.126118679,0.216996739,0.133503974,-2.705016358,2.923664122,10.7044711,11.56939579,13.71965055,167.0590241,-0.700994942,-0.61773065,1.325186673,-37.87022901,40.93129771,149.8625954,-0.414708178,-0.930039703,0.884163229,-9.893129771,-3.732824427,-0.13740458,1.671755725,7.801526718,40.83969466,11.56939579,13.71965055,167.0590241,-1.076335878,3.919847328,4.011450382,3.401381453,3.704004664,12.92513149
3,0.212524414,0.033778599,-0.95942034,0.01669226,0.048386662,0.016773473,-0.786525014,1.017319238,-0.020877551,0.28468656,0.214201754,-0.085896724,2.975341797,0.472900391,-13.43188477,-0.060058594,-0.206054688,-1.181396484,0.385009766,0.490966797,-0.713623047,0.01669226,0.048386662,0.016773473,0.216796875,-0.004760742,-0.966674805,0.12919853,0.219969684,0.129512444,-2.39476554,2.687022901,10.57906216,12.28627011,12.87341154,169.5582188,-0.867577073,-0.51200896,1.311073231,-33.52671756,37.61832061,148.1068702,-0.351240362,-0.837800918,0.838265948,-9.893129771,-3.732824427,-0.13740458,1.671755725,7.801526718,40.83969466,12.28627011,12.87341154,169.5582188,-0.916030534,3.778625954,4.011450382,3.505177614,3.58795367,13.02145226
3,0.21383231,0.04398019,-0.946742467,0.01696139,0.044573902,0.015835632,-0.782317926,1.104188586,-0.294894483,0.224673755,0.425950355,0.353002283,2.993652344,0.615722656,-13.25439453,-0.060058594,-0.175048828,-1.181396484,0.385009766,0.490966797,-0.713623047,0.01696139,0.044573902,0.015835632,0.216796875,-0.004760742,-0.931396484,0.130235901,0.211125322,0.125839709,-2.110687023,2.67393675,10.63631407,15.90422604,12.90636128,168.4285442,-0.197633777,-0.498773481,1.317084497,-29.54961832,37.4351145,148.9083969,0.162937899,-0.86227176,0.858811279,-9.893129771,-3.732824427,-0.13740458,5.648854962,7.801526718,40.83969466,15.90422604,12.90636128,168.4285442,-0.916030534,3.778625954,4.011450382,3.988010286,3.592542454,12.97800232
3,0.215053013,0.034005301,-0.948032924,0.016696699,0.046628525,0.015699578,-0.812654994,1.149944027,-0.268524789,0.365337363,0.375031711,0.405724097,3.010742188,0.476074219,-13.27246094,-0.060058594,-0.175048828,-1.181396484,0.385009766,0.490966797,-0.713623047,0.016696699,0.046628525,0.015699578,0.216796875,-0.04296875,-0.931396484,0.129215709,0.215936391,0.125297956,-2.111232279,2.636314068,10.42802617,15.90079217,13.24430266,172.085018,-0.197496279,-0.495321822,1.306963959,-29.55725191,36.90839695,145.9923664,0.164150564,-0.93279917,0.799956154,-9.893129771,-3.732824427,-0.13740458,5.648854962,7.801526718,40.83969466,15.90079217,13.24430266,172.085018,-0.916030534,3.778625954,3.041984733,3.987579739,3.639272271,13.11811793
3,0.221104213,0.033604213,-0.958478655,0.019077609,0.046806735,0.018083256,-0.515136738,1.143505677,-0.173719318,0.253402569,0.365568363,-0.340405917,3.095458984,0.470458984,-13.41870117,-0.060058594,-0.175292969,-1.181396484,0.443115234,0.490966797,-0.713623047,0.019077609,0.046806735,0.018083256,0.216796875,-0.04296875,-0.931396484,0.138121719,0.216348643,0.134473996,-1.968920393,2.79825518,10.37840785,16.55536,14.10573809,173.0307963,-0.266960791,-0.52176522,1.302990416,-27.5648855,39.17557252,145.2977099,-0.061016027,-1.061342586,0.783984967,-9.893129771,-3.732824427,-0.13740458,5.648854962,7.801526718,40.83969466,16.55536,14.10573809,173.0307963,-0.702290076,3.778625954,3.015267176,4.068827841,3.755760654,13.15411708
3,0.222970145,0.019321987,-0.97757394,0.01918165,0.051394654,0.013117578,-0.556053683,1.086424804,-0.569405045,0.249067914,0.18283068,-0.529272946,3.121582031,0.270507813,-13.68603516,-0.060058594,-0.22265625,-1.181396484,0.443115234,0.490966797,-0.821044922,0.01918165,0.051394654,0.013117578,0.217773438,-0.074951172,-0.964111328,0.138497833,0.22670389,0.114531996,-1.561613959,2.654307525,10.20119956,14.9799475,13.37949132,175.835016,-0.541080498,-0.487907668,1.302735734,-21.86259542,37.16030534,142.8167939,0.769305702,-0.948121733,0.747499429,-9.893129771,-3.732824427,-0.13740458,5.648854962,7.801526718,40.83969466,14.9799475,13.37949132,175.835016,-0.591603053,3.778625954,1.77480916,3.870393714,3.657798699,13.26027963
3,0.223528181,-0.026872907,-0.976004464,0.019202652,0.034343109,0.012536511,-0.568983149,1.325740964,-0.534952398,0.252530456,1.336380198,-0.520404203,3.129394531,-0.376220703,-13.6640625,-0.060058594,-0.22265625,-1.181396484,0.443115234,0.424560547,-0.821044922,0.019202652,0.034343109,0.012536511,0.221679688,-0.092041016,-0.964111328,0.138573632,0.18531894,0.111966563,-1.239367503,2.139585605,8.062159215,13.94130347,11.38226147,142.8375239,-0.824352069,-0.422455557,1.884656098,-17.35114504,29.95419847,112.870229,1.694443116,-1.064599434,3.500747227,-9.893129771,-3.732824427,-0.13740458,5.648854962,6.549618321,40.83969466,13.94130347,11.38226147,142.8375239,-0.557251908,3.290076336,1.511450382,3.733805494,3.37376073,11.95146534
3,0.215523856,-0.026436942,-0.981183733,0.020695495,0.034769667,0.011224283,-0.407359417,1.345590305,-0.684668158,-0.338266052,1.424932936,-0.375575182,3.017333984,-0.370117188,-13.73657227,-0.060058594,-0.22265625,-1.181396484,0.443115234,0.430664063,-0.821044922,0.020695495,0.034769667,0.011224283,0.221679688,-0.092041016,-0.964111328,0.14385929,0.186466263,0.105944718,-1.743729553,2.32606325,6.922028353,22.64932306,9.933583112,80.54540643,-1.304658758,-0.435590579,1.116382484,-24.41221374,32.5648855,96.90839695,1.897715326,-0.727964985,-0.398344899,-13.03816794,-3.732824427,-0.13740458,5.648854962,6.549618321,24.8778626,22.64932306,9.933583112,80.54540643,-0.557251908,3.290076336,1.511450382,4.759130494,3.151758733,8.974709267
3,0.211966378,-0.000313895,-0.982631138,0.021098625,0.047459322,0.01104893,-0.323850077,1.070222143,-0.667476841,-0.509166054,-0.138454464,-0.331023609,2.967529297,-0.004394531,-13.75683594,-0.060058594,-0.22265625,-1.181396484,0.443115234,0.430664063,-0.821044922,0.021098625,0.047459322,0.01104893,0.221679688,-0.092041016,-0.964111328,0.145253656,0.217851605,0.105113891,-2.170119956,2.021264995,8.77044711,28.73896921,9.03780198,178.7123976,-1.153388842,-0.272050838,1.92172572,-30.38167939,28.29770992,122.7862595,0.512492954,-0.515700116,3.564664875,-13.03816794,-3.732824427,-0.13740458,5.648854962,6.549618321,45.44274809,28.73896921,9.03780198,178.7123976,-0.557251908,2.114503817,1.511450382,5.360873922,3.006293728,13.36833563
3,0.204101563,-0.000575474,-0.960222517,0.020493196,0.047383901,0.008485624,-0.166243029,1.075274475,-0.785247186,-0.404547239,-0.121534583,0.22486339,2.857421875,-0.008056641,-13.44311523,-0.060058594,-0.22265625,-1.137695313,0.443115234,0.430664063,-0.821044922,0.020493196,0.047383901,0.008485624,0.196655273,-0.092041016,-0.94152832,0.143154447,0.217678435,0.092117447,-2.484732824,1.900763359,10.51090513,35.3580323,8.065793189,221.1517749,-1.224560303,-0.448007428,1.379534754,-34.78625954,26.61068702,147.1526718,0.424259836,-0.455226925,0.866593107,-14.29770992,-3.732824427,-0.13740458,5.648854962,6.320610687,45.44274809,35.3580323,8.065793189,221.1517749,-0.557251908,2.114503817,1.511450382,5.946262044,2.840034012,14.87117262
3,0.214024135,-0.00289481,-0.973545619,0.017551345,0.047101432,0.006976867,-0.163350953,1.11966843,-0.921415914,0.200063711,-0.013935251,0.197147848,2.996337891,-0.040527344,-13.62963867,-0.060058594,-0.22265625,-1.137695313,0.443115234,0.430664063,-0.867675781,0.017551345,0.047101432,0.006976867,0.196655273,-0.092041016,-0.964111328,0.13248149,0.217028644,0.083527641,-2.152671756,2.461832061,9.886586696,38.63516112,5.665025348,222.399312,-1.132392811,-0.339652191,1.508951411,-30.13740458,34.46564885,138.4122137,0.236405142,-0.824643735,1.143973816,-14.29770992,-1.778625954,-0.13740458,5.648854962,6.320610687,45.44274809,38.63516112,5.665025348,222.399312,-0.557251908,3.290076336,1.511450382,6.215718874,2.380131372,14.91305844
3,0.223493304,0.000435965,-0.960152762,0.013216704,0.048929143,0.007788265,0.50973489,1.081303321,-1.012542224,-0.681053235,-0.223369393,0.544047989,3.12890625,0.006103516,-13.44213867,0.072509766,-0.22265625,-1.137695313,0.443115234,0.430664063,-0.844970703,0.013216704,0.048929143,0.007788265,0.196655273,-0.092041016,-0.94152832,0.114963924,0.221199328,0.08825115,-2.002726281,3.020719738,8.906215921,39.49230686,5.971872076,212.3883621,-1.161459213,-0.351645857,1.81240169,-28.03816794,42.29007634,124.6870229,0.222434726,-0.297203663,2.205511002,-14.29770992,-1.778625954,-0.13740458,5.648854962,6.908396947,45.44274809,39.49230686,5.971872076,212.3883621,-0.36259542,3.778625954,1.511450382,6.284290482,2.443741409,14.57355008
3,0.223999023,-0.00012207,-0.960170201,0.013193312,0.049038197,0.007789363,0.496252906,1.084912842,-1.011718361,-0.682136657,-0.223388419,0.541770901,3.135986328,-0.001708984,-13.44238281,0.072509766,-0.22265625,-1.137695313,0.443115234,0.430664063,-0.844970703,0.013193312,0.049038197,0.007789363,0.200195313,-0.095947266,-0.94152832,0.114862142,0.221445698,0.088257367,-1.95474373,3.07742639,8.934023991,39.63526838,6.145821313,211.9110201,-1.180394149,-0.386560624,1.813994059,-27.36641221,43.08396947,125.0763359,0.242308741,-0.417840926,2.211707203,-14.29770992,-1.778625954,-0.13740458,5.648854962,6.908396947,45.44274809,39.63526838,6.145821313,211.9110201,-0.171755725,3.778625954,1.511450382,6.295654722,2.479076706,14.55716388
3,0.226231166,-3.49E-05,-0.95753697,0.013121629,0.049020032,0.007732542,0.433634389,1.08442061,-1.124973975,-0.697777535,-0.223262576,0.780516019,3.167236328,-0.000488281,-13.40551758,0.072509766,-0.22265625,-1.137695313,0.443115234,0.430664063,-0.844970703,0.013121629,0.049020032,0.007732542,0.215820313,-0.095336914,-0.94152832,0.114549678,0.22140468,0.087934876,-2.127044711,3.119411123,8.947655398,39.77873449,6.233217601,211.6782136,-1.080206235,-0.427114624,1.81475545,-29.77862595,43.67175573,125.2671756,0.045412326,-0.468917914,2.214708472,-14.29770992,-1.778625954,-0.13740458,5.648854962,6.908396947,45.44274809,39.77873449,6.233217601,211.6782136,-0.171755725,3.923664122,1.511450382,6.307038488,2.496641264,14.54916539
3,0.228969029,0.001482282,-0.952985491,0.013935409,0.048516259,0.008123258,0.437636524,1.089860155,-1.172181803,-0.84815168,-0.205167309,0.700734888,3.205566406,0.020751953,-13.34179688,0.072509766,-0.22265625,-1.137695313,0.443115234,0.430664063,-0.844970703,0.013935409,0.048516259,0.008123258,0.215820313,-0.095336914,-0.921875,0.118048332,0.220264067,0.090129117,-2.167393675,3.035441658,9.016357688,39.62397264,6.211325386,210.3999396,-1.066012181,-0.313886373,1.82102934,-30.34351145,42.49618321,126.2290076,0.037180318,-0.514043738,2.234457001,-14.29770992,-1.778625954,0.511450382,5.648854962,6.908396947,45.44274809,39.62397264,6.211325386,210.3999396,-0.450381679,3.435114504,1.511450382,6.294757552,2.492253074,14.50516941
3,0.223475865,-0.000837054,-0.959315709,0.012511672,0.04947343,0.008070355,0.474597306,1.065292407,-0.958216735,-0.457003387,-0.238090154,0.343804854,3.128662109,-0.01171875,-13.43041992,0.072509766,-0.22265625,-1.137695313,0.443115234,0.430664063,-0.844970703,0.012511672,0.04947343,0.008070355,0.215820313,-0.095336914,-0.943115234,0.111855584,0.222426234,0.089835156,-2.44002181,2.975463468,9.074700109,38.98394488,6.290920635,209.3788615,-0.948406498,-0.23105842,1.825016624,-34.16030534,41.65648855,127.0458015,-0.083858725,-0.629309427,2.248711975,-14.29770992,-1.778625954,0.824427481,5.648854962,6.908396947,45.44274809,38.98394488,6.290920635,209.3788615,-0.645038168,3.335877863,1.515267176,6.243712427,2.508170775,14.46992956
3,0.222586496,-0.004847935,-0.963989258,0.012341925,0.050237673,0.007765795,0.493404167,1.092372989,-0.858576443,-0.369910476,-0.234463646,0.375820898,3.116210938,-0.067871094,-13.49584961,0.072509766,-0.22265625,-1.137695313,0.443115234,0.430664063,-0.844970703,0.012341925,0.050237673,0.007765795,0.215820313,-0.107788086,-0.957275391,0.111094217,0.22413762,0.088123749,-2.782442748,3.295528899,9.127589967,34.65974952,6.652709216,208.5947065,-1.144538969,-0.498575572,1.825614566,-38.95419847,46.13740458,127.7862595,0.09255979,-0.592756089,2.255294843,-14.29770992,-1.778625954,0.824427481,4.58778626,6.908396947,45.44274809,34.65974952,6.652709216,208.5947065,-0.645038168,4.091603053,1.515267176,5.887253139,2.579284633,14.44280812
3,0.221051897,0.00074986,-0.959769113,0.012706323,0.049210057,0.008528858,0.470057854,1.052550599,-0.750583884,-0.443049613,-0.244101655,0.105467195,3.094726563,0.010498047,-13.43676758,0.072509766,-0.22265625,-1.137695313,0.443115234,0.430664063,-0.844970703,0.012706323,0.049210057,0.008528858,0.215820313,-0.095336914,-0.957275391,0.112722327,0.2218334,0.092351815,-2.686477644,3.380588877,9.083969466,35.53104279,5.824385858,209.392119,-1.127752117,-0.271824562,1.821815904,-37.61068702,47.32824427,127.1755725,0.03994176,-1.133831325,2.243026618,-14.29770992,-0.58778626,0.312977099,4.58778626,6.908396947,45.44274809,35.53104279,5.824385858,209.392119,-0.645038168,4.091603053,1.515267176,5.960792128,2.413376444,14.47038766
3,0.20753697,0.007864816,-0.942313058,0.00879941,0.047221002,0.006307184,0.136951418,1.048918674,-0.975995667,-0.68863237,-0.1831109,1.434807323,2.905517578,0.110107422,-13.19238281,0.072509766,-0.22265625,-1.137695313,0.384765625,0.430664063,-0.844970703,0.00879941,0.047221002,0.006307184,0.215820313,-0.085083008,-0.943115234,0.093805173,0.217303939,0.079417782,-2.666303162,2.953107961,8.939476554,35.70090885,5.675784154,212.1361268,-1.126052321,-0.003283011,1.807316849,-37.32824427,41.34351145,125.1526718,0.030268178,-1.259905241,2.199167244,-14.29770992,-0.58778626,-0.816793893,4.58778626,6.908396947,45.44274809,35.70090885,5.675784154,212.1361268,-0.645038168,3.335877863,1.515267176,5.975023753,2.382390429,14.56489364
3,0.196114676,0.022024972,-0.941144671,0.00931102,0.042997527,0.006229047,0.406428018,1.090754786,-1.037721222,-0.727378163,-0.066922951,1.64344076,2.745605469,0.308349609,-13.17602539,0.072509766,-0.207519531,-1.137695313,0.384765625,0.430664063,-0.844970703,0.00931102,0.042997527,0.006229047,0.197265625,-0.061889648,-0.943115234,0.096493625,0.20735845,0.078924314,-2.811886587,2.732824427,8.871864776,35.38418155,5.829452291,213.2540436,-1.058720187,0.259259396,1.804457714,-39.36641221,38.25954198,124.2061069,-0.04860325,-1.29526328,2.186060289,-14.29770992,-0.58778626,-0.816793893,4.58778626,6.908396947,45.44274809,35.38418155,5.829452291,213.2540436,-0.645038168,2.290076336,1.324427481,5.948460435,2.414425872,14.60322032
3,0.19846889,0.057634626,-0.931570871,0.009634609,0.047114358,0.003459283,0.342648117,0.710111374,0.158877534,-0.93254143,-1.062800808,-1.559805049,2.778564453,0.806884766,-13.04199219,0.072509766,-0.207519531,-1.007568359,0.384765625,0.430664063,-0.844970703,0.009634609,0.047114358,0.003459283,0.197265625,-0.036254883,-0.943115234,0.098156045,0.217058421,0.058815672,-3.44438386,3.525081788,10.95310796,38.0278196,10.96958828,240.0462306,-0.708127095,1.043505323,1.290847139,-48.22137405,49.35114504,153.3435115,-0.887263872,1.481206531,0.251358772,-14.29770992,-0.58778626,-0.816793893,4.58778626,11.6870229,45.44274809,38.0278196,10.96958828,240.0462306,-1.698473282,3.366412214,1.958015267,6.166670057,3.312036877,15.4934254
3,0.217790876,0.058611189,-0.94367327,0.009802254,0.047912327,0.004614339,0.11317111,0.727481152,0.016514546,-1.16903121,-1.012606447,-0.941997178,3.049072266,0.820556641,-13.21142578,0.072509766,-0.207519531,-1.066650391,0.384765625,0.444335938,-0.844970703,0.009802254,0.047912327,0.004614339,0.215820313,-0.036254883,-0.957275391,0.099006333,0.218888846,0.067928924,-3.387677208,4.552889858,12.24536532,36.90107873,17.80333506,302.1823352,-0.692779758,1.192499707,1.167782889,-47.42748092,63.74045802,171.4351145,-0.892110995,1.202476143,-0.427102785,-14.29770992,-0.58778626,-0.816793893,4.58778626,14.32061069,45.44274809,36.90107873,17.80333506,302.1823352,-1.698473282,4.240458015,1.958015267,6.07462581,4.219399846,17.38339251
3,0.234305246,0.043212891,-0.948189872,0.01071934,0.04007466,0.004823255,-0.149578403,0.814650933,0.197856531,-1.233582982,-0.472573833,-1.10855089,3.280273438,0.604980469,-13.2746582,0.072509766,-0.207519531,-1.066650391,0.384765625,0.444335938,-0.844970703,0.01071934,0.04007466,0.004823255,0.239868164,-0.036254883,-0.964355469,0.103534245,0.200186564,0.06944966,-2.370229008,4.905670665,10.43456925,33.4574079,17.15349748,218.6124483,-1.067491372,1.008673229,1.326392628,-33.18320611,68.67938931,146.0839695,0.130123106,1.017269429,0.32394273,-14.29770992,-0.58778626,-0.816793893,4.58778626,14.32061069,42.96946565,33.4574079,17.15349748,218.6124483,-0.454198473,4.610687023,1.958015267,5.784237884,4.1416781,14.78554863
3,0.220145089,0.047921317,-0.947719029,0.014916754,0.041281301,0.00490801,-0.392769256,0.729989489,0.205503532,-0.9299408,-0.72768494,-1.13108994,3.08203125,0.670898438,-13.26806641,-0.009521484,-0.207519531,-1.066650391,0.384765625,0.444335938,-0.844970703,0.014916754,0.041281301,0.00490801,0.239868164,-0.036254883,-0.964355469,0.122134164,0.203178002,0.070057192,-1.832061069,4.621592148,8.797164667,23.68664189,18.30966202,176.0543515,-0.925788494,1.072964174,1.819609639,-25.64885496,64.70229008,123.1603053,0.190008117,0.864890975,2.60962662,-12.24427481,-0.58778626,-0.816793893,4.58778626,14.32061069,42.96946565,23.68664189,18.30966202,176.0543515,-0.454198473,4.240458015,1.958015267,4.866892427,4.278979086,13.26854745
3,0.227835519,0.069859096,-0.953700474,0.014431625,0.047577371,0.006179944,-0.610152807,0.465054264,-0.094977583,-0.57986227,-1.423887786,-0.905451613,3.189697266,0.978027344,-13.35180664,-0.009521484,-0.207519531,-1.091308594,0.384765625,0.444335938,-0.844970703,0.014431625,0.047577371,0.006179944,0.251220703,-0.036254883,-0.964355469,0.120131698,0.218122375,0.078612617,-2.335332606,4.649945474,10.39040349,20.27367478,18.29041572,198.2212338,-1.036549727,1.051595655,1.327706771,-32.69465649,65.09923664,145.4656489,0.404234184,0.836329718,0.662509171,-12.24427481,-0.58778626,-0.816793893,2.671755725,14.32061069,42.96946565,20.27367478,18.29041572,198.2212338,-1.553435115,4.438931298,1.958015267,4.502629763,4.276729559,14.07910629
3,0.229980469,0.067749023,-0.95098005,0.013778448,0.046698953,0.006920642,-0.619225425,0.483235101,0.098277178,-0.421152533,-1.354652864,-0.697892437,3.219726563,0.948486328,-13.3137207,-0.009521484,-0.207519531,-1.091308594,0.384765625,0.444335938,-0.806884766,0.013778448,0.046698953,0.006920642,0.251220703,-0.036254883,-0.964355469,0.117381634,0.216099406,0.083190396,-2.85387132,4.107415485,11.76717557,19.61385482,19.77209921,215.5194089,-0.778768297,1.19802198,0.962379024,-39.95419847,57.50381679,164.740458,0.025438851,1.062229915,-0.428375913,-12.24427481,-0.687022901,-0.816793893,2.671755725,14.32061069,42.96946565,19.61385482,19.77209921,215.5194089,-2.603053435,3.484732824,1.958015267,4.428753191,4.446582869,14.68057931
3,0.225481306,0.068097796,-0.951625279,0.014296061,0.046578788,0.006980005,-0.488153422,0.482789441,0.116303844,-0.743668292,-1.350584409,-0.739481199,3.156738281,0.953369141,-13.32275391,-0.009521484,-0.207519531,-1.091308594,0.384765625,0.444335938,-0.806884766,0.014296061,0.046578788,0.006980005,0.251220703,-0.036254883,-0.964355469,0.119566138,0.215821193,0.083546425,-2.896401309,4.053980371,11.73118866,19.40152954,19.72428059,216.3608646,-0.767741012,1.244039589,0.960292544,-40.54961832,56.75572519,164.2366412,0.059665091,1.166187255,-0.435332321,-12.24427481,-0.687022901,-0.816793893,2.671755725,14.32061069,42.96946565,19.40152954,19.72428059,216.3608646,-2.603053435,3.366412214,1.958015267,4.404716737,4.441202606,14.70921019
3,0.238839286,0.062935965,-0.951886858,0.016804195,0.048778343,0.006980295,-0.474121887,0.458990987,0.127252125,-0.900251533,-1.393228615,-0.737659076,3.34375,0.881103516,-13.32641602,-0.009521484,-0.207519531,-1.091308594,0.412841797,0.444335938,-0.806884766,0.016804195,0.048778343,0.006980295,0.26574707,-0.036254883,-0.964355469,0.129630994,0.220858197,0.08354816,-2.581243184,3.965103599,11.608506,20.2916708,19.77652113,219.3789445,-0.913957796,1.308197552,0.950734728,-36.13740458,55.51145038,162.519084,0.081099113,1.278805863,-0.459492233,-12.24427481,-0.687022901,-0.816793893,2.671755725,14.32061069,42.96946565,20.2916708,19.77652113,219.3789445,-1.65648855,2.86259542,1.958015267,4.50462771,4.447080068,14.8114464
3,0.244419643,0.060076032,-0.964128767,0.018994082,0.050160293,0.007276411,-0.257285894,0.435808112,0.421220603,-0.797102099,-1.407084023,-0.642512494,3.421875,0.841064453,-13.49780273,-0.009521484,-0.207519531,-1.091308594,0.462890625,0.444335938,-0.806884766,0.018994082,0.050160293,0.007276411,0.26574707,-0.036254883,-0.98059082,0.137819021,0.223964937,0.085301881,-2.678844057,4.29389313,11.65703381,20.01881246,20.33081047,218.2847464,-0.863393612,1.035357631,0.952585357,-37.50381679,60.11450382,163.1984733,0.077242118,0.572821716,-0.45063703,-12.24427481,-0.687022901,-0.816793893,2.671755725,14.32061069,42.96946565,20.01881246,20.33081047,218.2847464,-2.236641221,3.618320611,2.045801527,4.474238758,4.508970001,14.77446264
3,0.251499721,0.07496861,-0.967267718,0.020667038,0.044681856,0.007633764,-0.276662978,0.451451615,0.462392314,-1.022195835,-1.308147113,-0.787449468,3.520996094,1.049560547,-13.54174805,-0.009521484,-0.182861328,-1.091308594,0.462890625,0.444335938,-0.806884766,0.020667038,0.044681856,0.007633764,0.26574707,-0.01171875,-0.981567383,0.14376035,0.211380832,0.087371412,-2.859323882,4.754634678,11.88604144,20.64715356,20.99608555,213.9243227,-0.710164099,0.710567563,0.948293385,-40.03053435,66.5648855,166.4045802,-0.304200491,-0.116510232,-0.417901593,-12.24427481,-0.687022901,-0.816793893,2.671755725,14.32061069,42.96946565,20.64715356,20.99608555,213.9243227,-2.236641221,4.320610687,3.561068702,4.543913903,4.582148574,14.62615201
3,0.237252372,0.070050921,-0.971557617,0.021854228,0.047079008,0.007862245,-0.005983111,0.401065301,0.588137161,-1.299267517,-1.328636634,-0.808731779,3.321533203,0.980712891,-13.60180664,-0.009521484,-0.188232422,-1.091308594,0.462890625,0.444335938,-0.806884766,0.021854228,0.047079008,0.007862245,0.251220703,-0.01171875,-0.998779297,0.147831756,0.216976976,0.088669299,-2.842420938,4.507633588,11.66248637,20.78637705,21.24047595,219.1011388,-0.706139201,0.873403671,0.936875954,-39.79389313,63.10687023,163.2748092,-0.322162295,0.033450119,-0.460981679,-12.24427481,-0.687022901,-0.816793893,2.671755725,14.32061069,42.96946565,20.78637705,21.24047595,219.1011388,-2.236641221,3.618320611,3.019083969,4.559207941,4.608739084,14.80206536
3,0.249825614,0.057512556,-0.992797852,0.020373009,0.05247059,0.008543553,-0.235542478,0.355831206,0.525699638,-0.978650232,-1.418775193,0.034874655,3.497558594,0.805175781,-13.89916992,-0.009521484,-0.223632813,-1.145751953,0.462890625,0.444335938,-0.806884766,0.020373009,0.05247059,0.008543553,0.265380859,-0.01171875,-1.001342773,0.14273405,0.229064597,0.092431343,-2.893129771,5.028353326,11.48909487,20.27681729,19.32179341,223.7606152,-0.738666831,0.7409285,0.917422948,-40.50381679,70.39694656,160.8473282,-0.274606957,0.014702273,-0.496057835,-12.24427481,-0.687022901,-2.114503817,2.671755725,14.32061069,42.96946565,20.27681729,19.32179341,223.7606152,-2.236641221,4.320610687,3.019083969,4.502978713,4.395656198,14.95863012
3,0.240234375,0.048967634,-0.99546596,0.021576597,0.055944211,0.008040627,-0.049721929,0.356135251,0.574740868,-1.271973783,-1.505050067,0.430176002,3.36328125,0.685546875,-13.93652344,-0.009521484,-0.223632813,-1.145751953,0.462890625,0.444335938,-0.806884766,0.021576597,0.055944211,0.008040627,0.262695313,-0.01171875,-1.001342773,0.146889745,0.236525286,0.089669545,-3.062159215,4.924754635,11.4389313,19.12328811,20.51910958,225.1254298,-0.747156805,0.633049254,0.911824726,-42.87022901,68.94656489,160.1450382,-0.109763057,-0.075205245,-0.506204968,-12.24427481,-1.114503817,-2.114503817,2.671755725,14.32061069,42.96946565,19.12328811,20.51910958,225.1254298,-2.236641221,4.320610687,3.019083969,4.373018192,4.529802378,15.00418041
3,0.250488281,0.078194754,-0.996407645,0.019975195,0.063283924,0.007990438,-0.224558727,0.103081254,0.614037048,-0.920009688,-1.822295842,0.51667168,3.506835938,1.094726563,-13.94970703,-0.009521484,-0.223632813,-1.145751953,0.462890625,0.444335938,-0.806884766,0.019975195,0.063283924,0.007990438,0.262695313,0.090209961,-1.001342773,0.141333629,0.251562963,0.089389247,-3.627589967,5.209923664,13.59869138,23.2167677,19.23291856,240.7332791,-0.49824634,0.535125674,0.542935891,-50.78625954,72.9389313,190.3816794,-1.001954768,0.134757553,-1.241248185,-12.24427481,-1.114503817,-2.114503817,2.671755725,14.32061069,42.96946565,23.2167677,19.23291856,240.7332791,-2.236641221,4.744274809,7.377862595,4.81837812,4.385535151,15.51558182
3,0.25113351,0.077514648,-1.000435965,0.020018684,0.062902833,0.008280563,-0.2389245,0.102540298,0.706430944,-0.926586436,-1.816983203,0.397823989,3.515869141,1.085205078,-14.00610352,-0.009521484,-0.223632813,-1.145751953,0.462890625,0.444335938,-0.806884766,0.020018684,0.062902833,0.008280563,0.262695313,0.090209961,-1.01159668,0.141487399,0.250804373,0.0909976,-2.960741549,4.839694656,14.40676118,21.01338775,15.98694715,279.2178995,-0.864511535,0.652734056,0.603161698,-41.45038168,67.75572519,201.6946565,-0.180850799,1.319391261,-1.227941998,-12.24427481,-1.114503817,-2.114503817,2.671755725,14.32061069,42.96946565,21.01338775,15.98694715,279.2178995,-1.503816794,4.744274809,7.377862595,4.584036186,3.998368061,16.70981447
3,0.246948242,0.047014509,-0.996198382,0.019396019,0.051829005,0.007927617,-0.173178933,0.231956262,0.624285117,-0.80077122,-1.686348562,0.562530385,3.457275391,0.658203125,-13.94677734,-0.009521484,-0.223632813,-1.145751953,0.462890625,0.384765625,-0.806884766,0.019396019,0.051829005,0.007927617,0.262695313,0.009155273,-1.003173828,0.139269589,0.227659846,0.089037166,-2.04089422,4.503816794,12.60087241,14.46642976,10.70757039,213.7774957,-0.996981717,-0.351883362,0.666961979,-28.57251908,63.05343511,176.4122137,0.386762806,-0.70299948,-0.862006866,-10.66412214,-1.114503817,-2.114503817,2.671755725,9.618320611,41.77099237,14.46642976,10.70757039,213.7774957,-0.923664122,4.744274809,7.377862595,3.80347601,3.272242409,14.62113182
3,0.235351563,0.019810268,-1.003766741,0.018269411,0.054430493,0.008775589,0.045410371,0.500865542,0.678928367,-0.539502918,-1.554284473,0.211985998,3.294921875,0.27734375,-14.05273438,-0.009521484,-0.223632813,-1.145751953,0.462890625,0.384765625,-0.806884766,0.018269411,0.054430493,0.008775589,0.246582031,-0.044311523,-1.01574707,0.135164383,0.233303435,0.093678115,-2.425299891,4.394220284,11.61123228,12.63333613,10.44146259,211.5221855,-1.051326364,-0.263148285,0.896431154,-33.95419847,61.51908397,162.5572519,0.592511894,-0.613531419,-0.513785965,-10.66412214,-1.114503817,-2.114503817,1.442748092,9.618320611,41.77099237,12.63333613,10.44146259,211.5221855,-1.503816794,4.664122137,5.385496183,3.554340463,3.231325207,14.54380231
3,0.240443638,-0.002406529,-1.000540597,0.015946763,0.052837499,0.009912749,0.335740884,0.804124625,0.790680071,-0.890521446,-1.109571804,0.220269426,3.366210938,-0.033691406,-14.00756836,0.061767578,-0.223632813,-1.145751953,0.462890625,0.384765625,-0.806884766,0.015946763,0.052837499,0.009912749,0.246582031,-0.1015625,-1.01574707,0.126280493,0.229864088,0.09956279,-1.4912759,4.636314068,11.07197383,16.1198837,9.432430485,217.2076732,-0.521049615,-0.449178318,0.969639296,-20.8778626,64.90839695,155.0076336,1.600765358,0.039175701,-0.488389581,-10.66412214,-1.114503817,-2.114503817,6.312977099,9.618320611,41.77099237,16.1198837,9.432430485,217.2076732,-0.923664122,4.664122137,3.603053435,4.014957497,3.071226219,14.73796706
3,0.237008231,-0.019478934,-1.008457729,0.016052119,0.044117581,0.012338085,0.424520599,0.943141689,0.331690924,-0.872141266,-0.48255013,0.134525798,3.318115234,-0.272705078,-14.1184082,0.061767578,-0.223632813,-1.202148438,0.462890625,0.384765625,-0.806884766,0.016052119,0.044117581,0.012338085,0.224853516,-0.1015625,-1.01574707,0.126696959,0.210041855,0.111076931,-1.398037077,4.655398037,10.45747001,16.04744978,9.432710638,201.1400041,-0.60474501,-0.470891133,1.121179181,-19.57251908,65.17557252,146.4045802,1.721196169,0.054536986,0.120435318,-10.66412214,-1.114503817,-2.114503817,6.312977099,9.618320611,41.77099237,16.04744978,9.432710638,201.1400041,-0.923664122,4.797709924,3.603053435,4.005926832,3.071271827,14.18238358
3,0.238752093,-0.020071847,-1.019478934,0.015589627,0.043781796,0.009253687,0.445309213,0.947100884,0.098488175,-0.819932176,-0.454691598,0.810037325,3.342529297,-0.281005859,-14.27270508,0.061767578,-0.223632813,-1.202148438,0.462890625,0.384765625,-0.815917969,0.015589627,0.043781796,0.009253687,0.224853516,-0.1015625,-1.01574707,0.124858426,0.209240999,0.096196086,-1.007633588,4.983097056,10.74645583,14.61971465,7.165372097,212.3254354,-0.929185585,-0.430587278,1.08034966,-14.10687023,69.76335878,150.4503817,3.095443722,1.113031466,-0.142165348,-10.66412214,-1.114503817,-2.114503817,6.312977099,9.618320611,41.77099237,14.61971465,7.165372097,212.3254354,-0.511450382,4.797709924,3.603053435,3.823573544,2.676821267,14.57139099
3,0.241210938,-0.020595006,-1.019130162,0.015166228,0.043863971,0.009271123,0.425433104,0.952032634,0.086340872,-0.736483615,-0.453723033,0.791088279,3.376953125,-0.288330078,-14.26782227,0.061767578,-0.223632813,-1.202148438,0.462890625,0.384765625,-0.815917969,0.015166228,0.043863971,0.009271123,0.224853516,-0.105224609,-1.01574707,0.123151239,0.209437273,0.096286671,-1.02780807,4.981461287,10.75572519,14.61877878,7.168442885,212.1248896,-0.910816063,-0.428416798,1.080794603,-14.38931298,69.74045802,150.5801527,3.069851777,1.107501698,-0.140353123,-10.66412214,-1.114503817,-2.114503817,6.312977099,9.618320611,41.77099237,14.61877878,7.168442885,212.1248896,-0.580152672,4.797709924,3.603053435,3.823451161,2.677394794,14.56450787
3,0.223475865,-0.01461356,-1.023367746,0.013013625,0.042459936,0.008929,0.751230473,0.928468978,0.219192931,0.178728544,-0.412361159,1.159813904,3.128662109,-0.204589844,-14.32714844,0.061767578,-0.223632813,-1.202148438,0.462890625,0.384765625,-0.815917969,0.013013625,0.042459936,0.008929,0.202758789,-0.090820313,-1.018798828,0.114077277,0.206058089,0.094493385,-0.965648855,5.001635769,10.86804798,14.91471942,7.093016622,209.5516886,-0.919486367,-0.449766781,1.089256861,-13.51908397,70.02290076,152.1526718,2.898955007,1.21712038,-0.11646438,-10.66412214,-1.114503817,-2.114503817,6.312977099,9.618320611,41.77099237,14.91471942,7.093016622,209.5516886,-0.580152672,4.797709924,3.603053435,3.861957978,2.663271789,14.47590027
3,0.215820313,-0.012834821,-1.017490932,0.009886448,0.041859652,0.009012989,0.362833398,0.937124815,0.016155828,-0.511243929,-0.38495954,1.033458115,3.021484375,-0.1796875,-14.24487305,0.061767578,-0.223632813,-1.202148438,0.407226563,0.384765625,-0.815917969,0.009886448,0.041859652,0.009012989,0.202758789,-0.090820313,-1.010375977,0.09943062,0.204596314,0.094936763,-0.856052345,4.836423119,10.79989095,14.83511233,6.687988545,210.9913908,-1.024522107,-0.323484878,1.086425138,-11.98473282,67.70992366,151.1984733,3.122121588,1.631083672,-0.129498578,-10.66412214,-1.114503817,-2.114503817,6.312977099,9.618320611,41.77099237,14.83511233,6.687988545,210.9913908,-0.324427481,4.797709924,3.603053435,3.851637616,2.586114565,14.5255427
3,0.212751116,-0.02355957,-1.004446847,0.008753022,0.0431509,0.010747856,0.140346296,1.050853446,-0.102172174,-0.946727378,-0.295515627,0.192182602,2.978515625,-0.329833984,-14.06225586,0.061767578,-0.223632813,-1.202148438,0.364257813,0.384765625,-0.815917969,0.008753022,0.0431509,0.010747856,0.202758789,-0.105224609,-1.000488281,0.093557587,0.207727946,0.103671868,-0.420392585,4.251908397,10.42966194,12.99500625,6.95982393,217.9066078,-1.459681149,-0.216174027,1.087918212,-5.885496183,59.52671756,146.0152672,5.675841962,1.192416177,-0.178190943,-10.66412214,-1.114503817,-2.114503817,6.312977099,9.618320611,41.77099237,12.99500625,6.95982393,217.9066078,-0.164122137,4.530534351,1.816793893,3.6048587,2.638147822,14.76166006
3,0.228445871,-0.022478376,-1.004516602,0.0085915,0.042783787,0.010750887,-0.154839446,1.057487722,-0.099870728,-0.914935765,-0.280555528,0.18957195,3.198242188,-0.314697266,-14.06323242,0.061767578,-0.223632813,-1.202148438,0.364257813,0.384765625,-0.815917969,0.0085915,0.042783787,0.010750887,0.224853516,-0.105224609,-1.000488281,0.092690344,0.206842421,0.103686487,-0.450926936,4.296074155,10.58615049,12.90862075,6.815033897,214.5514308,-1.448832466,-0.26096773,1.094525322,-6.312977099,60.14503817,148.2061069,5.732967733,1.406982149,-0.150330498,-10.66412214,-1.114503817,-2.114503817,6.312977099,9.618320611,41.77099237,12.90862075,6.815033897,214.5514308,-0.164122137,4.530534351,2.160305344,3.592856906,2.610561989,14.64757423
3,0.227905273,-0.010027204,-0.989972796,0.008539225,0.03955969,0.009287985,-0.140942488,1.062565971,-0.350083663,-0.888373773,-0.204822912,1.086112508,3.190673828,-0.140380859,-13.85961914,0.061767578,-0.201416016,-1.202148438,0.364257813,0.384765625,-0.815917969,0.008539225,0.03955969,0.009287985,0.224853516,-0.090820313,-0.985717773,0.092407927,0.198896178,0.096374193,-0.603053435,3.808615049,10.82333697,12.61213933,7.615348436,208.8507381,-1.36382671,-0.02355832,1.118570379,-8.442748092,53.32061069,151.5267176,5.842303904,0.773067084,-0.100098835,-10.66412214,-1.114503817,-1.519083969,6.312977099,9.618320611,41.77099237,12.61213933,7.615348436,208.8507381,-0.324427481,4.187022901,2.160305344,3.551357393,2.759592078,14.45166904
3,0.241193499,-0.007097517,-0.987339565,0.007912347,0.038510684,0.009751896,-0.463251598,1.093898091,-0.346393428,-0.435603544,-0.156746642,0.786387214,3.376708984,-0.099365234,-13.82275391,0.061767578,-0.201416016,-1.202148438,0.364257813,0.384765625,-0.815917969,0.007912347,0.038510684,0.009751896,0.256958008,-0.090820313,-0.985717773,0.088951372,0.196241393,0.09875169,-0.466739368,4.044165758,10.92420938,12.75797858,5.894431278,206.311632,-1.467131117,0.346031657,1.132097285,-6.534351145,56.61832061,152.9389313,5.917673382,1.542886508,-0.076975712,-10.66412214,-0.122137405,-0.648854962,6.312977099,9.618320611,41.77099237,12.75797858,5.894431278,206.311632,-0.164122137,4.187022901,2.160305344,3.571831264,2.427844986,14.36355221
3,0.252249581,-0.040998186,-0.987409319,0.009705472,0.025987657,0.009750529,-0.363802752,1.419886296,-0.344016344,-0.661269574,1.188403854,0.786351304,3.531494141,-0.573974609,-13.82373047,0.061767578,-0.201416016,-1.202148438,0.399414063,0.333251953,-0.815917969,0.009705472,0.025987657,0.009750529,0.277954102,-0.093383789,-0.986206055,0.098516353,0.161206876,0.098744765,0.471101418,4.251363141,8.787350055,4.47325939,6.908396626,177.8749657,1.569650562,0.269096572,1.638224888,6.595419847,59.51908397,123.0229008,4.118590103,0.450988807,1.8172619,-2.709923664,-0.122137405,-0.648854962,6.312977099,9.618320611,41.77099237,4.47325939,6.908396626,177.8749657,0.145038168,4.187022901,1.427480916,2.11500813,2.628382892,13.33697738
3,0.252859933,-0.034441267,-1.003574916,0.009755872,0.031874945,0.015938618,-0.379035602,1.686347012,-0.888496399,-0.679059282,2.47079673,0.948427667,3.540039063,-0.482177734,-14.05004883,0.061767578,-0.201416016,-1.286376953,0.399414063,0.425048828,-0.815917969,0.009755872,0.031874945,0.015938618,0.279052734,-0.093383789,-0.986206055,0.098771818,0.178535557,0.126248238,0.458560523,4.478735005,7.833696838,4.492516254,8.735248785,122.8581908,1.577697579,0.4379813,1.289726806,6.419847328,62.70229008,109.6717557,4.10269153,-0.037989267,0.162464953,-2.709923664,-0.122137405,-0.648854962,6.312977099,9.687022901,30.59541985,4.492516254,8.735248785,122.8581908,0.141221374,4.187022901,1.427480916,2.119555674,2.955545429,11.08414141
3,0.250244141,0.00769043,-1.000610352,0.009649075,0.061424418,0.016037719,-0.296521678,1.58553934,-0.959842423,-0.660717814,1.608089159,1.007716655,3.503417969,0.107666016,-14.00854492,0.061767578,-0.201416016,-1.286376953,0.399414063,0.607177734,-0.815917969,0.009649075,0.061424418,0.016037719,0.260742188,-0.093383789,-0.975708008,0.098229705,0.247839501,0.126640115,-0.214285714,4.715376227,9.676663032,10.5769743,12.13882487,209.5219716,-0.889420639,1.022617784,1.44384707,-3,66.01526718,135.4732824,4.167260666,1.365344425,0.856629935,-8.786259542,-0.122137405,-0.648854962,6.312977099,12.93129771,43.48854962,10.5769743,12.13882487,209.5219716,-0.251908397,4.187022901,1.427480916,3.252226054,3.48408164,14.4748738
3,0.25340053,0.03086635,-0.990199498,0.009481499,0.058506101,0.01521479,-0.408958201,1.436896295,-1.2771666,-0.490698968,1.264476896,2.005110158,3.547607422,0.432128906,-13.86279297,0.061767578,-0.173095703,-1.286376953,0.399414063,0.607177734,-0.815917969,0.009481499,0.058506101,0.01521479,0.260742188,-0.087280273,-0.969238281,0.097372987,0.241880344,0.123348248,-0.547437296,4.808615049,10.21428571,13.92159708,12.27936748,209.5851099,-0.882851833,0.917671327,1.316376446,-7.664122137,67.32061069,143,1.910196584,1.110017366,0.574373045,-8.786259542,-0.122137405,-0.648854962,6.312977099,12.93129771,43.48854962,13.92159708,12.27936748,209.5851099,-0.251908397,4.187022901,1.427480916,3.731165646,3.504192842,14.4770546
3,0.239257813,0.048270089,-0.993477958,0.018119106,0.057334042,0.014134613,-1.703171197,1.252379244,-1.499488373,4.083101234,0.915788416,2.301249302,3.349609375,0.67578125,-13.90869141,-0.136230469,-0.173095703,-1.286376953,0.399414063,0.607177734,-0.857910156,0.018119106,0.057334042,0.014134613,0.260742188,-0.067016602,-0.969238281,0.134607228,0.239445279,0.118889077,-1.436205016,4.772082879,10.48146129,11.84763177,12.34005421,206.2440817,-1.292572736,0.945260857,1.294706209,-20.10687023,66.80916031,146.740458,0.550804701,1.114922843,0.575185477,-8.786259542,-0.122137405,-0.648854962,2.465648855,12.93129771,43.48854962,11.84763177,12.34005421,206.2440817,-0.408396947,4,1.427480916,3.442038897,3.51284133,14.36120057
3,0.214163644,0.046962193,-0.971697126,0.029033241,0.057193422,0.010987011,-1.396395525,1.275257433,-2.149002715,1.278802054,0.976624414,6.509892499,2.998291016,0.657470703,-13.60375977,-0.150878906,-0.173095703,-1.286376953,0.399414063,0.607177734,-0.857910156,0.029033241,0.057193422,0.010987011,0.260742188,-0.067016602,-0.963500977,0.170391434,0.239151463,0.104818944,-1.470556161,4.671210469,9.836968375,11.84317399,12.47942754,200.7853819,-1.258432303,1.023877437,1.490250687,-20.58778626,65.39694656,137.7175573,0.48463945,1.159533735,1.155326142,-8.786259542,-0.122137405,-0.648854962,2.465648855,12.93129771,43.48854962,11.84317399,12.47942754,200.7853819,-0.408396947,3.832061069,1.427480916,3.441391287,3.532623323,14.16987586
3,0.212506975,0.030325753,-0.980712891,0.02938285,0.054186566,0.011920791,-1.349879336,1.582578624,-1.71867774,1.098501536,2.037664912,4.266865147,2.975097656,0.424560547,-13.72998047,-0.150878906,-0.173095703,-1.286376953,0.399414063,0.607177734,-0.857910156,0.02938285,0.054186566,0.011920791,0.260742188,-0.067016602,-0.969238281,0.171414264,0.23278008,0.109182377,-1.659214831,4.861504907,8.202835333,11.81215553,12.67061591,165.10793,-1.081249679,0.827911852,2.067415169,-23.22900763,68.0610687,114.8396947,0.155159736,0.750588914,3.993659139,-8.786259542,-0.122137405,-0.648854962,2.465648855,12.93129771,43.48854962,11.81215553,12.67061591,165.10793,-0.583969466,3.93129771,1.427480916,3.436881658,3.559580861,12.84943306
3,0.212175642,0.030674526,-0.980765206,0.02940955,0.054092679,0.011922288,-1.341629363,1.583079998,-1.716704058,1.075502174,2.043530037,4.260347356,2.970458984,0.429443359,-13.73071289,-0.150878906,-0.173095703,-1.286376953,0.399414063,0.607177734,-0.857910156,0.02940955,0.054092679,0.011922288,0.260742188,-0.067016602,-0.969238281,0.171492129,0.232578328,0.109189229,-1.622682661,4.870774264,8.220283533,11.87189839,12.65660029,164.832898,-1.108100573,0.820546636,2.069495751,-22.71755725,68.19083969,115.0839695,0.17897891,0.748901651,4.002747743,-8.786259542,-0.122137405,-0.648854962,2.465648855,12.93129771,43.48854962,11.87189839,12.65660029,164.832898,-0.553435115,3.996183206,1.427480916,3.44556213,3.557611599,12.83872649
3,0.213867188,0.029663086,-0.978969029,0.029276096,0.054358379,0.011841094,-1.383726904,1.582153942,-1.789772068,1.193423209,2.027727186,4.529378695,2.994140625,0.415283203,-13.70556641,-0.150878906,-0.173095703,-1.286376953,0.399414063,0.607177734,-0.857910156,0.029276096,0.054358379,0.011841094,0.260742188,-0.069580078,-0.969238281,0.171102589,0.233148835,0.108816791,-1.759541985,4.943293348,8.22519084,11.16976104,12.50002209,164.7565163,-1.148988187,0.770516498,2.070053411,-24.63358779,69.20610687,115.1526718,0.318544068,0.770724828,4.005236824,-8.786259542,-0.122137405,-0.648854962,2.465648855,12.93129771,43.48854962,11.16976104,12.50002209,164.7565163,-0.553435115,4.320610687,1.427480916,3.342119244,3.53553703,12.83575149
3,0.218418666,0.029296875,-0.977678571,0.030956659,0.054508246,0.011881954,-1.26704861,1.57719986,-1.820998513,1.010390576,2.014783151,4.588466074,3.057861328,0.41015625,-13.6875,-0.150878906,-0.173095703,-1.286376953,0.419433594,0.607177734,-0.857910156,0.030956659,0.054508246,0.011881954,0.260742188,-0.069580078,-0.962524414,0.175945045,0.233470011,0.109004376,-1.661941112,5.060523446,8.274263904,11.57191331,12.681684,163.9789546,-1.15264327,0.646877063,2.076120805,-23.26717557,70.84732824,115.8396947,0.249282499,0.518021343,4.031345625,-8.786259542,-0.122137405,-0.648854962,2.465648855,12.93129771,43.48854962,11.57191331,12.681684,163.9789546,-0.480916031,4.320610687,1.442748092,3.401751507,3.561135212,12.80542677
3,0.213849749,0.033168248,-0.974434989,0.029813743,0.053229954,0.012865969,-1.292472347,1.603132435,-1.544758305,1.140145428,2.116471896,3.979744726,2.993896484,0.464355469,-13.64208984,-0.150878906,-0.173095703,-1.286376953,0.419433594,0.607177734,-0.8125,0.029813743,0.053229954,0.012865969,0.260742188,-0.069580078,-0.962524414,0.172666567,0.230716177,0.113428255,-1.646673937,5.178844057,8.346237732,11.64463635,11.6483414,162.6682111,-1.15038399,0.795109293,2.090793231,-23.05343511,72.50381679,116.8473282,0.234688956,0.766266869,4.082897371,-8.786259542,-0.122137405,-0.106870229,2.465648855,12.93129771,43.48854962,11.64463635,11.6483414,162.6682111,-0.480916031,4.320610687,1.442748092,3.412423823,3.412966657,12.75414486
3,0.216570173,0.028616769,-0.964808873,0.03057263,0.055542021,0.013111828,-1.266020672,1.496924491,-1.75319916,1.046722325,1.923911606,4.456398237,3.031982422,0.400634766,-13.50732422,-0.150878906,-0.236816406,-1.286376953,0.419433594,0.607177734,-0.8125,0.03057263,0.055542021,0.013111828,0.260742188,-0.069580078,-0.95690918,0.174850306,0.235673548,0.114506893,-1.60959651,5.13304253,8.285169029,11.84842068,11.88662768,163.6013466,-1.135819723,0.79262897,2.084050928,-22.53435115,71.86259542,115.9923664,0.19237587,0.671917274,4.052497098,-8.786259542,-0.122137405,-0.106870229,2.465648855,12.93129771,43.48854962,11.84842068,11.88662768,163.6013466,-0.480916031,4.320610687,1.221374046,3.442153494,3.447698896,12.7906742
3,0.207728795,0.023001535,-0.968279157,0.030663122,0.056926005,0.013110981,-1.091987625,1.502834622,-1.648995271,0.695146831,1.855932813,4.176234593,2.908203125,0.322021484,-13.5559082,-0.150878906,-0.236816406,-1.286376953,0.419433594,0.607177734,-0.8125,0.030663122,0.056926005,0.013110981,0.250732422,-0.090942383,-0.962524414,0.175108887,0.238591711,0.114503193,-1.699563795,5.46346783,8.223555071,11.78296591,9.675125876,164.5939355,-1.055368764,1.13811846,2.075826293,-23.79389313,76.48854962,115.129771,0.079249325,1.206451078,4.018363452,-8.786259542,1.893129771,-0.106870229,2.465648855,12.93129771,43.48854962,11.78296591,9.675125876,164.5939355,-0.480916031,4.458015267,1.15648855,3.432632505,3.110486437,12.8294168
3,0.210710798,0.02633231,-0.969691685,0.031416631,0.055809386,0.012895977,-1.083042867,1.521561881,-1.664781996,0.612648656,1.939892144,4.311030575,2.949951172,0.368652344,-13.57568359,-0.150878906,-0.236816406,-1.286376953,0.419433594,0.607177734,-0.8125,0.031416631,0.055809386,0.012895977,0.250732422,-0.090942383,-0.962524414,0.177247373,0.236240103,0.113560456,-1.814067612,5.580152672,8.196837514,11.32145435,9.041341503,165.0833077,-1.041108285,1.225743289,2.070435859,-25.39694656,78.1221374,114.7557252,0.157377292,1.502725932,3.999432448,-8.786259542,1.893129771,-0.480916031,2.465648855,12.93129771,43.48854962,11.32145435,9.041341503,165.0833077,-0.65648855,4.458015267,1.15648855,3.364736891,3.006882356,12.84847492
3,0.207362584,0.042532785,-0.971871512,0.030212738,0.055429992,0.013005075,-1.147065995,1.316058038,-1.580676093,0.734830275,1.478815937,4.008313537,2.903076172,0.595458984,-13.60620117,-0.150878906,-0.236816406,-1.286376953,0.419433594,0.607177734,-0.8125,0.030212738,0.055429992,0.013005075,0.250732422,-0.04296875,-0.962524414,0.173818118,0.235435749,0.114039795,-2.579607415,5.73827699,8.752453653,12.46953929,10.17133149,160.8840503,-0.832687588,1.073095893,2.014491848,-36.11450382,80.33587786,122.5343511,-0.894123437,0.52186259,3.902252602,-8.786259542,1.893129771,-0.480916031,1.183206107,12.93129771,43.48854962,12.46953929,10.17133149,160.8840503,-1.160305344,4.458015267,3.824427481,3.531223483,3.189252498,12.68400766
3,0.206752232,0.067068917,-0.961983817,0.030102527,0.084073144,0.007675918,-1.144134754,1.610415889,-0.45982717,0.743627438,2.099528851,0.526915061,2.89453125,0.938964844,-13.46777344,-0.150878906,-0.236816406,-1.147949219,0.419433594,0.768554688,-0.8125,0.030102527,0.084073144,0.007675918,0.250732422,-0.04296875,-0.962524414,0.173500798,0.289953693,0.087612314,-2.950381679,5.697928026,9.613958561,12.60234745,9.850956456,207.7685334,-0.526579681,1.104616306,1.892395333,-41.30534351,79.77099237,134.5954198,-1.321626881,0.744870583,2.599747971,-8.786259542,1.893129771,-0.480916031,1.183206107,12.93129771,43.48854962,12.60234745,9.850956456,207.7685334,-1.790076336,4.458015267,3.824427481,3.549978514,3.138623338,14.41417821
3,0.208687919,0.053118025,-0.978881836,0.030344451,0.070568696,0.011813152,-1.164485053,1.720089979,-0.663161771,0.743333844,3.313139215,0.138472343,2.921630859,0.743652344,-13.7043457,-0.150878906,-0.236816406,-1.202392578,0.419433594,0.768554688,-0.8125,0.030344451,0.070568696,0.011813152,0.264282227,-0.04296875,-0.973754883,0.174196588,0.265647692,0.108688326,-2.632497274,4.631406761,8.762268266,10.02137994,9.159565101,155.7839184,-0.54059375,-0.181597503,1.848052385,-36.85496183,64.83969466,122.6717557,-1.066119569,1.031376855,2.789750438,-8.251908397,-2,-0.480916031,1.183206107,10.08396947,40.48091603,10.02137994,9.159565101,155.7839184,-1.790076336,4.320610687,3.824427481,3.16565632,3.026477342,12.48134281
3,0.213727679,0.045706613,-0.982979911,0.031140527,0.070221426,0.011874799,-1.198779075,1.828946084,-0.530562067,0.709812971,3.655058018,-0.023446587,2.9921875,0.639892578,-13.76171875,-0.150878906,-0.236816406,-1.202392578,0.419433594,0.768554688,-0.8125,0.031140527,0.070221426,0.011874799,0.282958984,-0.04296875,-0.989501953,0.176466786,0.264993256,0.108971551,-2.142857143,4.950926936,8.52780807,8.377362164,11.60953248,154.0280139,-0.875985292,0.015518658,1.940239017,-30,69.3129771,119.389313,-0.183048417,0.238433942,3.135133603,-8.251908397,-2,-0.480916031,1.183206107,10.58778626,40.48091603,8.377362164,11.60953248,154.0280139,-1.160305344,4.320610687,3.824427481,2.894367317,3.407276401,12.41080231
3,0.218924386,0.070138114,-0.988211496,0.027601558,0.083020343,0.010892698,-1.124175647,1.413934486,-0.560038402,0.67318572,1.385685729,0.301993033,3.064941406,0.981933594,-13.83496094,-0.150878906,-0.236816406,-1.202392578,0.419433594,0.768554688,-0.8125,0.027601558,0.083020343,0.010892698,0.282958984,-0.04296875,-0.989501953,0.166137166,0.288132509,0.104368088,-1.925299891,5.881679389,9.363685932,7.171790944,21.35701927,160.000884,-1.098679659,0.802908525,1.640454623,-26.95419847,82.34351145,131.0916031,0.974551807,1.369846348,2.031290559,-8.251908397,-2,-0.480916031,1.183206107,16.79389313,40.48091603,7.171790944,21.35701927,160.000884,-1.160305344,4.458015267,4.477099237,2.678019967,4.62136552,12.64914558
3,0.249930246,0.082885742,-1.012032645,0.016364496,0.085796198,0.014168285,-1.149338185,1.220606205,-0.465980873,1.41537152,0.770003602,-0.219425166,3.499023438,1.160400391,-14.16845703,-0.063476563,-0.236816406,-1.230712891,0.419433594,0.768554688,-0.8125,0.016364496,0.085796198,0.014168285,0.284912109,-0.04296875,-0.992553711,0.127923789,0.29290988,0.119030604,-2.27480916,6.238822246,10.74154853,8.662387435,21.21378464,187.2223679,-0.752963285,0.56777757,1.202307745,-31.84732824,87.34351145,150.3816794,-0.431675216,1.142591782,0.195957362,-8.251908397,-2,-0.480916031,1.183206107,16.79389313,40.48091603,8.662387435,21.21378464,187.2223679,-1.316793893,5.522900763,4.477099237,2.943193408,4.605842447,13.68292249
3,0.2578125,0.087977818,-1.011387416,0.014752755,0.085317095,0.01406937,-1.416106418,1.17150896,-0.482616943,2.831887542,0.707050299,-0.162265156,3.609375,1.231689453,-14.15942383,-0.063476563,-0.236816406,-1.230712891,0.419433594,0.768554688,-0.8125,0.014752755,0.085317095,0.01406937,0.284912109,-0.036376953,-0.992553711,0.121460919,0.292090901,0.118614376,-2.064885496,6.071973828,11.9389313,9.037735384,21.48634618,199.495717,-0.904946323,0.675702468,0.879088093,-28.90839695,85.00763359,167.1450382,-0.360914174,1.141575369,-0.651345153,-8.251908397,-2,-0.480916031,1.183206107,16.79389313,40.48091603,9.037735384,21.48634618,199.495717,-0.65648855,4.458015267,5.045801527,3.006282652,4.635336685,14.12429528
3,0.276977539,0.085484096,-1.007097517,0.016377795,0.086371054,0.014484116,-1.44967774,1.165352487,-0.563545049,3.03144372,0.667761127,-0.251960836,3.877685547,1.196777344,-14.09936523,-0.063476563,-0.236816406,-1.230712891,0.440917969,0.768554688,-0.8125,0.016377795,0.086371054,0.014484116,0.293457031,-0.037841797,-0.989501953,0.12797576,0.293889526,0.120349974,-2.173391494,6.256815703,12.0261723,8.866279342,21.23095397,197.549674,-0.813849887,0.553566439,0.882995471,-30.42748092,87.59541985,168.3664122,-0.406138357,1.122625252,-0.635321111,-8.251908397,-2,-0.480916031,1.183206107,16.79389313,40.48091603,8.866279342,21.23095397,197.549674,-1.316793893,5.522900763,5.545801527,2.977629819,4.607705934,14.05523653
3,0.295043945,0.078264509,-0.99773298,0.017494053,0.08996756,0.01609136,-1.595672851,1.123938759,-0.592288927,3.458336104,0.539416117,-0.507980604,4.130615234,1.095703125,-13.96826172,-0.063476563,-0.236816406,-1.230712891,0.441162109,0.768554688,-0.8125,0.017494053,0.08996756,0.01609136,0.310058594,-0.037841797,-0.97265625,0.132265085,0.299945928,0.126851724,-2.200109051,5.945474373,12.10577972,8.766578768,23.82497754,195.7530613,-0.807701594,0.509863542,0.887213575,-30.80152672,83.23664122,169.480916,-0.380349626,0.555918339,-0.620292812,-8.251908397,-2,-0.480916031,1.183206107,16.79389313,40.48091603,8.766578768,23.82497754,195.7530613,-1.316793893,5.522900763,5.545801527,2.960840889,4.881083644,13.99117798
3,0.280273438,0.079171317,-0.993076869,0.016591145,0.089507685,0.016827534,-1.428756911,1.129053921,-0.630571792,3.168996803,0.555714055,-0.624048193,3.923828125,1.108398438,-13.90307617,-0.063476563,-0.236816406,-1.230712891,0.441162109,0.768554688,-0.8125,0.016591145,0.089507685,0.016827534,0.293457031,-0.037841797,-0.962890625,0.12880662,0.299178349,0.129720985,-2.359869138,5.765539804,11.92420938,8.062152171,24.04706942,200.4652541,-0.831460284,0.625734292,0.865335095,-33.03816794,80.71755725,166.9389313,-0.204309033,0.590324236,-0.654953476,-8.251908397,-2,-1.305343511,1.183206107,16.79389313,40.48091603,8.062152171,24.04706942,200.4652541,-1.648854962,4.366412214,5.545801527,2.839392923,4.903781135,14.15857528
3,0.279663086,0.070277623,-1.008074079,0.016570043,0.093950857,0.014143425,-1.415165649,1.084942672,-0.689969929,3.149984008,0.410914804,-0.56407193,3.915283203,0.983886719,-14.11303711,-0.063476563,-0.236816406,-1.230712891,0.441162109,0.768554688,-0.857177734,0.016570043,0.093950857,0.014143425,0.28918457,-0.044189453,-1,0.128724679,0.306514041,0.118926134,-2.248636859,5.6695747,11.8391494,8.959848263,24.97640382,202.6854044,-0.610607527,0.598079222,0.855623378,-31.48091603,79.3740458,165.7480916,-0.24192452,0.426909104,-0.671243711,-8.251908397,-2,-1.305343511,2.221374046,16.79389313,40.48091603,8.959848263,24.97640382,202.6854044,-1.648854962,4.366412214,5.545801527,2.993300563,4.997639825,14.23676243
3,0.273036412,0.086635045,-1.005632673,0.015984385,0.086877427,0.014845751,-1.336469735,1.125484185,-0.618818359,3.239361839,0.617750132,-0.614112245,3.822509766,1.212890625,-14.07885742,-0.063476563,-0.219482422,-1.230712891,0.441162109,0.768554688,-0.856201172,0.015984385,0.086877427,0.014845751,0.284912109,0.005737305,-1,0.126429367,0.294749771,0.121843143,-2.181025082,5.781352236,11.74263904,9.523610589,24.36894575,205.1117644,-0.501012732,0.563350388,0.847041083,-30.53435115,80.9389313,164.3969466,-0.29140831,0.546537908,-0.689692035,-8.251908397,-2,-1.305343511,2.221374046,16.79389313,40.48091603,9.523610589,24.36894575,205.1117644,-1.648854962,4.366412214,5.545801527,3.086034768,4.936491239,14.32172351
3,0.278442383,0.080235073,-1.016409738,0.014908632,0.090408542,0.01612569,-1.543389647,1.074415609,-0.359130728,4.51035186,0.493095793,-1.180280783,3.898193359,1.123291016,-14.22973633,-0.063476563,-0.219482422,-1.230712891,0.441162109,0.768554688,-0.856201172,0.014908632,0.090408542,0.01612569,0.284912109,0.005737305,-1.012939453,0.122100911,0.300680132,0.126986967,-1.8391494,5.847873501,11.75245365,11.33256054,24.24785596,204.8721449,-0.445045213,0.521826864,0.847747204,-25.7480916,81.87022901,164.5343511,-0.580749721,0.549723112,-0.687822617,-8.251908397,-2,-1.305343511,2.839694656,16.79389313,40.48091603,11.33256054,24.24785596,204.8721449,-1.019083969,4.832061069,5.545801527,3.366386867,4.924211201,14.31335547
3,0.265101842,0.090907506,-1.019391741,0.015418473,0.087683912,0.015555196,-1.181887384,1.021410205,-0.340396372,3.251640688,0.533615735,-1.090863596,3.711425781,1.272705078,-14.27148438,-0.063476563,-0.219482422,-1.230712891,0.441162109,0.768554688,-0.856201172,0.015418473,0.087683912,0.015555196,0.28125,0.030517578,-1.012939453,0.124171145,0.296114695,0.12472047,-1.535986914,6.20610687,12.42693566,13.37156413,24.47735249,193.4693196,-0.35249572,0.286505137,0.814256141,-21.50381679,86.88549618,173.9770992,-0.826269981,0.317251881,-0.616043375,-8.251908397,-2,-1.305343511,3.557251908,16.79389313,40.48091603,13.37156413,24.47735249,193.4693196,-0.996183206,6.125954198,8.908396947,3.656714937,4.947459196,13.90932492
3,0.255493164,0.108293806,-1.018729074,0.01490148,0.093640536,0.01557578,-1.005944373,0.802082953,-0.358017116,3.231707007,-0.186708226,-1.087961502,3.576904297,1.516113281,-14.26220703,-0.063476563,-0.219482422,-1.230712891,0.441162109,0.768554688,-0.856201172,0.01490148,0.093640536,0.01557578,0.275146484,0.030517578,-1.008300781,0.122071618,0.306007411,0.124802963,-1.348418757,6.046346783,14.14503817,11.15092457,23.50031121,221.577396,-0.094527868,0.377491939,0.493449166,-18.8778626,84.64885496,198.0305344,-1.233972691,0.679182175,-1.382236021,-6.526717557,-2,-1.305343511,3.557251908,16.79389313,40.48091603,11.15092457,23.50031121,221.577396,-0.996183206,6.125954198,9.721374046,3.339300011,4.847711956,14.88547601
3,0.254970006,0.07774135,-0.996268136,0.014870237,0.063260213,0.016387357,-0.994925881,0.319319703,-0.588445861,3.237658478,-1.486057467,-0.676777658,3.569580078,1.088378906,-13.94775391,-0.063476563,-0.219482422,-1.230712891,0.441162109,0.472167969,-0.833496094,0.014870237,0.063260213,0.016387357,0.275146484,0.030517578,-0.974975586,0.121943579,0.251515831,0.128013111,-1.621046892,5.438386041,14.08669575,14.6449831,24.64733285,218.3156675,-0.514555191,0.64323302,0.472537275,-22.69465649,76.13740458,197.2137405,-0.420464527,0.712219036,-1.444440566,-9.34351145,-2,-1.305343511,3.557251908,16.79389313,39.66412214,14.6449831,24.64733285,218.3156675,-0.996183206,4.832061069,9.721374046,3.826876415,4.964608026,14.77550904
3,0.244611468,0.056152344,-0.980137416,0.015829677,0.054248846,0.012868758,-0.69686684,0.462815194,-0.80804798,2.131324343,-1.005108188,0.389221066,3.424560547,0.786132813,-13.72192383,-0.063476563,-0.219482422,-1.230712891,0.441162109,0.472167969,-0.833496094,0.015829677,0.054248846,0.012868758,0.24609375,0.030517578,-0.963256836,0.125816046,0.232913818,0.11344055,-1.342420938,5.945474373,12.35877863,14.1026196,20.12314019,195.0674203,-0.767983242,0.88359166,0.809028966,-18.79389313,83.23664122,173.0229008,0.073678499,1.397441861,-0.733335859,-9.34351145,0.053435115,-1.305343511,3.557251908,16.79389313,39.66412214,14.1026196,20.12314019,195.0674203,-0.580152672,5.267175573,8.167938931,3.75534547,4.48588232,13.96665387
3,0.234043666,0.054949079,-0.971854074,0.015681227,0.054364658,0.013178793,-0.447695194,0.478657168,-1.00003323,1.968791797,-1.003689794,0.563280149,3.276611328,0.769287109,-13.60595703,-0.063476563,-0.219482422,-1.230712891,0.441162109,0.472167969,-0.833496094,0.015681227,0.054364658,0.013178793,0.219604492,0.022094727,-0.942504883,0.125224704,0.2331623,0.114798923,-1.363140676,5.541439477,11.76281352,14.07188674,18.36868449,202.4503186,-0.7518594,1.228925166,0.878806892,-19.08396947,77.58015267,164.6793893,0.067618946,2.824780771,-0.739275798,-9.34351145,0.053435115,-1.305343511,3.557251908,16.79389313,39.66412214,14.07188674,18.36868449,202.4503186,-0.72519084,5.015267176,4.805343511,3.751251357,4.28587033,14.22850374
3,0.252929688,0.018345424,-0.978899275,0.008572368,0.040229273,0.013315336,1.141491885,0.580952366,-0.787434685,0.882945896,-0.686118576,0.184403657,3.541015625,0.256835938,-13.70458984,0.134277344,-0.219482422,-1.230712891,0.441162109,0.380371094,-0.833496094,0.008572368,0.040229273,0.013315336,0.219604492,-0.002685547,-0.963256836,0.092587081,0.200572364,0.115392096,-1.217557252,4.706652126,10.92039258,13.82901974,7.892912053,200.8609478,-0.899899586,-0.330569948,1.084403465,-17.04580153,65.89312977,152.8854962,0.378032769,-0.62429254,-0.374434258,-9.34351145,0.053435115,-1.305343511,3.557251908,8.832061069,39.66412214,13.82901974,7.892912053,200.8609478,-0.72519084,5.015267176,4.278625954,3.718738998,2.809432692,14.17254204
3,0.243007115,0.009399414,-0.958844866,0.009303777,0.036561523,0.008068981,1.239972466,0.661454998,-0.484563845,0.959752976,-0.201491425,-0.325682985,3.402099609,0.131591797,-13.42382813,0.134277344,-0.219482422,-1.141601563,0.441162109,0.380371094,-0.833496094,0.009303777,0.036561523,0.008068981,0.216064453,-0.002685547,-0.949951172,0.096456089,0.191210678,0.089827506,-1.087241003,4.458560523,9.649400218,12.57659106,6.794928252,174.3387777,-0.950320363,-0.329537507,1.453602602,-15.22137405,62.41984733,135.0916031,0.937105763,-0.237911379,1.017147538,-9.34351145,0.053435115,-1.305343511,3.557251908,8.832061069,39.66412214,12.57659106,6.794928252,174.3387777,-0.72519084,4.916030534,4.278625954,3.546348976,2.606708317,13.20374105
3,0.235142299,0.013567243,-0.946881975,0.010659235,0.03741508,0.006992842,1.061262389,0.584633172,-0.826015902,0.603331706,-0.418387833,0.79044858,3.291992188,0.189941406,-13.25634766,0.104003906,-0.219482422,-1.141601563,0.441162109,0.380371094,-0.833496094,0.010659235,0.03741508,0.006992842,0.215332031,-0.002685547,-0.942138672,0.103243571,0.193429781,0.083623213,-1.465103599,4.517993457,9.717011996,13.58503821,6.814995156,176.5626215,-0.610662612,-0.406615996,1.433869301,-20.51145038,63.2519084,136.0381679,-0.006875463,-0.213212665,0.908833464,-9.34351145,0.053435115,-1.305343511,3.557251908,8.832061069,39.66412214,13.58503821,6.814995156,176.5626215,-0.927480916,4.996183206,4.278625954,3.685788682,2.610554569,13.28768684
3,0.230172294,0.011265346,-0.948102679,0.008802296,0.038185953,0.006980692,0.927479938,0.579623082,-0.777352157,0.628932133,-0.477244191,0.742536302,3.222412109,0.157714844,-13.2734375,0.104003906,-0.219482422,-1.141601563,0.441162109,0.380371094,-0.833496094,0.008802296,0.038185953,0.006980692,0.215332031,-0.002685547,-0.949951172,0.093820554,0.195412264,0.083550533,-1.525081788,4.27917121,9.486368593,13.7232381,6.431028444,181.0233977,-0.550428601,-0.186031005,1.411367284,-21.35114504,59.90839695,132.8091603,-0.131493748,-0.026554967,0.844225908,-9.34351145,0.053435115,-1.305343511,3.557251908,8.832061069,39.66412214,13.7232381,6.431028444,181.0233977,-0.927480916,4.916030534,4.232824427,3.704488912,2.535947248,13.45449359
3,0.225010463,0.015781948,-0.954799107,0.006829579,0.03641682,0.006297064,0.507025164,0.619348828,-0.746214497,-0.508242066,-0.367199152,1.169263595,3.150146484,0.220947266,-13.3671875,0.104003906,-0.219482422,-1.141601563,0.371337891,0.380371094,-0.833496094,0.006829579,0.03641682,0.006297064,0.215332031,-0.002685547,-0.950439453,0.082641268,0.190831917,0.079354044,-1.592693566,4.621046892,9.452017448,13.65852454,4.955723462,181.5830813,-0.49153468,-0.201798765,1.410726483,-22.29770992,64.69465649,132.3282443,-0.148904963,0.937082639,0.838057479,-9.34351145,0.549618321,-1.305343511,3.557251908,8.832061069,39.66412214,13.65852454,4.955723462,181.5830813,-1.198473282,4.916030534,4.229007634,3.695744111,2.226145427,13.47527667
3,0.234165737,0.022129604,-0.958391462,0.00775924,0.034709028,0.00597175,0.257698336,0.603587741,-0.698899046,-1.142819476,-0.214039867,1.469564267,3.278320313,0.309814453,-13.41748047,0.104003906,-0.219482422,-1.141601563,0.371337891,0.380371094,-0.833496094,0.00775924,0.034709028,0.00597175,0.219604492,-0.002685547,-0.950439453,0.088086546,0.186303591,0.077277099,-1.71046892,4.882224646,9.721919302,13.7914454,5.574237778,176.3493943,-0.378315537,-0.361514613,1.437524899,-23.94656489,68.35114504,136.1068702,-0.292252131,0.380715689,0.913232422,-9.34351145,0.549618321,-0.992366412,3.557251908,8.832061069,39.66412214,13.7914454,5.574237778,176.3493943,-1.316793893,4.996183206,4.396946565,3.713683535,2.360982376,13.27966093
3,0.243722098,0.028895787,-0.964651925,0.010222989,0.031828877,0.007384375,0.430468799,0.727356188,-0.709490215,-1.036241813,-0.047585269,0.450706108,3.412109375,0.404541016,-13.50512695,0.104003906,-0.217529297,-1.141601563,0.425537109,0.380371094,-0.833496094,0.010222989,0.031828877,0.007384375,0.219604492,-0.002685547,-0.950439453,0.101108798,0.178406493,0.085932388,-2.037622683,5.446564885,10.04580153,12.51933018,4.766664575,170.4556127,-0.236507885,-0.290472477,1.464487762,-28.52671756,76.2519084,140.6412214,0.078082934,0.671662512,0.996914605,-9.34351145,0.610687023,-0.992366412,3.557251908,8.832061069,39.66412214,12.51933018,4.766664575,170.4556127,-1.973282443,5.080152672,5.011450382,3.538266551,2.18326924,13.05586507
3,0.2421875,0.02722168,-0.964320592,0.010165811,0.032000475,0.007463307,0.485621864,0.751633635,-0.687918277,-0.967151884,-0.049279675,0.430091386,3.390625,0.381103516,-13.50048828,0.104003906,-0.217529297,-1.141601563,0.425537109,0.380371094,-0.833496094,0.010165811,0.032000475,0.007463307,0.219604492,-0.014404297,-0.950439453,0.100825644,0.178886766,0.086390434,-2.309160305,5.138495093,10.16466739,11.11428642,7.065339183,167.9388391,-0.172170755,-0.658703691,1.485129243,-32.32824427,71.9389313,142.3053435,0.69289062,0.383263767,1.040757724,-9.34351145,-0.328244275,-0.992366412,3.557251908,8.832061069,39.66412214,11.11428642,7.065339183,167.9388391,-2.015267176,5.080152672,5.011450382,3.333809595,2.658070575,12.95912185
3,0.239013672,0.032104492,-0.952845982,0.010450363,0.029760258,0.004925222,0.5518717,0.899335299,-0.415540221,-1.01694577,0.034486505,1.097674045,3.346191406,0.449462891,-13.33984375,0.104003906,-0.159179688,-1.110107422,0.425537109,0.380371094,-0.833496094,0.010450363,0.029760258,0.004925222,0.209472656,-0.014404297,-0.950439453,0.102227018,0.172511616,0.070179927,-2.315703381,5.278625954,10.30534351,11.04232412,7.429778164,165.2817704,-0.184468067,-0.740011163,1.501749434,-32.41984733,73.90076336,144.2748092,0.701284244,0.218956386,1.084670637,-9.34351145,-0.328244275,-0.992366412,3.557251908,8.832061069,39.66412214,11.04232412,7.429778164,165.2817704,-2.015267176,5.080152672,5.011450382,3.322999265,2.725761942,12.8561958
3,0.253138951,0.023751395,-0.945905413,0.010859415,0.030563597,0.005642897,0.216548141,1.010714708,-0.45110504,-1.390087876,0.092414723,0.452379733,3.543945313,0.332519531,-13.24267578,0.104003906,-0.159179688,-1.110107422,0.425537109,0.380371094,-0.833496094,0.010859415,0.030563597,0.005642897,0.233764648,-0.035766602,-0.950439453,0.104208516,0.174824474,0.075119222,-2.574154853,4.958015267,9.537622683,8.708217457,6.415044399,175.754871,-0.623418756,-0.729116436,1.504466161,-36.03816794,69.41221374,133.5267176,1.213239729,0.476250364,1.042998373,-9.34351145,-0.328244275,-1.786259542,2.748091603,8.450381679,39.66412214,8.708217457,6.415044399,175.754871,-2.015267176,4.996183206,3.08778626,2.950968901,2.532793793,13.25725729
3,0.259504046,-0.009660993,-0.928606306,0.010945123,0.020528837,0.007816981,0.016513543,1.242495255,-0.086250302,-1.462032388,1.281441706,0.610073904,3.633056641,-0.135253906,-13.00048828,0.104003906,-0.159179688,-1.110107422,0.425537109,0.340820313,-0.7578125,0.010945123,0.020528837,0.007816981,0.264404297,-0.05090332,-0.944824219,0.10461894,0.143278877,0.088413695,-2.361504907,5.009814613,7.329334787,7.943526755,6.774963164,132.8676638,-0.866255077,-0.62388848,2.195035791,-33.0610687,70.13740458,102.610687,2.367041173,0.362946098,4.600256988,-9.34351145,-0.328244275,-1.786259542,2.748091603,8.572519084,39.66412214,7.943526755,6.774963164,132.8676638,-2.015267176,4.996183206,2.461832061,2.81842629,2.602875941,11.52682366
3,0.251621791,-0.018484933,-0.939976283,0.011478916,0.014957863,0.00729768,0.218611222,0.712136615,0.211468914,-1.579801832,-0.764154883,1.100649109,3.522705078,-0.258789063,-13.15966797,0.104003906,-0.159179688,-1.110107422,0.425537109,0.217285156,-0.7578125,0.011478916,0.014957863,0.00729768,0.225219727,-0.05090332,-0.950439453,0.107139702,0.122302342,0.085426457,-1.798800436,5.26172301,5.265539804,3.914390923,5.276529775,48.76589744,0.423880202,-0.667758173,2.040133691,-25.18320611,73.66412214,73.71755725,1.308422068,1.730373123,5.01736466,-5.160305344,-0.328244275,-1.786259542,2.748091603,8.572519084,25.42748092,3.914390923,5.276529775,48.76589744,-1.629770992,4.996183206,2.461832061,1.978481975,2.297069824,6.983258368
3,0.258684431,-0.001831055,-0.925851004,0.010392223,0.023435865,0.008977921,0.147224388,1.107491323,0.075856005,-1.398409136,0.377057824,0.171079504,3.621582031,-0.025634766,-12.96191406,0.104003906,-0.159179688,-1.110107422,0.425537109,0.342773438,-0.7578125,0.010392223,0.023435865,0.008977921,0.241333008,-0.05090332,-0.944824219,0.101942254,0.15308777,0.094751894,-2.442748092,5.273718648,7.081788441,7.828367542,5.274346189,103.1968321,-0.875147245,-0.68642259,1.816313119,-34.19847328,73.83206107,99.14503817,2.67544304,1.754280038,2.66529799,-9.450381679,-0.328244275,-1.786259542,2.748091603,8.572519084,32.80152672,7.828367542,5.274346189,103.1968321,-2.015267176,4.996183206,2.461832061,2.797922004,2.296594476,10.15858416
3,0.268729074,0.024937221,-0.911516462,0.009926662,0.033713761,0.012633165,-0.122940972,0.917148632,0.324043974,-1.253632371,-0.513500735,-0.199295995,3.762207031,0.349121094,-12.76123047,0.104003906,-0.159179688,-1.110107422,0.425537109,0.377197266,-0.699951172,0.009926662,0.033713761,0.012633165,0.278320313,-0.05090332,-0.944824219,0.099632637,0.183613075,0.112397354,-3.232824427,4.913304253,9.784078517,13.78757514,7.358739245,176.6521534,-1.094021918,-0.651670295,1.453078447,-45.25954198,68.78625954,136.9770992,1.635051562,0.29706971,0.955848428,-11.87022901,-0.328244275,-1.786259542,2.748091603,8.572519084,39.96946565,13.78757514,7.358739245,176.6521534,-2.503816794,4.980916031,3.08778626,3.713162417,2.712699623,13.29105539
3,0.284493583,0.040108817,-0.908098493,0.01110379,0.034805018,0.011897295,-0.333656533,0.636951076,0.342578866,-1.193807834,-1.019041627,0.030934387,3.982910156,0.561523438,-12.71337891,0.104003906,-0.159179688,-1.110107422,0.425537109,0.377197266,-0.699951172,0.01110379,0.034805018,0.011897295,0.309814453,-0.046386719,-0.944824219,0.105374522,0.186561029,0.109074724,-4.225736096,5.194656489,11.49890949,22.91268408,8.584265306,205.0289306,-1.097166219,-0.602642957,1.007114618,-59.16030534,72.72519084,160.9847328,0.869982424,-0.088279231,-0.557018222,-14.94656489,-0.328244275,-1.786259542,2.748091603,9.045801527,39.96946565,22.91268408,8.584265306,205.0289306,-2.816793893,4.980916031,3.08778626,4.786719553,2.929891689,14.31883133
3,0.283098493,0.036743164,-0.904889788,0.011552331,0.034227873,0.01175219,-0.364368148,0.704270409,0.25048182,-1.180106648,-0.866521542,0.075614677,3.963378906,0.514404297,-12.66845703,0.104003906,-0.159179688,-1.110107422,0.425537109,0.377197266,-0.699951172,0.011552331,0.034227873,0.01175219,0.309814453,-0.046386719,-0.925292969,0.107481772,0.185007765,0.108407519,-3.950926936,4.768811341,11.5,23.68789441,11.39264279,205.0279547,-1.211701941,-0.521351165,1.006855492,-55.3129771,66.76335878,161,0.937568767,-0.777526774,-0.557405292,-14.94656489,-1.061068702,-1.786259542,2.748091603,9.045801527,39.96946565,23.68789441,11.39264279,205.0279547,-2.503816794,4.950381679,3.08778626,4.867021103,3.375298918,14.31879725
3,0.289114816,0.045148577,-0.930106027,0.009738328,0.037009262,0.020980023,-0.227730556,0.589352923,-0.645730373,-1.279346903,-1.267130042,1.103462453,4.047607422,0.632080078,-13.02148438,0.124755859,-0.159179688,-1.263916016,0.425537109,0.377197266,-0.699951172,0.009738328,0.037009262,0.020980023,0.309814453,-0.046386719,-0.9453125,0.098682966,0.192377914,0.144844823,-4.068157034,5.250817884,10.75790622,24.18565768,14.94867931,190.4767288,-1.107182716,-0.243821175,1.222082277,-56.95419847,73.51145038,150.610687,0.606885367,-0.699134172,0.16786212,-14.94656489,-1.061068702,-1.786259542,2.748091603,11.80916031,39.96946565,24.18565768,14.94867931,190.4767288,-2.503816794,5.053435115,3.08778626,4.917891589,3.866352197,13.80133069
3,0.298810686,0.047746931,-0.936279297,0.012771565,0.035960268,0.021796896,0.15660114,0.617287532,-0.49793667,-0.836117724,-1.252366018,0.644198299,4.183349609,0.668457031,-13.10791016,0.124755859,-0.149169922,-1.263916016,0.507080078,0.377197266,-0.699951172,0.012771565,0.035960268,0.021796896,0.309814453,-0.046386719,-0.9453125,0.113011348,0.189631928,0.147637718,-3.791166848,5.160305344,10.93402399,25.90615221,15.40990529,186.4537355,-1.107162943,-0.185782519,1.245675533,-53.07633588,72.24427481,153.0763359,0.446314807,-0.87368679,0.212548323,-14.94656489,-1.061068702,-1.786259542,2.748091603,11.80916031,39.96946565,25.90615221,15.40990529,186.4537355,-2.015267176,5.053435115,3.08778626,5.089808661,3.925545222,13.65480632
3,0.302176339,0.051426479,-0.928379604,0.01343821,0.034687891,0.022421329,0.116366559,0.636952203,-0.638419923,-1.041794176,-1.217333882,0.575610141,4.23046875,0.719970703,-12.99731445,0.124755859,-0.149169922,-1.263916016,0.507080078,0.377197266,-0.699951172,0.01343821,0.034687891,0.022421329,0.309814453,-0.046386719,-0.922363281,0.115923295,0.186246856,0.149737533,-3.63740458,5.357142857,10.94274809,26.96686808,15.81641,186.2806162,-1.100036927,-0.331399732,1.246272059,-50.92366412,75,153.1984733,0.3415997,-0.940980514,0.2143913,-14.94656489,-1.061068702,-1.786259542,2.748091603,11.80916031,39.96946565,26.96686808,15.81641,186.2806162,-2.015267176,6.332061069,3.08778626,5.192963323,3.97698504,13.64846571
3,0.300415039,0.055646624,-0.926443917,0.013335042,0.033910563,0.0224266,0.167903402,0.59721597,-0.683293664,-0.988075748,-1.191767554,0.620125283,4.205810547,0.779052734,-12.97021484,0.124755859,-0.149169922,-1.263916016,0.507080078,0.377197266,-0.699951172,0.013335042,0.033910563,0.0224266,0.309814453,-0.016845703,-0.908813477,0.115477454,0.184148209,0.149755133,-3.817339149,5.240458015,10.87895311,27.17311134,15.42339518,187.5013367,-0.971057591,-0.258194873,1.242976074,-53.44274809,73.36641221,152.3053435,0.086194653,-0.856424482,0.201975337,-14.94656489,-1.061068702,-1.786259542,2.748091603,11.80916031,39.96946565,27.17311134,15.42339518,187.5013367,-2.015267176,5.65648855,3.076335878,5.212783454,3.927263064,13.69311275
3,0.287458147,0.053309849,-0.923409598,0.012193576,0.034894985,0.021355174,0.46229561,0.563476067,-0.710806008,-0.45830227,-1.201300621,0.956652991,4.024414063,0.746337891,-12.92773438,0.124755859,-0.157470703,-1.263916016,0.507080078,0.377197266,-0.699951172,0.012193576,0.034894985,0.021355174,0.278320313,-0.016845703,-0.908813477,0.110424528,0.186801995,0.146134097,-3.561068702,4.64612868,10.70392585,28.89763238,16.25957432,190.6356916,-0.979984774,0.053369674,1.238999954,-49.85496183,65.04580153,149.8549618,-0.041037635,-1.054117952,0.174254006,-14.94656489,-1.061068702,-1.786259542,2.748091603,11.80916031,39.96946565,28.89763238,16.25957432,190.6356916,-1.56870229,4.805343511,2.221374046,5.37565181,4.032316248,13.80708846
3,0.284458705,0.057826451,-0.929931641,0.012564676,0.034357977,0.020941423,0.506578132,0.499819789,-0.585319271,-0.558014028,-1.195520613,0.977419874,3.982421875,0.809570313,-13.01904297,0.124755859,-0.157470703,-1.263916016,0.507080078,0.377197266,-0.699951172,0.012564676,0.034357977,0.020941423,0.275634766,0.014770508,-0.927734375,0.112092266,0.18535905,0.144711515,-3.690839695,5.053435115,10.7868048,28.60532379,14.21825875,189.0187004,-0.914059635,-0.107697609,1.243620656,-51.67175573,70.7480916,151.0152672,-0.091479949,-0.615110182,0.190302858,-14.94656489,-1.061068702,-1.786259542,2.748091603,11.80916031,39.96946565,28.60532379,14.21825875,189.0187004,-2.057251908,5.320610687,2.358778626,5.348394506,3.770710643,13.7484072
3,0.298653739,0.052873884,-0.93094308,0.012092824,0.036909413,0.021066903,0.217231455,0.384346444,-0.559937675,-0.664438689,-1.14205086,0.901554896,4.181152344,0.740234375,-13.03320313,0.124755859,-0.218505859,-1.263916016,0.507080078,0.377197266,-0.699951172,0.012092824,0.036909413,0.021066903,0.309814453,0.014770508,-0.927734375,0.109967375,0.192118225,0.14514442,-4.235005453,4.573609597,10.40785169,25.20420792,15.01956455,197.8334212,-0.914716314,0.187656867,1.192566939,-59.29007634,64.03053435,145.7099237,0.004755268,-0.787909848,0.100589706,-14.94656489,-1.061068702,-2.854961832,1.229007634,11.80916031,39.96946565,25.20420792,15.01956455,197.8334212,-3.06870229,4.805343511,2.129770992,5.02037926,3.875508296,14.06532691
3,0.288016183,0.041765485,-0.950142997,0.01230818,0.041701119,0.02299562,0.487624613,0.29242417,-0.235892473,-0.566691756,-1.231927035,0.120050595,4.032226563,0.584716797,-13.30200195,0.124755859,-0.230712891,-1.263916016,0.507080078,0.377197266,-0.699951172,0.01230818,0.041701119,0.02299562,0.275634766,0.014770508,-0.964355469,0.110942236,0.204208519,0.151643069,-4.393129771,4.525627045,10.48691385,24.13271371,15.07557707,195.8444252,-0.912952711,0.228761255,1.20575171,-61.50381679,63.35877863,146.8167939,0.122975852,-0.796237228,0.121262031,-14.94656489,-1.061068702,-2.854961832,1.229007634,11.80916031,39.96946565,24.13271371,15.07557707,195.8444252,-3.06870229,4.702290076,2.129770992,4.912505848,3.882728044,13.99444266
3,0.281075614,0.041434152,-0.981044224,0.012696866,0.041794836,0.02356318,0.651013572,0.294586407,-0.033342967,-0.553528343,-1.238079078,-0.06153851,3.935058594,0.580078125,-13.73461914,0.124755859,-0.230712891,-1.263916016,0.507080078,0.377197266,-0.699951172,0.012696866,0.041794836,0.02356318,0.238647461,0.014770508,-0.989257813,0.112680372,0.204437853,0.153503028,-4.534896401,4.329334787,10.38713195,23.8814796,13.9040477,197.8094196,-0.829923915,0.331772723,1.201214637,-63.48854962,60.61068702,145.4198473,0.065472285,-0.360731919,0.102594309,-14.94656489,-1.061068702,-2.854961832,1.229007634,11.80916031,39.96946565,23.8814796,13.9040477,197.8094196,-4.061068702,4.702290076,2.026717557,4.886868077,3.728813176,14.06447367
3,0.282418387,0.037632533,-0.978969029,0.012397814,0.040557282,0.023571481,0.671301185,0.334762252,-0.080466209,-0.504021615,-1.100065151,-0.059995205,3.953857422,0.526855469,-13.70556641,0.124755859,-0.230712891,-1.263916016,0.507080078,0.377197266,-0.699951172,0.012397814,0.040557282,0.023571481,0.238647461,0.014770508,-0.974731445,0.11134547,0.201388387,0.153530065,-4.435114504,4.492366412,10.05725191,24.68049647,14.20876271,199.0601745,-0.816214481,0.184998422,1.26933278,-62.09160305,62.89312977,140.8015267,-0.035689928,-0.558329372,0.21084945,-14.94656489,-1.061068702,-2.854961832,1.229007634,11.80916031,39.96946565,24.68049647,14.20876271,199.0601745,-4.061068702,5.320610687,2.026717557,4.967946907,3.769451248,14.10886865
3,0.285487584,0.035348075,-0.99659947,0.012204029,0.039128938,0.020322391,0.598029578,0.300575178,0.083155881,-0.500042791,-1.126605317,0.681088258,3.996826172,0.494873047,-13.95239258,0.124755859,-0.230712891,-1.263916016,0.507080078,0.377197266,-0.699951172,0.012204029,0.039128938,0.020322391,0.260131836,0.014770508,-0.990478516,0.110471847,0.197810358,0.142556625,-3.76172301,4.647764449,9.309160305,23.7548303,14.80617372,170.2478854,-1.186907118,0.072206333,1.405054416,-52.66412214,65.06870229,130.3282443,0.923267336,-0.807262568,1.072189332,-14.94656489,-1.061068702,-2.854961832,1.229007634,11.80916031,39.96946565,23.7548303,14.80617372,170.2478854,-2.881679389,5.599236641,2.026717557,4.873892726,3.84787912,13.04790732
3,0.280761719,0.049176897,-1.03175572,0.012241749,0.051988278,0.015163307,0.739579202,0.843536053,-0.456532987,-0.364228852,0.486148937,-0.562368199,3.930664063,0.688476563,-14.44458008,0.124755859,-0.230712891,-1.263916016,0.507080078,0.570800781,-0.840332031,0.012241749,0.051988278,0.015163307,0.245239258,0.014770508,-1.010375977,0.110642436,0.228009382,0.123139379,-3.519083969,5.312431843,8.978189749,20.34149884,14.17351028,149.9249717,-1.267160958,-0.208392323,1.24770211,-49.26717557,74.3740458,125.6946565,1.867734982,-0.682728671,0.358383207,-14.94656489,-1.061068702,-2.854961832,1.229007634,11.80916031,35.33587786,20.34149884,14.17351028,149.9249717,-2.881679389,5.935114504,2.026717557,4.510155079,3.764772274,12.24438531
3,0.254778181,0.077078683,-1.02331543,0.013810091,0.070275769,0.016995354,0.6377031,0.810439128,-0.436676043,0.520599636,-0.325966392,-0.81173129,3.566894531,1.079101563,-14.32641602,0.057861328,-0.230712891,-1.263916016,0.507080078,0.570800781,-0.840332031,0.013810091,0.070275769,0.016995354,0.227050781,0.014770508,-1.010375977,0.117516343,0.265095774,0.130366232,-3.477644493,3.929116685,9.90785169,19.34558874,29.83998089,204.7750262,-1.171485347,-1.293614459,1.498803683,-48.6870229,55.00763359,138.7099237,1.480953677,2.647684444,1.302580103,-14.36641221,-10.32061069,-2.854961832,1.229007634,11.80916031,43.34351145,19.34558874,29.83998089,204.7750262,-2.881679389,5.599236641,2.026717557,4.398362052,5.462598365,14.30996248
3,0.259538923,0.114850725,-1.025896345,0.01279416,0.091665834,0.01643107,0.688273553,0.63187421,-0.435775477,0.8642171,-1.057575931,-0.7199178,3.633544922,1.607910156,-14.36254883,0.057861328,-0.230712891,-1.263916016,0.507080078,0.623291016,-0.840332031,0.01279416,0.091665834,0.01643107,0.227050781,0.014770508,-1.010375977,0.113111271,0.30276366,0.128183735,-3.796074155,3.636859324,12.07033806,18.96639006,34.17699089,275.7574032,-0.976707952,-1.160866908,1.110662094,-53.14503817,50.91603053,168.9847328,1.243033418,1.412724656,-0.379689341,-14.36641221,-10.32061069,-2.854961832,1.229007634,11.80916031,43.34351145,18.96639006,34.17699089,275.7574032,-4.061068702,5.599236641,2.026717557,4.355041912,5.846109038,16.60594482
3,0.268572126,0.105189732,-1.017979213,0.012549194,0.090089173,0.013249825,0.459495337,0.752401822,-0.170511789,0.7725618,-0.842653505,-1.077521394,3.760009766,1.47265625,-14.25170898,0.057861328,-0.230712891,-1.192138672,0.507080078,0.623291016,-0.840332031,0.012549194,0.090089173,0.013249825,0.245239258,0.014770508,-1.010375977,0.112023184,0.300148585,0.115107883,-3.64176663,2.955288986,12.54961832,18.30086524,28.683606,282.037016,-1.126345956,-1.38219491,0.990539044,-50.98473282,41.3740458,175.6946565,1.79907735,1.840314921,-0.68069621,-14.36641221,-10.32061069,-2.854961832,1.229007634,9.190839695,43.34351145,18.30086524,28.683606,282.037016,-4.061068702,4.522900763,2.026717557,4.277951056,5.355707797,16.79395772
3,0.250959124,0.105015346,-1.010166713,0.007844278,0.090175233,0.013770091,-0.116991114,0.752082196,-0.354060344,1.023527963,-0.844224627,-1.154825144,3.513427734,1.470214844,-14.14233398,0.057861328,-0.230712891,-1.192138672,0.416015625,0.623291016,-0.840332031,0.007844278,0.090175233,0.013770091,0.245239258,0.014770508,-0.979370117,0.088567929,0.300291913,0.11734603,-3.59214831,2.953107961,12.304253,18.81997834,28.68719195,288.7334865,-1.065406674,-1.380541795,0.975783026,-50.29007634,41.34351145,172.259542,1.669739864,1.835834847,-0.707717292,-14.36641221,-10.32061069,-2.854961832,1.58778626,9.190839695,43.34351145,18.81997834,28.68719195,288.7334865,-4.061068702,4.522900763,2.026717557,4.338199897,5.356042564,16.99215956
3,0.245832171,0.105503627,-1.013131278,0.006389613,0.089978519,0.012808701,-0.581823847,0.751232312,-0.475386189,1.249854242,-0.84049794,-1.229214096,3.441650391,1.477050781,-14.18383789,0.057861328,-0.230712891,-1.192138672,0.375488281,0.623291016,-0.867675781,0.006389613,0.089978519,0.012808701,0.245239258,0.014770508,-0.979370117,0.079935055,0.299964197,0.11317553,-3.614503817,2.475463468,12.17175573,18.62681258,27.10532763,291.9808757,-1.080676648,-1.25012761,0.97354782,-50.60305344,34.65648855,170.4045802,1.725522455,1.737250911,-0.720347464,-14.36641221,-10.32061069,-2.854961832,1.58778626,9.190839695,43.34351145,18.62681258,27.10532763,291.9808757,-4.061068702,2.969465649,1.923664122,4.315879121,5.206277714,17.0874479
3,0.246704102,0.097569057,-1.013654436,0.006532337,0.092704687,0.012699251,-0.564176754,0.780162397,-0.478233106,1.124846442,-0.879117877,-1.216555803,3.453857422,1.365966797,-14.19116211,0.057861328,-0.230712891,-1.192138672,0.375488281,0.623291016,-0.867675781,0.006532337,0.092704687,0.012699251,0.245239258,-0.023193359,-0.979370117,0.080822872,0.304474444,0.112690952,-3.347873501,2.298800436,12.07906216,18.52833316,26.18373375,294.215754,-1.291752281,-1.225418802,0.972633521,-46.87022901,32.18320611,169.1068702,2.183937962,1.865939021,-0.728727346,-14.36641221,-10.32061069,-2.854961832,1.58778626,9.190839695,43.34351145,18.52833316,26.18373375,294.215754,-2.881679389,2.919847328,1.759541985,4.304455036,5.117004373,17.15271856
3,0.247750419,0.099679129,-0.994820731,0.006541886,0.091607923,0.015475779,-0.607919562,0.78639425,-0.452552263,1.151718372,-0.862133323,-0.936002565,3.468505859,1.395507813,-13.92749023,0.057861328,-0.230712891,-1.192138672,0.375488281,0.623291016,-0.803955078,0.006541886,0.091607923,0.015475779,0.252563477,-0.023193359,-0.95324707,0.080881929,0.302668008,0.124401685,-3.287895311,2.342966194,12.04961832,19.16995539,26.00471072,294.9145222,-1.20798698,-1.264026081,0.972511774,-46.03053435,32.80152672,168.6946565,2.016377121,2.000822918,-0.731273821,-14.36641221,-10.32061069,-2.854961832,2.06870229,9.190839695,43.34351145,19.16995539,26.00471072,294.9145222,-2.881679389,2.919847328,1.553435115,4.378350761,5.099481417,17.1730755
3,0.249075753,0.090454102,-0.988839286,0.006451636,0.094144425,0.01664594,-0.668963914,0.837358402,-0.469532416,1.342932883,-0.871349766,-1.08534862,3.487060547,1.266357422,-13.84375,0.057861328,-0.230712891,-1.192138672,0.375488281,0.623291016,-0.803955078,0.006451636,0.094144425,0.01664594,0.252563477,-0.085205078,-0.952392578,0.080322076,0.306829634,0.129019145,-3.182115594,2.354416576,12.05943293,19.28089054,26.08129986,294.7090781,-1.279676541,-1.263172539,0.97221783,-44.54961832,32.96183206,168.8320611,2.1126637,1.985440802,-0.730681547,-14.36641221,-10.32061069,-2.854961832,2.06870229,9.190839695,43.34351145,19.28089054,26.08129986,294.7090781,-2.141221374,2.919847328,1.622137405,4.391001087,5.106985398,17.16709288
3,0.253574916,0.096487863,-0.992274693,0.007960032,0.090638933,0.01685762,-0.061488955,0.876034331,-0.374666371,1.549278416,-0.834712021,-1.211110657,3.550048828,1.350830078,-13.8918457,0.057861328,-0.230712891,-1.192138672,0.438476563,0.623291016,-0.803955078,0.007960032,0.090638933,0.01685762,0.252563477,-0.085205078,-0.952392578,0.089219009,0.301063004,0.129836899,-2.902399128,2.966194111,12.41821156,19.35923744,29.11396336,284.9860298,-1.478025463,-1.280174104,0.991829613,-40.63358779,41.52671756,173.8549618,2.543883941,1.827782364,-0.694253242,-14.36641221,-10.32061069,-1.961832061,2.06870229,9.244274809,43.34351145,19.35923744,29.11396336,284.9860298,-1.896946565,3.622137405,2.286259542,4.399913344,5.395735665,16.88152925
3,0.260306222,0.109863281,-0.975969587,0.007954975,0.083717365,0.016038507,-0.299445882,0.944602946,-0.718681033,1.629880509,-0.769098681,-0.676999703,3.644287109,1.538085938,-13.66357422,0.057861328,-0.134033203,-1.192138672,0.438476563,0.623291016,-0.803955078,0.007954975,0.083717365,0.016038507,0.259643555,-0.060913086,-0.934814453,0.089190667,0.289339532,0.126643227,-2.819520174,2.579607415,12.52071974,19.56743248,30.61876853,282.2413628,-1.514414379,-0.997430902,0.99747915,-39.47328244,36.11450382,175.2900763,2.563373026,0.921578767,-0.683098613,-14.36641221,-10.32061069,-1.961832061,2.06870229,9.244274809,43.34351145,19.56743248,30.61876853,282.2413628,-1.450381679,2.919847328,2.286259542,4.423509069,5.533422859,16.80004056
3,0.266078404,0.112705776,-0.963448661,0.007795516,0.082594364,0.012449745,-0.517521972,0.944326546,-0.812027206,1.988496989,-0.754300333,0.118181009,3.725097656,1.577880859,-13.48828125,0.057861328,-0.134033203,-1.192138672,0.438476563,0.623291016,-0.803955078,0.007795516,0.082594364,0.012449745,0.268310547,-0.047851563,-0.934814453,0.088292219,0.287392351,0.111578427,-2.561068702,2.284078517,12.55507088,19.49276535,29.77608601,281.3755647,-1.715911359,-0.86957973,0.998665131,-35.85496183,31.97709924,175.7709924,3.127618154,0.894847304,-0.679576449,-14.36641221,-10.32061069,-1.961832061,2.06870229,9.244274809,43.34351145,19.49276535,29.77608601,281.3755647,-1.064885496,2.221374046,2.286259542,4.415061194,5.456746834,16.77425303
3,0.273263114,0.08984375,-0.970336914,0.007305993,0.087382903,0.013116605,-0.79467842,1.07116606,-0.59398325,3.006899009,-0.605155741,-0.441603777,3.825683594,1.2578125,-13.5847168,0.057861328,-0.156005859,-1.192138672,0.438476563,0.623291016,-0.803955078,0.007305993,0.087382903,0.013116605,0.282226563,-0.065307617,-0.934814453,0.085475101,0.295605994,0.114527748,-2.734460196,1.863140676,12.15103599,18.98287421,28.50709313,289.2325369,-1.662940773,-0.696643059,1.014211964,-38.28244275,26.08396947,170.1145038,3.11779736,0.924259292,-0.694483742,-14.36641221,-10.32061069,-1.961832061,2.06870229,9.244274809,43.34351145,18.98287421,28.50709313,289.2325369,-1.450381679,1.93129771,1.622137405,4.356934038,5.339203418,17.00683795
3,0.266043527,0.075997489,-0.972080776,0.007991235,0.083477721,0.013366879,-0.530378887,1.275013939,-0.544176407,1.765196,-0.025815194,-0.593399898,3.724609375,1.063964844,-13.60913086,0.057861328,-0.156005859,-1.192138672,0.438476563,0.623291016,-0.803955078,0.007991235,0.083477721,0.013366879,0.274414063,-0.065307617,-0.934814453,0.08939371,0.288925113,0.11561522,-2.482006543,1.925845147,11.02017448,21.34953456,29.3156973,282.3477618,-1.382140275,-0.654523371,1.264107269,-34.7480916,26.96183206,154.2824427,2.438011812,0.814666955,-0.133291562,-14.36641221,-10.32061069,-1.961832061,3.511450382,9.244274809,43.34351145,21.34953456,29.3156973,282.3477618,-1.450381679,1.93129771,1.622137405,4.620555655,5.414397224,16.80320689
3,0.25894601,0.056588309,-0.972795759,0.008997721,0.0680668,0.013712917,-0.358218586,1.436469663,-0.587361177,0.685071936,0.909424306,-0.477945085,3.625244141,0.792236328,-13.61914063,0.057861328,-0.156005859,-1.202148438,0.438476563,0.623291016,-0.803955078,0.008997721,0.0680668,0.013712917,0.274414063,-0.065307617,-0.934814453,0.094856318,0.260896149,0.117102165,-2.163576881,1.534896401,10.11941112,18.65999125,25.33802911,246.5319719,-1.714564216,-0.80788394,1.454246586,-30.29007634,21.48854962,141.6717557,4.565037434,1.462173503,0.779771842,-14.36641221,-10.32061069,-1.961832061,3.511450382,9.244274809,43.34351145,18.65999125,25.33802911,246.5319719,-1.450381679,1.93129771,1.622137405,4.319721201,5.033689413,15.70133663
3,0.266932896,0.048165458,-0.981968471,0.006431622,0.059877583,0.012814044,0.348365188,1.425709866,-0.438605771,0.083888542,1.089147921,-0.336986647,3.737060547,0.674316406,-13.74755859,0.146972656,-0.156005859,-1.202148438,0.438476563,0.623291016,-0.803955078,0.006431622,0.059877583,0.012814044,0.274414063,-0.065307617,-0.96862793,0.080197393,0.244698964,0.113199133,-1.741003272,2.086695747,9.404034896,10.05343479,15.51062209,202.5046188,-0.388782464,0.16389111,1.37673392,-24.3740458,29.21374046,131.6564885,0.273615241,0.096735194,0.590439948,-8.450381679,-5.152671756,-1.961832061,3.511450382,9.244274809,41.36641221,10.05343479,15.51062209,202.5046188,-1.450381679,1.93129771,1.622137405,3.170715187,3.938352713,14.23041176
3,0.279541016,0.026384626,-1.010288783,0.006606129,0.039538635,0.021553515,0.03117957,1.095722365,-0.794945294,-0.177385391,-0.141712496,0.418766205,3.913574219,0.369384766,-14.14404297,0.146972656,-0.156005859,-1.337646484,0.438476563,0.444824219,-0.803955078,0.006606129,0.039538635,0.021553515,0.289550781,-0.065307617,-1.005615234,0.0812781,0.198843243,0.146811154,-1.748636859,2.835332606,9.010905125,10.11297947,11.68391401,177.6044763,-0.388712328,0.400014504,1.243705663,-24.48091603,39.69465649,126.1526718,0.244540737,-0.204509385,-0.035786034,-8.450381679,-2.595419847,-1.961832061,3.511450382,9.244274809,35.86259542,10.11297947,11.68391401,177.6044763,-1.450381679,2.221374046,1.622137405,3.18009111,3.418174076,13.32683294
3,0.281616211,0.047101702,-0.987165179,0.006823556,0.049642723,0.021927849,-0.023016002,0.897759909,-1.081812671,-0.369346541,-0.980404222,1.129259059,3.942626953,0.659423828,-13.8203125,0.146972656,-0.156005859,-1.337646484,0.438476563,0.444824219,-0.803955078,0.006823556,0.049642723,0.021927849,0.289550781,-0.065307617,-0.962280273,0.082604817,0.22280647,0.14808055,-1.663576881,3.284078517,10.22028353,9.684333119,13.95399388,231.258837,-0.453100073,0.205417526,1.17175223,-23.29007634,45.97709924,143.0839695,0.59421742,-0.894086221,-0.452656248,-8.450381679,-2.595419847,-1.961832061,3.511450382,9.244274809,38.67938931,9.684333119,13.95399388,231.258837,-1.450381679,2.874045802,1.622137405,3.111966118,3.735504502,15.20719688
3,0.288661412,0.042916434,-0.994803292,0.007197991,0.051441552,0.021778954,-0.242774903,0.860315007,-0.920383179,-0.592265474,-1.002877314,0.910367991,4.041259766,0.600830078,-13.92724609,0.146972656,-0.183837891,-1.337646484,0.438476563,0.444824219,-0.803955078,0.007197991,0.051441552,0.021778954,0.297241211,-0.065307617,-1.005615234,0.084840974,0.226807301,0.147576944,-1.98691385,3.474372955,10.41003272,8.883680156,14.00662376,226.784188,-0.25794911,0.034910372,1.187293384,-27.81679389,48.64122137,145.740458,0.995290042,-0.947850808,-0.433559945,-8.450381679,-2.595419847,-0.06870229,3.511450382,9.244274809,38.67938931,8.883680156,14.00662376,226.784188,-1.896946565,3.645038168,1.622137405,2.980550311,3.742542419,15.0593555
3,0.293683733,0.037946429,-1.002615792,0.008152315,0.053085682,0.020732553,-0.174001331,0.858242355,-0.84416906,-0.840173384,-1.031177031,1.077761423,4.111572266,0.53125,-14.03662109,0.146972656,-0.183837891,-1.337646484,0.438476563,0.444824219,-0.803955078,0.008152315,0.053085682,0.020732553,0.297241211,-0.074707031,-1.005615234,0.090290171,0.230403303,0.143988032,-2.056161396,3.741003272,10.47982552,8.616896157,13.52831747,225.2771881,-0.21999655,-0.184084128,1.190722925,-28.78625954,52.3740458,146.7175573,1.2286401,-0.744830184,-0.427647111,-8.450381679,-2.595419847,0.282442748,3.511450382,9.244274809,38.67938931,8.616896157,13.52831747,225.2771881,-1.896946565,4.179389313,1.622137405,2.935455017,3.678086115,15.00923676
3,0.29422433,0.038225446,-1.007829939,0.008196793,0.052995743,0.020184484,-0.189409422,0.858113225,-0.767937799,-0.863652236,-1.029595369,1.16786702,4.119140625,0.53515625,-14.10961914,0.146972656,-0.183837891,-1.337646484,0.438476563,0.444824219,-0.803955078,0.008196793,0.052995743,0.020184484,0.297241211,-0.074707031,-1.005615234,0.090536141,0.230208044,0.14207211,-1.700109051,3.63740458,10.47709924,10.59870483,13.71616994,225.337171,-0.168397236,-0.089869448,1.190566086,-23.80152672,50.92366412,146.6793893,0.326604322,-0.845770675,-0.427892565,-8.450381679,-2.595419847,0.244274809,3.511450382,9.244274809,38.67938931,10.59870483,13.71616994,225.337171,-1.561068702,4.179389313,1.622137405,3.255565209,3.70353479,15.01123483
3,0.285836356,0.036342076,-1.029697963,0.009821994,0.053719409,0.017276852,-0.172648853,0.850902727,-0.758824463,-1.224856043,-1.041807211,1.37805925,4.001708984,0.508789063,-14.41577148,0.141357422,-0.183837891,-1.337646484,0.438476563,0.444824219,-0.829345703,0.009821994,0.053719409,0.017276852,0.297241211,-0.074707031,-1.025268555,0.099105975,0.231774479,0.131441439,-1.948745911,3.994547437,10.36804798,9.445894121,13.27933578,227.7672915,-0.081743676,-0.376373848,1.183895401,-27.28244275,55.92366412,145.1526718,1.030592206,-0.570708328,-0.437874747,-8.450381679,-2.595419847,-0.687022901,3.511450382,9.244274809,38.67938931,9.445894121,13.27933578,227.7672915,-1.709923664,4.740458015,1.622137405,3.073417336,3.644082296,15.09196115
3,0.287248884,0.038504464,-1.035417829,0.009668109,0.053163056,0.015633551,-0.212956966,0.840837127,-0.915135257,-1.139551142,-1.035606864,1.894325068,4.021484375,0.5390625,-14.49584961,0.141357422,-0.183837891,-1.337646484,0.438476563,0.444824219,-0.829345703,0.009668109,0.053163056,0.015633551,0.297241211,-0.059570313,-1.025268555,0.098326544,0.230571151,0.125034198,-1.496728462,4.023991276,10.24863686,12.24903932,13.38912343,230.0150674,0.005747503,-0.392981162,1.184121575,-20.95419847,56.33587786,143.480916,0.152374645,-0.601414132,-0.443165405,-8.450381679,-2.595419847,-0.687022901,4.320610687,9.244274809,38.67938931,12.24903932,13.38912343,230.0150674,-1.263358779,4.740458015,0.992366412,3.499862757,3.659115116,15.16624764
3,0.271711077,0.041312081,-1.015433175,0.007987045,0.052230048,0.020889431,-0.139975845,0.841304069,-0.481650852,-1.27187453,-1.017923984,1.086340678,3.803955078,0.578369141,-14.21606445,0.141357422,-0.183837891,-1.337646484,0.414550781,0.444824219,-0.763427734,0.007987045,0.052230048,0.020889431,0.289550781,-0.059570313,-1.005615234,0.089370269,0.228538942,0.144531763,-1.635768811,3.670665213,9.95474373,12.3572181,11.16418585,236.3393783,0.138137714,-0.486737169,1.172064107,-22.90076336,51.38931298,139.3664122,0.100673686,-0.298392667,-0.46472911,-8.450381679,-2.595419847,-1.946564885,4.320610687,8.549618321,38.67938931,12.3572181,11.16418585,236.3393783,-1.954198473,4.469465649,0.832061069,3.515283502,3.34128506,15.37333335
3,0.278948103,0.030535017,-1.034755162,0.009219084,0.055823752,0.021033852,-0.140304409,0.836260471,-0.157130685,-1.455888513,-1.062430118,0.807333248,3.905273438,0.427490234,-14.48657227,0.141357422,-0.194335938,-1.337646484,0.414550781,0.444824219,-0.763427734,0.009219084,0.055823752,0.021033852,0.289550781,-0.080810547,-1.025268555,0.096016064,0.236270506,0.145030521,-1.713195202,4.711014177,9.944929117,12.35421743,14.19176628,236.5351865,0.214639643,0.220826463,1.171969116,-23.98473282,65.95419847,139.2290076,0.12376743,1.025913493,-0.46528397,-8.450381679,-2.595419847,-1.946564885,4.320610687,12.82442748,38.67938931,12.35421743,14.19176628,236.5351865,-2.347328244,4.740458015,0.820610687,3.514856672,3.767196076,15.37970047
3,0.284824916,0.018746512,-1.037475586,0.009852259,0.05987118,0.02102251,-0.258173057,0.831912917,-0.091988021,-1.603876819,-1.101776305,0.799566577,3.987548828,0.262451172,-14.5246582,0.141357422,-0.217285156,-1.337646484,0.414550781,0.444824219,-0.763427734,0.009852259,0.05987118,0.02102251,0.312133789,-0.102172852,-1.042724609,0.099258546,0.24468588,0.144991414,-2.024536532,4.798800436,9.985278081,13.24326786,13.72788574,235.7872498,0.4016245,0.187757119,1.171450847,-28.34351145,67.18320611,139.7938931,-0.148058521,1.283196348,-0.463842265,-8.450381679,-2.595419847,-1.946564885,4.320610687,12.82442748,38.67938931,13.24326786,13.72788574,235.7872498,-2.698473282,4.740458015,0.820610687,3.639130097,3.705116158,15.35536551
3,0.286621094,0.02293178,-1.037231445,0.009910987,0.058541119,0.021011469,-0.316901597,0.823758441,-0.097823542,-1.601390545,-1.083276171,0.805281514,4.012695313,0.321044922,-14.52124023,0.141357422,-0.217285156,-1.337646484,0.414550781,0.444824219,-0.763427734,0.009910987,0.058541119,0.021011469,0.324707031,-0.096069336,-1.042724609,0.09955394,0.24195272,0.144953335,-1.643947655,4.814612868,10.00926936,14.88451549,13.58588955,235.3049731,0.169770744,0.196309152,1.171757088,-23.01526718,67.40458015,140.129771,-0.794678755,1.343759834,-0.462410101,-8.450381679,-2.595419847,-1.946564885,4.320610687,12.82442748,38.67938931,14.88451549,13.58588955,235.3049731,-2.549618321,4.740458015,0.870229008,3.858045553,3.68590417,15.33965362
3,0.304478237,0.028669085,-1.052333287,0.010084032,0.060163679,0.0246213,-0.580062427,0.735945685,-0.001031087,-1.163104796,-1.300542545,-0.035898022,4.262695313,0.401367188,-14.73266602,0.141357422,-0.217285156,-1.337646484,0.425048828,0.444824219,-0.763427734,0.010084032,0.060163679,0.0246213,0.33984375,-0.096069336,-1.044311523,0.10041928,0.245282854,0.156911758,-2.707197383,4.522900763,10.95038168,18.9052602,12.57440395,240.5836019,-0.162471716,0.421963879,0.943501042,-37.90076336,63.32061069,153.3053435,0.080924444,2.219225883,-0.938349732,-11.3740458,-2.595419847,-1.946564885,4.320610687,12.82442748,38.67938931,18.9052602,12.57440395,240.5836019,-2.919847328,4.469465649,0.870229008,4.348017962,3.546040602,15.51075762
3,0.327532087,0.033133371,-1.047328404,0.009703899,0.063042727,0.023357014,-0.659211226,0.720951856,-0.043991803,-0.466388299,-1.38664398,0.28085971,4.585449219,0.463867188,-14.66259766,0.141357422,-0.217285156,-1.337646484,0.469726563,0.444824219,-0.763427734,0.009703899,0.063042727,0.023357014,0.35144043,-0.096069336,-1.044311523,0.098508373,0.251083108,0.152830017,-2.265539804,4.510359869,12.11123228,20.39180233,12.59835904,288.8901195,-0.373420211,0.432281356,0.850122078,-31.71755725,63.14503817,169.5572519,-0.19690424,2.204803086,-1.312598896,-11.3740458,-2.595419847,-1.946564885,4.320610687,12.82442748,38.97709924,20.39180233,12.59835904,288.8901195,-2.549618321,4.469465649,0.870229008,4.515728328,3.549416719,16.99676791
3,0.353219169,0.024745396,-1.030099051,0.010208012,0.056589967,0.029414208,-0.464504639,0.675872432,0.05853866,0.445609719,-1.488159914,-0.33689323,4.945068359,0.346435547,-14.42138672,0.141357422,-0.217285156,-1.337646484,0.529296875,0.408203125,-0.754882813,0.010208012,0.056589967,0.029414208,0.363525391,-0.096069336,-1.044311523,0.101034708,0.237886457,0.171505709,-2.116684842,5.413849509,12.4002181,18.71908512,10.19877969,303.2654249,-0.359305585,1.032727674,0.843987525,-29.63358779,75.79389313,173.6030534,0.127310989,1.126934448,-1.353299023,-11.3740458,0.748091603,-1.946564885,4.320610687,12.82442748,38.97709924,18.71908512,10.19877969,303.2654249,-2.549618321,4.740458015,0.870229008,4.326555804,3.193552832,17.41451765
3,0.349121094,0.030186244,-1.016078404,0.010313373,0.060445195,0.022878893,-0.323015716,0.687284696,0.478565967,0.275589433,-1.488984629,-0.429043491,4.887695313,0.422607422,-14.22509766,0.141357422,-0.217285156,-1.261474609,0.529296875,0.408203125,-0.754882813,0.010313373,0.060445195,0.022878893,0.35144043,-0.096069336,-1.044311523,0.10155478,0.245856045,0.151257704,-2.05997819,5.634133043,12.12431843,18.36066445,10.83751139,290.3887027,-0.39311076,0.776018516,0.859729745,-28.83969466,78.8778626,169.740458,0.281632054,0.316813439,-1.279979555,-11.3740458,0.748091603,-1.946564885,4.320610687,12.82442748,38.97709924,18.36066445,10.83751139,290.3887027,-2.549618321,4.740458015,0.870229008,4.284934591,3.292037574,17.04079525
3,0.346714565,0.010096959,-1.033970424,0.010422293,0.049738807,0.02016458,-0.240458744,0.8072464,0.809690746,0.156398877,-1.054179298,0.594841963,4.854003906,0.141357422,-14.47558594,0.141357422,-0.217285156,-1.261474609,0.529296875,0.39453125,-0.754882813,0.010422293,0.049738807,0.02016458,0.34753418,-0.096069336,-1.054931641,0.10208963,0.223021988,0.142002043,-2.222464558,5.081788441,10.93729553,19.21689033,11.64024356,242.2226173,-0.286927834,0.960474356,0.973595358,-31.11450382,71.14503817,153.1221374,-0.090113139,0.781090319,-0.827649958,-11.3740458,0.748091603,-1.946564885,4.320610687,12.82442748,38.97709924,19.21689033,11.64024356,242.2226173,-2.549618321,4.469465649,0.870229008,4.383707373,3.411780116,15.56350273
3,0.340035575,0.015537807,-1.025931222,0.010868203,0.047880573,0.021044623,-0.043634921,0.816136089,0.605595635,-0.174566909,-1.015513381,0.061352608,4.760498047,0.217529297,-14.36303711,0.141357422,-0.217285156,-1.261474609,0.529296875,0.39453125,-0.754882813,0.010868203,0.047880573,0.021044623,0.324707031,-0.096069336,-1.054931641,0.104250672,0.218816299,0.145067649,-2.101962923,4.828244275,10.93402399,19.23422615,12.67243481,242.2949407,-0.381368615,0.986866108,0.973550533,-29.42748092,67.59541985,153.0763359,-0.046716487,0.5512514,-0.82791976,-11.3740458,0.748091603,-1.946564885,4.320610687,12.82442748,38.97709924,19.23422615,12.67243481,242.2949407,-1.805343511,4.267175573,0.870229008,4.385684228,3.559836347,15.56582605
3,0.336722238,0.013759068,-1.016828265,0.010490126,0.048551207,0.022885455,0.034552252,0.808107796,0.432589634,0.056989767,-1.029763299,-0.556502201,4.714111328,0.192626953,-14.2355957,0.141357422,-0.217285156,-1.261474609,0.529296875,0.39453125,-0.754882813,0.010490126,0.048551207,0.022885455,0.324707031,-0.096069336,-1.054931641,0.102421315,0.220343385,0.151279395,-2.138495093,4.917121047,10.89640131,19.14397903,12.74722073,243.1271686,-0.356974666,0.893391859,0.973040256,-29.9389313,68.83969466,152.5496183,-0.028815241,0.373585071,-0.831006608,-11.3740458,0.748091603,-1.946564885,4.320610687,12.82442748,38.97709924,19.14397903,12.74722073,243.1271686,-1.805343511,4.267175573,0.782442748,4.375383301,3.570325017,15.59253567
3,0.33543178,0.010742188,-1.014474051,0.010515621,0.049480328,0.023084278,0.077916457,0.811200768,0.377132171,0.042088161,-1.050068777,-0.644674486,4.696044922,0.150390625,-14.20263672,0.141357422,-0.217285156,-1.261474609,0.529296875,0.39453125,-0.754882813,0.010515621,0.049480328,0.023084278,0.315673828,-0.096069336,-1.054931641,0.102545701,0.222441741,0.15193511,-2.471101418,4.953653217,10.8478735,16.86944394,12.54598275,244.2735134,-0.343942205,0.898919895,0.971275704,-34.59541985,69.35114504,151.870229,0.505084356,0.431977801,-0.835424136,-11.3740458,0.748091603,-1.946564885,4.320610687,12.82442748,38.97709924,16.86944394,12.54598275,244.2735134,-1.828244275,4.267175573,0.782442748,4.107242864,3.542030879,15.62925185
3,0.354858398,0.011910575,-1.00491769,0.007678681,0.049084115,0.022394399,0.373235768,0.812558073,0.195767925,-0.35130839,-1.041332304,-0.571754515,4.968017578,0.166748047,-14.06884766,0.220947266,-0.217285156,-1.261474609,0.529296875,0.39453125,-0.754882813,0.007678681,0.049084115,0.022394399,0.343017578,-0.096069336,-1.014770508,0.087628082,0.221549351,0.149647583,-2.530534351,4.854961832,10.99073064,16.7833482,12.51347196,241.0100288,-0.297347032,0.998672418,0.97488216,-35.42748092,67.96946565,153.870229,0.523703708,0.598534824,-0.823104065,-11.3740458,0.748091603,-1.946564885,4.320610687,12.82442748,38.97709924,16.7833482,12.51347196,241.0100288,-2.221374046,4.267175573,1.072519084,4.096748491,3.537438616,15.5244977
3,0.36012486,0.008736747,-1.008108956,0.006830476,0.049763846,0.022085329,0.420465674,0.834591548,0.267559816,0.017927179,-1.044961062,-0.45730559,5.041748047,0.122314453,-14.11352539,0.220947266,-0.217285156,-1.261474609,0.529296875,0.39453125,-0.754882813,0.006830476,0.049763846,0.022085329,0.34387207,-0.102539063,-1.018554688,0.082646697,0.223078117,0.148611335,-2.92693566,4.753544166,11.17557252,13.13380262,12.41902192,237.4044726,-0.647226813,1.108102131,0.970596093,-40.97709924,66.54961832,156.4580153,1.224726337,0.831237251,-0.812154456,-11.3740458,0.748091603,-1.946564885,2.832061069,12.82442748,38.97709924,13.13380262,12.41902192,237.4044726,-2.221374046,4.267175573,1.477099237,3.62405886,3.524063268,15.40793538
3,0.37398856,0.004882813,-1.019130162,0.005365425,0.050830612,0.017977628,0.586416635,0.846417087,0.134808883,-0.092941124,-1.061296911,-0.070467437,5.235839844,0.068359375,-14.26782227,0.265625,-0.217285156,-1.261474609,0.529296875,0.39453125,-0.754882813,0.005365425,0.050830612,0.017977628,0.370605469,-0.10949707,-1.018554688,0.073249064,0.225456452,0.134080679,-2.700654308,4.637949836,11.5785169,13.86340386,12.71958075,228.2891277,-0.753144542,1.165076725,0.983835759,-37.80916031,64.93129771,162.0992366,0.986228795,0.822955941,-0.777628064,-11.3740458,0.748091603,-0.435114504,2.832061069,12.82442748,38.97709924,13.86340386,12.71958075,228.2891277,-1.828244275,3.889312977,2.480916031,3.723359217,3.566452124,15.10923981
3,0.369995117,0.007376535,-1.001046317,0.005321702,0.04984765,0.016920405,0.774993517,0.860470269,-0.16675045,0.169327407,-1.045887764,0.228617006,5.179931641,0.103271484,-14.01464844,0.265625,-0.217285156,-1.261474609,0.529296875,0.39453125,-0.754882813,0.005321702,0.04984765,0.016920405,0.358642578,-0.10949707,-0.980102539,0.072949997,0.223265874,0.130078459,-2.819520174,3.827699019,11.77589967,13.9326434,7.623992813,224.1750356,-0.638965086,1.096388301,0.985376975,-39.47328244,53.58778626,164.8625954,0.818809423,0.813627452,-0.760822798,-11.3740458,0.748091603,-0.435114504,2.832061069,10.05343511,38.97709924,13.9326434,7.623992813,224.1750356,-1.851145038,3.229007634,3.351145038,3.73264563,2.761157875,14.97247593
3,0.362915039,0.000279018,-0.992885045,0.00597695,0.053987291,0.016935732,0.800395843,0.708102968,-0.370802002,-0.050314186,-0.993124302,0.313702484,5.080810547,0.00390625,-13.90039063,0.265625,-0.316650391,-1.261474609,0.529296875,0.39453125,-0.754882813,0.00597695,0.053987291,0.016935732,0.334350586,-0.10949707,-0.968139648,0.077310735,0.232351653,0.13013736,-2.546892039,3.670665213,11.66466739,13.47319375,8.277578025,226.7762903,-0.898499282,1.049858087,0.979677714,-35.65648855,51.38931298,163.3053435,1.426332082,0.557602987,-0.772764256,-11.3740458,0.717557252,-0.435114504,2.832061069,10.05343511,38.97709924,13.47319375,8.277578025,226.7762903,-1.507633588,3.110687023,3.351145038,3.670584934,2.877078036,15.05909328
3,0.356375558,-0.006417411,-0.989449637,0.007272,0.056024088,0.016629212,0.477262079,0.727715068,-0.463682116,-0.236138476,-1.04294915,0.521593023,4.989257813,-0.08984375,-13.85229492,0.221923828,-0.316650391,-1.261474609,0.529296875,0.39453125,-0.754882813,0.007272,0.056024088,0.016629212,0.334350586,-0.124633789,-0.968139648,0.085276021,0.23669408,0.1289543,-2.647219193,4.01308615,11.67175573,12.45177732,7.763645014,226.6116104,-1.101400315,0.854102196,0.980008418,-37.0610687,56.18320611,163.4045802,1.683582487,0.31890924,-0.772008556,-11.3740458,0.717557252,-0.435114504,2.167938931,10.05343511,38.97709924,12.45177732,7.763645014,226.6116104,-1.507633588,3.889312977,3.351145038,3.528707599,2.786331821,15.05362449
3,0.33871024,-0.031773158,-0.967947824,0.009027982,0.053901268,0.010503892,0.373503706,1.069573403,0.010549225,0.040470487,-0.3455905,0.584860577,4.741943359,-0.444824219,-13.55126953,0.177734375,-0.316650391,-1.141357422,0.529296875,0.39453125,-0.754882813,0.009027982,0.053901268,0.010503892,0.318725586,-0.143310547,-0.960205078,0.095015693,0.232166465,0.102488497,-1.77917121,3.965648855,10.38931298,6.684839634,7.772307961,227.539367,-0.362909636,0.911834653,1.233178715,-24.90839695,55.51908397,145.4503817,-0.612458586,0.391577932,-0.280676601,-6.366412214,0.717557252,-0.435114504,2.167938931,10.05343511,38.97709924,6.684839634,7.772307961,227.539367,-1.354961832,3.557251908,2.519083969,2.585505683,2.78788593,15.08440808
3,0.32547433,-0.071881975,-0.959019252,0.007745604,0.042442897,0.008463574,0.68351432,1.547972838,0.176476973,1.192697848,1.504104196,1.556578243,4.556640625,-1.006347656,-13.42626953,0.177734375,-0.316650391,-1.141357422,0.529296875,0.39453125,-0.754882813,0.007745604,0.042442897,0.008463574,0.314208984,-0.150268555,-0.960205078,0.088009113,0.206016739,0.091997685,-2.097600872,3.611232279,7.547982552,5.397284348,9.854271217,165.6123785,-0.458352361,0.58274486,1.729434187,-29.36641221,50.55725191,105.6717557,-0.430410547,0.089064951,1.582850521,-6.366412214,-1.419847328,-0.801526718,1.427480916,10.05343511,37.3740458,5.397284348,9.854271217,165.6123785,-1.507633588,3.125954198,1.515267176,2.323205619,3.139151353,12.8690473
3,0.307913644,-0.106811523,-0.971330915,0.004353708,0.029485352,0.005172479,-0.091323212,2.254854638,-1.069618552,0.151238372,5.769781343,1.39189938,4.310791016,-1.495361328,-13.59863281,0.177734375,-0.316650391,-1.141357422,0.415039063,0.39453125,-0.863769531,0.004353708,0.029485352,0.005172479,0.310302734,-0.154785156,-0.960205078,0.065982636,0.171712992,0.071919951,-2.181570338,3.398037077,4.949291167,6.268042283,7.53240897,93.21524752,-0.726834356,0.163226345,2.388199693,-30.54198473,47.57251908,69.29007634,0.24651603,-0.510078489,4.965312394,-7.541984733,-1.419847328,-0.801526718,1.427480916,8.41221374,32,6.268042283,7.53240897,93.21524752,-1.507633588,3.125954198,1.152671756,2.503605856,2.74452345,9.654804375
3,0.306309291,-0.149501256,-0.966169085,0.004380644,0.008902115,0.003655183,-0.008043066,1.732856338,-0.483490255,0.096607485,6.420530505,-0.024997875,4.288330078,-2.093017578,-13.52636719,0.177734375,-0.316650391,-1.079833984,0.415039063,0.126953125,-0.863769531,0.004380644,0.008902115,0.003655183,0.299072266,-0.158569336,-0.960205078,0.066186436,0.094351021,0.060458113,-1.8217012,2.973827699,2.627044711,6.186474763,5.470397675,33.41365132,-1.064502143,0.016236291,3.342693529,-25.50381679,41.63358779,36.77862595,1.025105282,-0.407595623,11.841112,-7.541984733,-1.419847328,-0.801526718,1.427480916,7.06870229,22.0610687,6.186474763,5.470397675,33.41365132,-1.354961832,2.65648855,0.961832061,2.487262504,2.338888128,5.780454249
3,0.304164342,-0.177385603,-0.969778878,0.004427734,0.003184169,0.00472135,0.099404593,-1.310068223,-0.96377821,0.023833826,1.931061363,1.218290545,4.258300781,-2.483398438,-13.5769043,0.177734375,-0.316650391,-1.130371094,0.415039063,-0.107666016,-0.863769531,0.004427734,0.003184169,0.00472135,0.286254883,-0.160522461,-0.960205078,0.066541223,0.056428443,0.068712079,-1.486368593,2.780806979,1.070883315,4.941431856,6.888754274,2.17894267,-1.533493461,-0.250333803,0.732686203,-20.80916031,38.93129771,14.99236641,3.668143803,-0.445886012,-0.567074752,-7.541984733,-1.885496183,-0.801526718,1.427480916,7.06870229,3.694656489,4.941431856,6.888754274,2.17894267,-1.240458015,2.65648855,0.790076336,2.222933165,2.624643647,1.476124206
3,0.311157227,-0.18460519,-0.964564732,0.004531876,0.002829752,0.005628988,-0.19060924,-1.306010073,-0.639447483,-0.086105819,1.977900793,0.694713219,4.356201172,-2.584472656,-13.50390625,0.177734375,-0.316650391,-1.130371094,0.415039063,-0.111328125,-0.849853516,0.004531876,0.002829752,0.005628988,0.302978516,-0.167236328,-0.960205078,0.067319213,0.053195415,0.075026582,-1.468375136,3.106870229,1.010359869,4.955051097,7.330270336,2.285240748,-1.554636555,-0.50541565,0.771193504,-20.55725191,43.49618321,14.14503817,3.695107899,-0.45718556,-0.651352696,-7.541984733,-1.885496183,-0.801526718,1.427480916,7.06870229,3.694656489,4.955051097,7.330270336,2.285240748,-1.229007634,3.125954198,0.65648855,2.225994406,2.707447199,1.511701276
3,0.318237305,-0.182512556,-0.974714007,0.006102981,0.002944036,0.004867716,0.241384615,-1.327813377,-0.571375622,-0.050757554,1.839864663,1.050100855,4.455322266,-2.555175781,-13.64599609,0.177734375,-0.316650391,-1.130371094,0.467285156,-0.111328125,-0.849853516,0.006102981,0.002944036,0.004867716,0.302978516,-0.160522461,-0.968383789,0.078121581,0.05425897,0.06976902,-1.420392585,3.102508179,0.961286805,5.012021572,7.304431016,2.385403973,-1.597292306,-0.50874085,0.784953145,-19.88549618,43.4351145,13.45801527,3.710449863,-0.449336384,-0.726098761,-7.541984733,-1.885496183,-0.801526718,1.427480916,7.06870229,3.694656489,5.012021572,7.304431016,2.385403973,-1.129770992,3.125954198,0.603053435,2.238754469,2.702671089,1.544475307
3,0.335083008,-0.187953404,-0.976981027,0.010062582,0.002999213,0.004867631,0.68112387,-1.009647269,-0.459763701,0.374617252,1.037621375,0.958889638,4.691162109,-2.631347656,-13.67773438,0.177734375,-0.316650391,-1.130371094,0.553710938,-0.111328125,-0.849853516,0.010062582,0.002999213,0.004867631,0.303833008,-0.176391602,-0.980102539,0.100312423,0.054765068,0.06976841,-1.214285714,3.247001091,0.981461287,5.590040604,7.450790542,2.33042466,-1.505172165,-0.662270373,0.800454576,-17,45.45801527,13.74045802,3.130209345,-0.404062293,-0.687744235,-7.541984733,-1.885496183,-0.801526718,1.427480916,7.06870229,3.694656489,5.590040604,7.450790542,2.33042466,-1.015267176,3.969465649,0.603053435,2.36432667,2.729613625,1.526572848
3,0.321463449,-0.185372489,-0.981828962,0.010364142,0.003370491,0.005189746,0.961241168,-0.767373184,-0.254585537,0.802228419,0.715123427,0.337548998,4.500488281,-2.595214844,-13.74560547,0.177734375,-0.316650391,-1.130371094,0.553710938,-0.101806641,-0.849853516,0.010364142,0.003370491,0.005189746,0.286254883,-0.176391602,-0.987792969,0.101804431,0.058055927,0.072039894,-1.202290076,2.856052345,0.998364231,5.565443559,8.647970641,2.346493871,-1.529868472,-0.357569528,0.757293163,-16.83206107,39.98473282,13.97709924,3.231884365,-1.132853051,-0.775478087,-7.541984733,-1.885496183,-0.801526718,1.427480916,7.06870229,3.694656489,5.565443559,8.647970641,2.346493871,-1.015267176,3.125954198,0.603053435,2.359119234,2.940743212,1.531826972
3,0.332083566,-0.190761021,-0.971191406,0.011900078,0.002917635,0.006726806,0.658079792,-0.833562262,-0.11389327,-0.357759595,1.258331329,-0.175982292,4.649169922,-2.670654297,-13.59667969,0.177734375,-0.316650391,-1.130371094,0.553710938,-0.101806641,-0.834960938,0.011900078,0.002917635,0.006726806,0.286254883,-0.188964844,-0.976074219,0.109087479,0.054015133,0.082017108,-0.77917121,2.835877863,1.074154853,8.047509014,8.581073812,2.805999548,-0.599952674,-0.344750483,0.920961093,-10.90839695,39.70229008,15.03816794,2.101728086,-1.110643542,-0.359551018,-7.541984733,-1.885496183,-0.801526718,4.694656489,7.06870229,4.381679389,8.047509014,8.581073812,2.805999548,-0.778625954,3.125954198,0.603053435,2.836813179,2.929346994,1.675111802
3,0.327200753,-0.191929408,-0.97921317,0.011361436,0.002830853,0.006703907,0.823808192,-0.82956737,0.171316474,0.121291281,1.430602234,-0.140751765,4.580810547,-2.687011719,-13.70898438,0.177734375,-0.316650391,-1.130371094,0.553710938,-0.101806641,-0.834960938,0.011361436,0.002830853,0.006703907,0.286254883,-0.188964844,-0.998779297,0.106590035,0.053205756,0.081877392,-0.769356598,2.950926936,0.861504907,8.070976486,8.727604311,2.238849781,-0.607420896,-0.461764502,1.309945168,-10.77099237,41.3129771,12.0610687,2.0799894,-1.110761652,1.298721783,-7.541984733,-1.885496183,-0.801526718,4.694656489,7.06870229,4.381679389,8.070976486,8.727604311,2.238849781,-0.778625954,3.908396947,0.496183206,2.840946407,2.954251904,1.496278644
3,0.311837333,-0.192853655,-0.977992467,0.013940567,0.002778103,0.00690505,0.670739468,-0.808385092,0.160345393,-0.018618408,1.537054271,-0.286645956,4.365722656,-2.699951172,-13.69189453,0.134033203,-0.316650391,-1.130371094,0.553710938,-0.101806641,-0.834960938,0.013940567,0.002778103,0.00690505,0.283935547,-0.188964844,-0.998779297,0.11807018,0.052707717,0.083096631,-0.646673937,3.182660851,0.73391494,7.464334861,8.745702145,1.774191545,-0.721447016,-0.704792198,1.600436448,-9.053435115,44.55725191,10.27480916,3.045740493,-0.871101113,3.534854298,-7.541984733,-1.885496183,-0.801526718,4.694656489,7.06870229,4.381679389,7.464334861,8.745702145,1.774191545,-0.778625954,4.267175573,0.496183206,2.732093494,2.957313332,1.331987817
3,0.298148019,-0.171264648,-0.97366769,0.01768194,0.003546823,0.00753044,0.371563877,1.331363038,0.093628754,-0.271517388,3.121872351,-0.694505605,4.174072266,-2.397705078,-13.63134766,0.082275391,-0.263427734,-1.130371094,0.553710938,-0.014404297,-0.834960938,0.01768194,0.003546823,0.00753044,0.283935547,-0.17956543,-0.998779297,0.132973454,0.059555206,0.08677811,-0.45474373,3.273173391,0.886041439,7.60363359,8.379825262,1.885226917,-0.918522582,-0.811866255,1.193525715,-6.366412214,45.82442748,12.40458015,3.117787784,-0.537741589,2.011861525,-7.541984733,-1.885496183,-0.801526718,4.694656489,7.06870229,4.381679389,7.60363359,8.379825262,1.885226917,-0.076335878,4.267175573,0.824427481,2.757468693,2.894792784,1.373035658
3,0.316441127,-0.169468471,-0.974155971,0.019363595,0.003515013,0.007570458,0.069863247,1.24685999,0.10842071,-0.749452693,3.032111011,-0.721358284,4.430175781,-2.372558594,-13.63818359,0.082275391,-0.263427734,-1.130371094,0.553710938,-0.014404297,-0.834960938,0.019363595,0.003515013,0.007570458,0.286254883,-0.169189453,-0.998779297,0.139153134,0.059287545,0.087008379,-0.174482007,3.168484188,0.732824427,9.839473736,8.021681221,2.198948421,-0.387916676,-0.781490534,1.055659969,-2.442748092,44.35877863,10.25954198,1.847757532,-0.456412041,1.445830654,-7.541984733,-1.885496183,-1.213740458,5.351145038,7.06870229,4.381679389,9.839473736,8.021681221,2.198948421,-0.076335878,4.160305344,0.496183206,3.136793544,2.832257266,1.482885168
3,0.327340262,-0.165893555,-0.973597935,0.017770521,0.003784434,0.007591292,-0.106181969,1.002840187,0.086560323,-0.330293339,1.862705034,-0.741492988,4.582763672,-2.322509766,-13.63037109,0.082275391,-0.263427734,-1.130371094,0.553710938,-0.014404297,-0.834960938,0.017770521,0.003784434,0.007591292,0.309204102,-0.169189453,-0.998779297,0.133306119,0.061517755,0.087128021,-0.179934569,3.177753544,0.470010905,9.828696681,8.030950577,2.608523928,-0.383026278,-0.791246375,0.954871937,-2.519083969,44.48854962,6.580152672,1.856280215,-0.450102153,1.440898276,-7.541984733,-1.885496183,-1.961832061,5.351145038,7.06870229,4.381679389,9.828696681,8.030950577,2.608523928,-0.076335878,4.160305344,0.061068702,3.135075227,2.833893184,1.615092545
3,0.330461775,-0.162684849,-0.967912946,0.017618397,0.003693201,0.007633784,-0.186852606,0.871554442,-0.124001878,-0.25205602,1.858403621,-0.765483597,4.626464844,-2.277587891,-13.55078125,0.082275391,-0.263427734,-1.130371094,0.553710938,-0.014404297,-0.834960938,0.017618397,0.003693201,0.007633784,0.329223633,-0.165527344,-0.972167969,0.132734309,0.060771713,0.08737153,-0.006543075,3.724100327,0.652671756,9.461550628,6.799665226,2.575381119,-0.573983378,-1.124823021,0.663926058,-0.091603053,52.13740458,9.13740458,2.426051881,0.799039348,1.043756737,-7.541984733,-1.885496183,-1.961832061,5.351145038,7.06870229,4.381679389,9.461550628,6.799665226,2.575381119,0.270992366,4.267175573,0.496183206,3.075963366,2.607616771,1.604799402
3,0.327706473,-0.159912109,-0.978114537,0.018003688,0.003807187,0.00819724,-0.12843593,0.699547099,0.14768455,-0.404015583,1.352850759,-1.011084112,4.587890625,-2.238769531,-13.69360352,0.082275391,-0.263427734,-1.130371094,0.553710938,-0.014404297,-0.834960938,0.018003688,0.003807187,0.00819724,0.329223633,-0.165527344,-0.998779297,0.134177821,0.061702407,0.090538609,0.638495093,3.902944384,0.709378408,4.817503078,8.535807296,2.661889564,1.019644133,-0.42904975,0.539415046,8.938931298,54.64122137,9.93129771,0.885430042,0.965810058,0.645915794,-2.145038168,-1.885496183,-1.961832061,5.351145038,9.572519084,4.381679389,4.817503078,8.535807296,2.661889564,0.408396947,4.267175573,0.496183206,2.194881108,2.921610394,1.631529823
3,0.321602958,-0.15398298,-0.96913365,0.019046081,0.003747504,0.007566614,-0.027810745,0.432412701,-0.087817401,-0.713593971,1.192931934,-0.715536077,4.502441406,-2.155761719,-13.56787109,0.082275391,-0.263427734,-1.130371094,0.553710938,-0.014404297,-0.834960938,0.019046081,0.003747504,0.007566614,0.329223633,-0.16003418,-0.972167969,0.138007541,0.061216859,0.086986289,0.743184297,3.962922574,0.695747001,4.919917767,8.401481509,2.700334454,0.83839843,-0.501803647,0.536875157,10.40458015,55.48091603,9.740458015,0.465510734,1.166259166,0.572070592,-2.145038168,-1.885496183,-1.961832061,5.351145038,9.572519084,4.381679389,4.919917767,8.401481509,2.700334454,0.553435115,4.267175573,0.496183206,2.218088764,2.898530923,1.64326944
3,0.310494559,-0.129481724,-0.956246512,0.021768315,0.006376254,0.005416257,0.029371211,1.561745414,0.180698238,-1.100040692,2.897362116,-1.027033317,4.346923828,-1.812744141,-13.38745117,0.082275391,-0.228027344,-1.070068359,0.553710938,0.079589844,-0.834960938,0.021768315,0.006376254,0.005416257,0.329223633,-0.149291992,-0.951293945,0.147540892,0.079851448,0.073595227,0.434023991,4.381679389,1.08778626,7.439129485,5.581573604,4.496624726,-0.130751918,-0.192659742,0.8203841,6.076335878,61.34351145,15.22900763,0.882778508,2.792808531,0.586344563,-5.358778626,-1.106870229,-1.961832061,5.351145038,9.572519084,5.763358779,7.439129485,5.581573604,4.496624726,0.553435115,4.267175573,1.133587786,2.727476762,2.362535419,2.120524635
3,0.312308175,-0.121669224,-0.970127651,0.022021515,0.005897069,0.004932941,-0.004762212,1.502605264,0.42120473,-1.156266414,2.968150183,-0.713597114,4.372314453,-1.703369141,-13.58178711,0.082275391,-0.228027344,-1.070068359,0.553710938,0.079589844,-0.834960938,0.022021515,0.005897069,0.004932941,0.329223633,-0.133178711,-0.972167969,0.14839648,0.076792376,0.070234899,0.347328244,4.163576881,1.119956379,7.812129919,5.555447408,4.421989292,-0.077072919,0.081885892,0.802594605,4.86259542,58.29007634,15.67938931,0.51032006,2.82086019,0.653771678,-5.358778626,-1.106870229,-1.961832061,5.351145038,9.572519084,5.763358779,7.812129919,5.555447408,4.421989292,0.553435115,4.160305344,1.133587786,2.795018769,2.356999662,2.102852656
3,0.305716378,-0.119890485,-0.958060128,0.020429521,0.005857518,0.006042968,0.049383101,1.438594397,0.22296288,-0.894057531,2.872069287,-1.126913772,4.280029297,-1.678466797,-13.4128418,0.082275391,-0.228027344,-1.070068359,0.553710938,0.079589844,-0.834960938,0.020429521,0.005857518,0.006042968,0.329223633,-0.121459961,-0.951293945,0.142931876,0.076534422,0.07773653,0.650490731,4.103053435,1.26172301,8.508175322,5.390225153,4.268152103,-0.295613353,0.14794973,0.637048094,9.106870229,57.44274809,17.66412214,0.100952811,3.219860985,0.673120638,-5.358778626,-1.106870229,-1.961832061,5.351145038,9.572519084,5.763358779,8.508175322,5.390225153,4.268152103,0.916030534,4.160305344,1.572519084,2.916877667,2.321685843,2.065950654
3,0.290719169,-0.115495954,-0.967407227,0.015567708,0.005104353,0.007943353,-0.205025442,1.8391512,-0.042979847,-0.947611867,3.725990879,-0.982269978,4.070068359,-1.616943359,-13.54370117,0.082275391,-0.186767578,-1.122558594,0.478027344,0.079589844,-0.834960938,0.015567708,0.005104353,0.007943353,0.329223633,-0.121459961,-0.951293945,0.124770621,0.071444758,0.089125489,0.444929117,4.153217012,1.494547437,8.75574248,5.485250226,4.317779389,-0.073343448,0.081792644,0.323304613,6.229007634,58.14503817,20.92366412,-0.162190236,2.973138564,0.302067549,-5.358778626,-1.106870229,-1.961832061,5.351145038,9.572519084,5.763358779,8.75574248,5.485250226,4.317779389,0.553435115,4.160305344,1.63740458,2.959010389,2.342061106,2.077926704
3,0.301513672,-0.110491071,-0.966343471,0.015616564,0.005602605,0.007783274,-0.466350575,1.49014352,-0.058336809,-0.804163934,2.045501757,-0.901599854,4.221191406,-1.546875,-13.52880859,0.082275391,-0.186767578,-1.122558594,0.478027344,0.079589844,-0.834960938,0.015616564,0.005602605,0.007783274,0.337036133,-0.121459961,-0.951293945,0.12496625,0.074850549,0.088222866,0.491821156,4.788985823,1.464013086,8.531883244,3.941186923,4.327210433,-0.098078426,1.194983096,0.373110714,6.885496183,67.04580153,20.49618321,-0.008090072,1.626496826,0.311970247,-5.358778626,1.984732824,-1.961832061,5.351145038,9.572519084,5.763358779,8.531883244,3.941186923,4.327210433,0.553435115,4.267175573,1.63740458,2.920938761,1.985242283,2.080194807
3,0.293422154,-0.106044224,-0.966674805,0.013627115,0.005148884,0.007691051,-0.582037886,1.581314935,-0.077011294,-0.622825539,2.401340252,-0.914962999,4.107910156,-1.484619141,-13.53344727,0.082275391,-0.172363281,-1.122558594,0.478027344,0.079589844,-0.836914063,0.013627115,0.005148884,0.007691051,0.337036133,-0.121459961,-0.951293945,0.116735235,0.071755725,0.087698637,0.511995638,4.50436205,1.228462377,8.720206051,5.409263978,3.623739555,-0.063084995,0.512085395,0.598495347,7.167938931,63.0610687,17.19847328,-0.020740106,1.019994088,1.663093728,-5.358778626,0.259541985,-1.961832061,5.351145038,9.572519084,5.763358779,8.720206051,5.409263978,3.623739555,0.553435115,4.183206107,1.358778626,2.952999501,2.325782444,1.903612239
3,0.293962751,-0.109409877,-0.96194894,0.013693218,0.00573513,0.007358852,-0.589854014,1.296350467,-0.239156912,-0.635477266,1.912464888,-0.638358152,4.115478516,-1.531738281,-13.46728516,0.082275391,-0.212158203,-1.122558594,0.478027344,0.079589844,-0.836914063,0.013693218,0.00573513,0.007358852,0.337036133,-0.121459961,-0.951293945,0.117018023,0.075730642,0.085783753,0.595965104,4.312431843,1.304252999,8.799491372,6.013568012,3.620757775,-0.157142678,0.562841616,0.463654879,8.34351145,60.3740458,18.25954198,-0.070600489,0.513654227,1.556501746,-5.358778626,0.259541985,-1.961832061,5.351145038,9.572519084,5.763358779,8.799491372,6.013568012,3.620757775,0.916030534,4.026717557,1.63740458,2.966393664,2.452257738,1.902828887
3,0.290649414,-0.099330357,-0.969482422,0.014988237,0.005790782,0.007043637,-0.649787285,0.959243883,0.003383721,-0.637718099,1.020247315,-0.469984336,4.069091797,-1.390625,-13.57275391,0.082275391,-0.212158203,-1.122558594,0.478027344,0.079589844,-0.836914063,0.014988237,0.005790782,0.007043637,0.337036133,-0.119384766,-0.958251953,0.122426454,0.076097191,0.083926377,0.205016358,3.931842966,1.175027263,13.24730814,7.70308763,3.773506693,-0.700864396,0.372571987,0.62586493,2.870229008,55.04580153,16.45038168,0.43716488,0.115505304,1.358774652,-7.618320611,-0.603053435,-1.961832061,5.351145038,9.572519084,5.763358779,13.24730814,7.70308763,3.773506693,0.916030534,3.839694656,1.400763359,3.63968517,2.775443682,1.942551593
3,0.300502232,-0.110072545,-0.960396903,0.011925329,0.005441371,0.009981313,-0.632870141,1.366999192,0.550546699,-0.148493161,2.408145004,0.188786606,4.20703125,-1.541015625,-13.44555664,0.087646484,-0.212158203,-1.122558594,0.478027344,0.079589844,-0.751220703,0.011925329,0.005441371,0.009981313,0.337036133,-0.121459961,-0.958251953,0.109203156,0.073765649,0.099906521,0.271537623,4.162486369,1.112322792,13.44175491,7.480570243,3.688268378,-0.739019474,0.135035574,0.747859598,3.801526718,58.27480916,15.57251908,0.391826722,0.198773447,1.714432277,-7.618320611,-0.603053435,-1.961832061,5.351145038,9.572519084,5.763358779,13.44175491,7.480570243,3.688268378,1.095419847,4.026717557,1.229007634,3.666299894,2.735063115,1.920486495
3,0.279070173,-0.105050223,-0.95929827,0.010161193,0.005189349,0.009868103,-0.699766392,1.266084517,0.530869582,-0.911697315,2.457631836,0.24018981,3.906982422,-1.470703125,-13.43017578,0.087646484,-0.212158203,-1.122558594,0.388916016,0.079589844,-0.751220703,0.010161193,0.005189349,0.009868103,0.329223633,-0.119384766,-0.958251953,0.100802744,0.072037139,0.099338326,-0.070338059,4.164122137,1.305888768,11.33770381,7.480304178,3.243055267,-0.905380031,0.132951179,0.723530457,-0.984732824,58.29770992,18.28244275,0.874804298,0.198623601,2.469346057,-7.618320611,-0.603053435,-1.961832061,4.977099237,9.572519084,5.763358779,11.33770381,7.480304178,3.243055267,0.633587786,4.038167939,1.416030534,3.367150697,2.735014475,1.800848485
3,0.294363839,-0.102521624,-0.951904297,0.015123995,0.005264617,0.010739583,0.072093619,1.1252868,0.325226164,-0.06633033,2.058422698,-0.414130599,4.12109375,-1.435302734,-13.32666016,0.087646484,-0.212158203,-1.122558594,0.544433594,0.079589844,-0.751220703,0.015123995,0.005264617,0.010739583,0.3359375,-0.119384766,-0.95690918,0.122979652,0.072557678,0.10363196,-0.256815703,4.60959651,1.600327154,11.514217,9.815447882,2.384463942,-0.707411752,0.14948303,1.337209434,-3.595419847,64.53435115,22.40458015,0.500640758,-0.391833659,3.649098692,-7.618320611,-0.603053435,-0.702290076,4.977099237,9.938931298,5.763358779,11.514217,9.815447882,2.384463942,0.351145038,4.538167939,1.58778626,3.393260527,3.132961519,1.544170956
3,0.292253767,-0.108171735,-0.936192104,0.015032892,0.00635054,0.015022017,0.13112071,0.719396818,0.455987437,-0.011664063,1.330890419,-0.631425902,4.091552734,-1.514404297,-13.10668945,0.087646484,-0.234130859,-1.122558594,0.544433594,0.079589844,-0.707519531,0.015032892,0.00635054,0.015022017,0.321166992,-0.119384766,-0.95690918,0.122608693,0.079690275,0.12256434,-0.135223555,4.411123228,1.427480916,11.82444477,9.674663545,2.744873214,-0.783368421,0.359105745,1.220040273,-1.893129771,61.75572519,19.98473282,0.43186008,-0.211260384,2.828559166,-7.618320611,-0.603053435,-0.702290076,4.977099237,9.938931298,5.763358779,11.82444477,9.674663545,2.744873214,1.026717557,4.038167939,1.416030534,3.438669041,3.110412118,1.65676589
3,0.287632533,-0.108799526,-0.915928432,0.015803473,0.006375841,0.01492764,0.191580589,0.740924983,0.15762543,-0.275629781,1.321877628,-0.896932029,4.026855469,-1.523193359,-12.82299805,0.087646484,-0.234130859,-1.122558594,0.544433594,0.079589844,-0.707519531,0.015803473,0.006375841,0.01492764,0.321166992,-0.119384766,-0.946655273,0.125711866,0.079848864,0.122178723,-0.322791712,3.81134133,1.27917121,11.66099724,8.043313135,2.938207064,-0.619358506,0.551594319,1.314160138,-4.519083969,53.35877863,17.90839695,0.332752318,0.481179376,2.651512126,-7.618320611,-0.603053435,-0.702290076,4.977099237,9.938931298,5.763358779,11.66099724,8.043313135,2.938207064,-0.286259542,3.713740458,1.229007634,3.414820235,2.836073542,1.71411991
3,0.289969308,-0.103271484,-0.912841797,0.015452132,0.006668916,0.014878658,0.154360974,0.503084639,0.071032225,-0.153777747,0.700947643,-0.893712307,4.059570313,-1.445800781,-12.77978516,0.087646484,-0.234130859,-1.122558594,0.544433594,0.079589844,-0.707519531,0.015452132,0.006668916,0.014878658,0.321166992,-0.109008789,-0.925048828,0.124306605,0.081663432,0.121978105,-0.52780807,3.729007634,1.357688113,11.27769009,8.226593842,2.689424206,-0.46320946,0.617116589,1.477276892,-7.389312977,52.20610687,19.00763359,0.409064225,0.392824721,3.249975512,-7.618320611,-0.603053435,-0.664122137,4.977099237,9.938931298,5.763358779,11.27769009,8.226593842,2.689424206,-1.064885496,3.713740458,1.229007634,3.358227224,2.86820394,1.639946403
3,0.297537667,-0.121948242,-0.913208008,0.013556915,0.004196476,0.014909806,0.205537051,-0.131900599,0.080111744,0.345260992,-0.887896569,-0.904080825,4.165527344,-1.707275391,-12.78491211,0.087646484,-0.234130859,-1.122558594,0.544433594,-0.03125,-0.707519531,0.013556915,0.004196476,0.014909806,0.321166992,-0.121582031,-0.927612305,0.116434167,0.064780217,0.122105717,-0.075245365,3.492366412,0.844601963,9.436081429,8.884131282,1.506283094,-0.765264945,0.730770053,-0.112018897,-1.053435115,48.89312977,11.82442748,1.895265631,0.182351948,-0.32235319,-7.618320611,-0.603053435,-1.419847328,4.977099237,9.938931298,3.106870229,9.436081429,8.884131282,1.506283094,-0.213740458,3.125954198,1.103053435,3.07182054,2.980625988,1.227307253
3,0.282278878,-0.118512835,-0.909109933,0.013813387,0.004528804,0.013988801,0.513828976,-0.19591487,0.067084189,0.492255555,-1.128373164,-0.694486896,3.951904297,-1.659179688,-12.72753906,0.087646484,-0.234130859,-1.122558594,0.544433594,-0.03125,-0.707519531,0.013813387,0.004528804,0.013988801,0.266967773,-0.121582031,-0.927612305,0.117530367,0.06729639,0.118274264,0.017993457,3.579607415,0.895310796,9.128333091,8.860873844,1.477549081,-0.882396058,0.632670216,-0.250918927,0.251908397,50.11450382,12.53435115,2.397992108,0.093928906,-0.150599324,-7.618320611,-0.603053435,-1.419847328,4.977099237,9.938931298,3.106870229,9.128333091,8.860873844,1.477549081,-0.171755725,3.736641221,1.103053435,3.02131314,2.976721996,1.215544767
3,0.26851981,-0.113054548,-0.92074149,0.013715972,0.004944265,0.014074212,0.832296049,-0.329467584,0.350558205,0.972025035,-1.313704475,-0.612075039,3.759277344,-1.582763672,-12.89038086,0.087646484,-0.234130859,-1.122558594,0.544433594,-0.03125,-0.707519531,0.013715972,0.004944265,0.014074212,0.232910156,-0.110107422,-0.959472656,0.117115208,0.070315465,0.118634784,-0.315703381,3.518538713,0.848418757,8.050235616,8.729269536,1.429142619,-0.849804411,0.710444421,-0.151622956,-4.419847328,49.25954198,11.8778626,3.163104828,0.283500773,0.033862298,-7.618320611,-0.603053435,-1.419847328,4.977099237,9.938931298,3.106870229,8.050235616,8.729269536,1.429142619,-0.946564885,3.736641221,1.053435115,2.837293713,2.954533726,1.195467532
3,0.25680106,-0.105538504,-0.91242327,0.01373974,0.004869878,0.011427122,1.11851897,-0.638602875,0.764440107,1.489361995,-0.976738544,-0.830205266,3.595214844,-1.477539063,-12.77392578,0.087646484,-0.234130859,-1.029296875,0.544433594,-0.03125,-0.707519531,0.01373974,0.004869878,0.011427122,0.225341797,-0.083984375,-0.959472656,0.117216639,0.069784509,0.106897718,-0.278625954,3.437840785,0.711559433,7.978867557,8.500585918,1.02563665,-0.90228796,0.81493804,-0.765122707,-3.900763359,48.12977099,9.961832061,3.34900828,0.605124662,-0.081477449,-7.618320611,-0.603053435,-1.419847328,4.977099237,9.938931298,2.160305344,7.978867557,8.500585918,1.02563665,-0.919847328,3.736641221,1.053435115,2.824688931,2.91557643,1.012737207
3,0.242449079,-0.105573382,-0.909842355,0.013007425,0.004864351,0.01087069,1.524610383,-0.640037818,0.821949166,2.901830055,-0.975994666,-0.780142965,3.394287109,-1.478027344,-12.73779297,0.087646484,-0.234130859,-1.006103516,0.544433594,-0.03125,-0.707519531,0.013007425,0.004864351,0.01087069,0.201293945,-0.083984375,-0.959472656,0.114050099,0.069744898,0.104262601,-0.215921483,3.185387132,0.668484188,7.87978492,7.024258301,1.013520947,-0.991600026,1.023609147,-0.635745057,-3.022900763,44.59541985,9.358778626,3.643683465,2.223586118,-0.160134325,-7.618320611,-0.603053435,-1.419847328,4.977099237,9.938931298,2.160305344,7.87978492,7.024258301,1.013520947,-0.72519084,3.736641221,0.992366412,2.80709546,2.650331734,1.006737775
3,0.229823521,-0.099260603,-0.919294085,0.012178968,0.005164767,0.010691411,1.97225002,-0.810706684,1.116045126,4.837604604,-0.878823471,-0.210213397,3.217529297,-1.389648438,-12.87011719,0.087646484,-0.234130859,-1.006103516,0.544433594,-0.03125,-0.707519531,0.012178968,0.005164767,0.010691411,0.181274414,-0.066772461,-0.967895508,0.11035836,0.071866316,0.103399279,-0.644492912,3.429661941,0.66521265,5.657655904,6.320264899,1.010743117,-1.929316952,1.00022807,-0.628850693,-9.022900763,48.01526718,9.312977099,5.691049171,2.805122854,-0.152470115,-7.618320611,-0.603053435,-1.419847328,2.061068702,9.938931298,2.160305344,5.657655904,6.320264899,1.010743117,-0.919847328,3.851145038,0.992366412,2.378582751,2.514013703,1.005357209
3,0.217163086,-0.08808245,-0.920811244,0.011030094,0.004195958,0.010869289,2.551750186,-1.215064625,1.1241354,8.045165073,0.400744397,-0.225522021,3.040283203,-1.233154297,-12.89135742,0.087646484,-0.234130859,-1.006103516,0.544433594,-0.03125,-0.707519531,0.011030094,0.004195958,0.010869289,0.179931641,-0.05847168,-0.978515625,0.105024254,0.064776213,0.10425588,-0.825517993,3.588331516,0.591057797,5.249047322,6.048486185,0.909896001,-1.964142785,0.879389423,-0.606239113,-11.55725191,50.23664122,8.27480916,6.217914496,3.02941562,0.168466542,-7.618320611,-0.603053435,-1.419847328,2.061068702,9.938931298,2.160305344,5.249047322,6.048486185,0.909896001,-0.942748092,3.923664122,0.851145038,2.291079947,2.459367029,0.95388469
3,0.222865513,-0.089704241,-0.921037946,0.009894599,0.00403426,0.010908198,2.989411013,-1.249824562,1.120946508,9.619498785,0.499042499,-0.231403767,3.120117188,-1.255859375,-12.89453125,0.167480469,-0.234130859,-1.006103516,0.544433594,-0.032226563,-0.707519531,0.009894599,0.00403426,0.010908198,0.179931641,-0.05847168,-0.978515625,0.099471599,0.063515823,0.104442317,-0.335332606,3.931842966,0.682115594,1.441259603,4.599404412,0.868136671,1.090782314,1.432465317,-0.924373457,-4.694656489,55.04580153,9.549618321,0.078115967,4.75842807,0.904696362,-1.908396947,0.664122137,-1.419847328,2.061068702,9.938931298,2.160305344,1.441259603,4.599404412,0.868136671,-0.919847328,4.061068702,0.992366412,1.20052472,2.144622207,0.931738521
3,0.218383789,-0.0816476,-0.939226423,0.010201388,0.003639961,0.008887066,2.986635692,-1.733756295,1.61867789,9.547644746,2.307303639,1.7344581,3.057373047,-1.143066406,-13.14916992,0.157470703,-0.234130859,-1.006103516,0.544433594,-0.032226563,-0.707519531,0.010201388,0.003639961,0.008887066,0.178955078,-0.05480957,-0.985961914,0.101001919,0.060332092,0.094271236,-0.514721919,3.866412214,0.649945474,0.965872657,4.478686019,0.83732665,1.333533337,1.579537296,-0.884499906,-7.20610687,54.12977099,9.099236641,1.566890148,5.469132929,1.047356033,-1.908396947,0.664122137,-1.419847328,1.839694656,9.938931298,2.160305344,0.965872657,4.478686019,0.83732665,-0.919847328,4.061068702,0.923664122,0.982788205,2.116290627,0.915055545
3,0.218593052,-0.077968052,-0.939679827,0.010183789,0.003718116,0.008949293,2.988287292,-1.868955332,1.610338041,9.55929886,2.649014708,1.709242661,3.060302734,-1.091552734,-13.15551758,0.157470703,-0.234130859,-1.006347656,0.544433594,-0.032226563,-0.707519531,0.010183789,0.003718116,0.008949293,0.179931641,-0.052978516,-0.985961914,0.100914762,0.060976354,0.094600704,-0.628135224,3.868047983,0.606870229,0.882227847,4.479543765,0.784791544,1.801941679,1.576417437,-0.880825469,-8.79389313,54.15267176,8.496183206,3.485076333,5.458924734,1.366322168,-1.908396947,0.664122137,-1.419847328,1.839694656,9.938931298,2.160305344,0.882227847,4.479543765,0.784791544,-0.942748092,4.072519084,0.889312977,0.939269848,2.116493271,0.885884611
3,0.192260742,-0.076886858,-0.949759347,0.001410968,0.003747761,0.008405641,2.118688355,-1.905177288,2.053993051,4.499410497,2.728937405,3.461316161,2.691650391,-1.076416016,-13.29663086,0.157470703,-0.234130859,-1.006347656,0.298583984,-0.032226563,-0.707519531,0.001410968,0.003747761,0.008405641,0.178955078,-0.052978516,-0.988525391,0.037562854,0.061218959,0.091682284,-0.543075245,3.444929117,0.504907306,0.74896888,1.453361859,0.589187981,2.248892971,-1.647231014,-1.629679599,-7.603053435,48.22900763,7.06870229,4.43981613,1.453811913,1.995152264,-1.13740458,0.664122137,-1.419847328,1.839694656,4.297709924,1.190839695,0.74896888,1.453361859,0.589187981,-0.919847328,4.019083969,0.812977099,0.865429881,1.205554586,0.767585814
3,0.183768136,-0.063389369,-0.970249721,0.000475869,0.001726991,0.00359282,1.845672746,-2.368760916,2.636257055,2.867010085,5.225773494,7.297947216,2.572753906,-0.887451172,-13.58349609,0.157470703,-0.181884766,-1.006347656,0.235351563,-0.032226563,-0.786376953,0.000475869,0.001726991,0.00359282,0.178955078,-0.051635742,-0.991699219,0.021814424,0.041557076,0.059940136,-0.720283533,3.505997819,0.613413304,0.279153601,1.506290458,0.480809413,2.872360956,-1.704563359,-2.321575443,-10.08396947,49.08396947,8.58778626,9.304735182,1.556802829,5.688737527,-1.13740458,0.664122137,-1.419847328,0.977099237,4.305343511,1.190839695,0.279153601,1.506290458,0.480809413,-0.919847328,4.072519084,0.870229008,0.528349885,1.227310253,0.69340422
3,0.18371582,-0.057512556,-0.984462193,0.000476312,0.001347218,0.000792124,1.851189642,-3.422671028,2.356261169,2.878783934,12.34498677,6.328032392,2.572021484,-0.805175781,-13.7824707,0.157470703,-0.181884766,-1.006347656,0.235351563,-0.032226563,-0.900146484,0.000476312,0.001347218,0.000792124,0.178833008,-0.050292969,-0.991699219,0.021824577,0.036704472,0.028144694,-0.696292257,3.718102508,0.677208288,0.265657628,1.071494527,0.413642997,2.978175064,-2.523940151,-3.00900728,-9.748091603,52.05343511,9.480916031,9.845070288,6.117263449,10.09213925,-1.022900763,0.664122137,-1.419847328,0.977099237,4.305343511,1.190839695,0.265657628,1.071494527,0.413642997,-0.854961832,4.122137405,0.870229008,0.515419856,1.035130198,0.643150835
3,0.179251535,-0.057931083,-0.991210938,0.000258833,0.00133634,0.000204169,2.624609913,-3.429108352,1.320307713,9.182148123,12.39133837,2.070983333,2.509521484,-0.811035156,-13.87695313,0.157470703,-0.181884766,-1.006347656,0.23046875,-0.032226563,-0.955078125,0.000258833,0.00133634,0.000204169,0.177612305,-0.050292969,-0.993774414,0.016088273,0.036555985,0.014288766,-0.682660851,3.862050164,0.726826609,0.259566318,0.87860636,0.418159051,3.006775165,-3.518830607,-3.198596733,-9.557251908,54.06870229,10.17557252,10.03557374,12.76448187,11.0915943,-1.022900763,0.664122137,-1.419847328,0.977099237,4.305343511,1.190839695,0.259566318,0.87860636,0.418159051,-0.801526718,4.133587786,0.889312977,0.509476514,0.937340045,0.646652187
3,0.175502232,-0.049072266,-0.99257115,4.20E-05,6.99E-05,0.000124213,-1.872876453,0.611125413,0.477197789,4.054330773,-0.176056265,-0.536744137,2.45703125,-0.687011719,-13.89599609,0.157470703,-0.061279297,-1.006347656,0.182373047,-0.032226563,-0.971923828,4.20E-05,6.99E-05,0.000124213,0.177490234,-0.050292969,-0.993774414,0.006483342,0.008362964,0.011145109,-0.770992366,4.10959651,0.891494002,0.053027213,0.031454211,0.036416907,0.929250182,-1.348594905,-0.486206976,-10.79389313,57.53435115,12.48091603,0.264009362,1.668308153,-0.282871578,-1.022900763,3.679389313,0.519083969,-0.259541985,4.305343511,1.190839695,0.053027213,0.031454211,0.036416907,-0.801526718,4.13740458,0.889312977,0.230276384,0.177353351,0.190832145
3,0.175885882,-0.051443917,-0.99319894,4.39E-05,0.000159909,0.00012195,-1.913890983,-1.126921439,0.675187042,4.007612048,2.88530888,-0.242768215,2.462402344,-0.720214844,-13.90478516,0.157470703,-0.084472656,-1.006347656,0.182373047,-0.032226563,-0.971923828,4.39E-05,0.000159909,0.00012195,0.178100586,-0.05065918,-0.994506836,0.006627324,0.01264553,0.011043088,-0.770992366,4.119411123,0.877317339,0.053027213,0.030970108,0.037082869,0.929250182,-1.562875434,-0.245814778,-10.79389313,57.67175573,12.28244275,0.264009362,2.281244553,-0.538200292,-1.022900763,3.679389313,0.519083969,-0.259541985,4.305343511,1.190839695,0.053027213,0.030970108,0.037082869,-0.801526718,4.152671756,0.885496183,0.230276384,0.17598326,0.192569129
3,0.18019322,-0.054914202,-0.99269322,0.000363849,0.000259688,0.000118388,2.963985052,-1.104297837,0.562730767,10.52496644,1.315578132,-0.202453734,2.522705078,-0.768798828,-13.89770508,0.157470703,-0.090820313,-1.006347656,0.242675781,-0.032226563,-0.971923828,0.000363849,0.000259688,0.000118388,0.178100586,-0.052978516,-0.993774414,0.019074835,0.016114836,0.010880637,-0.737731734,4.10959651,0.856052345,0.053202988,0.032261049,0.036745726,0.604498373,-1.316390188,0.056609098,-10.32824427,57.53435115,11.98473282,-0.353890102,1.418900386,-0.552963763,-1.022900763,3.679389313,0.519083969,-0.259541985,4.305343511,1.190839695,0.053202988,0.032261049,0.036745726,-0.778625954,4.152671756,0.870229008,0.23065773,0.179613611,0.191691748
3,0.198120117,-0.061540876,-0.989484515,0.004843554,0.000965315,0.00016985,3.321393798,-2.310218951,0.813343366,11.46329183,6.092892262,0.295049195,2.773681641,-0.861572266,-13.8527832,0.157470703,-0.154052734,-1.006347656,0.430664063,-0.032226563,-0.961181641,0.004843554,0.000965315,0.00016985,0.178100586,-0.052978516,-0.992919922,0.069595644,0.031069523,0.013032651,-0.705561614,4.312431843,0.889858233,0.054279733,0.660419325,0.077122225,0.271679189,3.425055062,1.644018557,-9.877862595,60.3740458,12.45801527,-0.755730616,12.42051302,4.186395209,-1.022900763,3.679389313,0.519083969,-0.259541985,7.06870229,1.664122137,0.054279733,0.660419325,0.077122225,-0.736641221,4.152671756,0.870229008,0.232980114,0.812661876,0.277708886
3,0.215576172,-0.069789342,-0.984776088,0.008159509,0.00139704,0.000442905,2.116521527,-1.683755699,1.717722124,3.19839117,1.816032788,3.549808635,3.018066406,-0.977050781,-13.78686523,0.157470703,-0.154052734,-1.006347656,0.430664063,-0.036132813,-0.927246094,0.008159509,0.00139704,0.000442905,0.178833008,-0.05480957,-0.991455078,0.090330001,0.037376996,0.021045303,-0.735550709,4.321155943,0.921483097,0.056304834,0.660491044,0.06586875,0.559580561,3.387004699,1.921786473,-10.29770992,60.49618321,12.90076336,-0.60195786,12.21756829,5.194269107,-1.022900763,3.679389313,0.603053435,-0.259541985,7.06870229,1.664122137,0.056304834,0.660491044,0.06586875,-0.778625954,4.152671756,0.885496183,0.237286396,0.812706001,0.25664908
3,0.231584821,-0.076259068,-0.98777553,0.01045943,0.001514046,0.000485828,1.456598123,-1.243666723,1.749474283,0.323377473,0.074215356,3.782465868,3.2421875,-1.067626953,-13.82885742,0.157470703,-0.154052734,-1.013916016,0.430664063,-0.044189453,-0.927246094,0.01045943,0.001514046,0.000485828,0.17956543,-0.056396484,-0.993530273,0.102271353,0.038910745,0.022041505,-0.653762268,4.23391494,0.953653217,0.099336215,0.887635265,0.088442616,1.185143896,1.833434633,1.471741266,-9.152671756,59.27480916,13.35114504,1.498308927,7.739795029,1.805192018,-1.022900763,2.458015267,0.603053435,0.122137405,7.06870229,1.664122137,0.099336215,0.887635265,0.088442616,-0.736641221,4.152671756,0.885496183,0.315176483,0.942143973,0.297393033
3,0.251900809,-0.083269392,-0.987391881,0.01384937,0.001891104,0.000490093,1.022833832,-0.839912621,1.670164642,-0.939981691,-1.087665797,3.491709675,3.526611328,-1.165771484,-13.82348633,0.157470703,-0.154052734,-1.013916016,0.461425781,-0.044189453,-0.927246094,0.01384937,0.001891104,0.000490093,0.180175781,-0.057495117,-0.993530273,0.117683347,0.043486823,0.022138051,-0.630316249,4.199563795,0.967284624,0.091860473,0.934452064,0.084784629,1.148867927,1.758508671,1.439212381,-8.824427481,58.79389313,13.54198473,1.742599355,7.02140526,1.879296661,-1.022900763,2.458015267,0.603053435,0.122137405,7.06870229,1.664122137,0.091860473,0.934452064,0.084784629,-0.679389313,4.152671756,0.889312977,0.303084928,0.966670608,0.291178002
3,0.271362305,-0.084786551,-0.985543387,0.015613214,0.001827537,0.000478985,0.638158788,-0.788175719,1.471639123,-1.730952148,-1.084305991,3.072003169,3.799072266,-1.187011719,-13.79760742,0.157470703,-0.154052734,-1.013916016,0.461425781,-0.044189453,-0.927246094,0.015613214,0.001827537,0.000478985,0.180786133,-0.06652832,-0.991455078,0.124952848,0.042749706,0.021885716,-0.442748092,4.381134133,1.001635769,0.533741534,1.398559922,0.108243455,2.761043961,1.316650155,1.107080291,-6.198473282,61.33587786,14.02290076,8.616125279,2.319086959,0.072377156,-1.022900763,2.458015267,0.603053435,1.870229008,7.06870229,1.664122137,0.533741534,1.398559922,0.108243455,-0.633587786,4.152671756,0.889312977,0.730576166,1.182607256,0.329003731
3,0.287824358,-0.086478097,-0.986223493,0.015368979,0.001748151,0.00051522,0.329936121,-0.743126049,1.284556194,-2.062661463,-1.053861705,2.622056041,4.029541016,-1.210693359,-13.80712891,0.172851563,-0.154052734,-1.015380859,0.461425781,-0.044189453,-0.927246094,0.015368979,0.001748151,0.00051522,0.211791992,-0.075439453,-0.991455078,0.123971688,0.041810894,0.022698457,-0.475463468,4.438931298,0.973827699,0.549263568,1.43494193,0.126025597,2.777184726,1.117868663,0.90011429,-6.65648855,62.14503817,13.63358779,8.591163329,1.710737736,-0.126556966,-1.022900763,2.458015267,0.496183206,1.870229008,7.06870229,1.664122137,0.549263568,1.43494193,0.126025597,-0.679389313,4.152671756,0.889312977,0.74112318,1.197890617,0.355000841
3,0.307181222,-0.095127651,-0.98979841,0.016157097,0.002007728,0.000849093,0.015098286,-0.48275983,-0.184929592,-2.188211725,-1.520552708,2.359019959,4.300537109,-1.331787109,-13.85717773,0.172851563,-0.165283203,-1.056396484,0.461425781,-0.045166016,-0.927246094,0.016157097,0.002007728,0.000849093,0.315307617,-0.080078125,-0.991455078,0.12711057,0.044807683,0.029139196,-0.806434024,4.507088332,0.980916031,2.473090659,1.453471999,0.12549699,-2.166365266,0.913355903,0.83683914,-11.29007634,63.09923664,13.73282443,8.27478324,1.266891759,-0.190684115,-5.65648855,2.458015267,0.496183206,1.870229008,7.06870229,1.664122137,2.473090659,1.453471999,0.12549699,-0.679389313,4.167938931,0.908396947,1.572606327,1.205600265,0.354255543
3,0.322806222,-0.097830636,-0.989397321,0.015152951,0.001888793,0.000850968,-0.288987024,-0.371069916,-0.231942066,-2.043929742,-1.453478781,2.347431988,4.519287109,-1.369628906,-13.8515625,0.172851563,-0.165283203,-1.056396484,0.461425781,-0.045166016,-0.927246094,0.015152951,0.001888793,0.000850968,0.391235352,-0.087646484,-0.989013672,0.123097324,0.043460242,0.029171361,-0.521264995,4.729007634,1.000545256,3.666178935,1.907865778,0.120402382,-0.856598147,0.652853883,0.72513085,-7.297709924,66.20610687,14.00763359,4.681620233,-0.125781765,-0.161532492,-5.65648855,2.458015267,0.496183206,3.27480916,7.122137405,1.664122137,3.666178935,1.907865778,0.120402382,-0.633587786,4.240458015,0.946564885,1.914726856,1.381255146,0.346990464
3,0.333251953,-0.106916155,-0.980573382,0.013460581,0.002013862,0.001846247,-0.492740753,-0.174213133,1.082642965,-1.682544137,-1.628288705,2.946222704,4.665527344,-1.496826172,-13.72802734,0.172851563,-0.172363281,-1.056396484,0.461425781,-0.048583984,-0.870849609,0.013460581,0.002013862,0.001846247,0.391235352,-0.092895508,-0.984985352,0.116019745,0.044876072,0.042967973,-0.640676118,4.658124318,0.83478735,3.896657128,2.042889544,0.557037712,-0.636821279,0.67800905,-2.373243139,-8.969465649,65.21374046,11.6870229,3.541242234,-0.323779321,7.570400937,-5.65648855,2.458015267,-1.465648855,3.27480916,7.122137405,1.664122137,3.896657128,2.042889544,0.557037712,-0.713740458,4.167938931,0.946564885,1.97399522,1.429296871,0.746349591
3,0.340454102,-0.111676897,-0.982177734,0.011800846,0.001740545,0.001898793,-0.588361113,-0.052652674,1.145137407,-1.346830717,-1.480570005,2.811470885,4.766357422,-1.563476563,-13.75048828,0.172851563,-0.172363281,-1.056396484,0.461425781,-0.048583984,-0.870849609,0.011800846,0.001740545,0.001898793,0.391235352,-0.10546875,-0.988647461,0.1086317,0.041719836,0.043575143,-0.570883315,4.195747001,0.663576881,3.940672084,5.546965679,1.05287449,-0.743002985,-1.493374816,-1.831284417,-7.992366412,58.74045802,9.290076336,3.511432836,4.14163308,2.690200884,-5.65648855,-2.328244275,-1.79389313,3.27480916,7.122137405,1.664122137,3.940672084,5.546965679,1.05287449,-0.572519084,4.167938931,0.946564885,1.985112612,2.355199711,1.026096725
3,0.34992327,-0.119524275,-0.978690011,0.009637882,0.001536284,0.001975559,-0.693395059,0.120533832,0.854967072,-0.863508697,-1.638473681,1.933901611,4.898925781,-1.673339844,-13.70166016,0.177978516,-0.172363281,-1.056396484,0.461425781,-0.057861328,-0.870849609,0.009637882,0.001536284,0.001975559,0.391235352,-0.121337891,-0.982177734,0.098172717,0.039195461,0.044447257,0.23391494,4.209923664,0.745910578,12.60867537,5.549163353,1.22368186,1.756925287,-1.513512452,-1.465936605,3.27480916,58.9389313,10.44274809,5.631095349,4.184652525,2.043851341,-5.65648855,-2.328244275,-1.79389313,10.46564885,7.122137405,2.244274809,12.60867537,5.549163353,1.22368186,-0.5,4.267175573,0.946564885,3.550869664,2.355666223,1.106201546
3,0.348005022,-0.123517718,-0.970458984,0.010399807,0.001229171,0.003005055,-0.78743997,0.081074016,0.862660481,-0.589654958,-1.645130131,0.524024405,4.872070313,-1.729248047,-13.58642578,0.151123047,-0.172363281,-1.056396484,0.461425781,-0.075195313,-0.858886719,0.010399807,0.001229171,0.003005055,0.391235352,-0.121337891,-0.982177734,0.101979442,0.035059539,0.054818385,0.083969466,4.075790622,0.712104689,13.082813,5.824203039,1.229517991,1.774645431,-1.260758395,-1.351393916,1.175572519,57.0610687,9.969465649,5.374122092,3.085866413,1.755484549,-5.65648855,-2.328244275,-1.79389313,10.46564885,7.122137405,2.244274809,13.082813,5.824203039,1.229517991,-0.572519084,4.267175573,0.946564885,3.617017141,2.413338567,1.108836323
4,0.020324707,0.045715332,-0.972351074,0.000919595,0.002224103,0.003014937,-0.032817453,1.260508572,-0.298135473,0.155531204,1.467071411,-4.258125384,0.081298828,0.182861328,-3.889404297,-0.016113281,0.00390625,-1.034912109,0.056396484,0.111572266,-0.924316406,0.000919595,0.002224103,0.003014937,0.020507813,0.033691406,-0.965087891,0.030324831,0.047160392,0.054908442,0.635496183,5.778625954,1.015267176,2.406206903,1.82627275,0.026299944,-1.577901368,0.86978592,-1.689541641,2.541984733,23.11450382,4.061068702,2.95263846,-0.407758781,2.928493506,-1.610687023,4.519083969,0.778625954,1.954198473,7.564885496,1.13740458,2.406206903,1.82627275,0.026299944,1.099236641,5.515267176,1.072519084,1.551195314,1.351396593,0.162172574
4,0.037207031,0.031640625,-0.989257813,0.002114761,0.002658564,0.003690392,0.632403986,0.950680676,0.17613192,0.216068013,1.109752185,-2.772877423,0.186035156,0.158203125,-4.946289063,-0.016113281,-0.024658203,-1.056884766,0.104736328,0.111572266,-0.924316406,0.002114761,0.002658564,0.003690392,0.028564453,0.021484375,-1.001953125,0.045986529,0.051561263,0.060748595,-8.88E-17,5.027480916,0.974045802,3.823932172,4.190798904,0.028220966,-0.583458748,-0.478993487,-0.461826372,-4.44E-16,25.13740458,4.870229008,-2.35642996,0.831965163,-3.006057776,-2.541984733,2.022900763,0.778625954,1.954198473,7.564885496,1.13740458,3.823932172,4.190798904,0.028220966,1.053435115,4.984732824,1.045801527,1.955487707,2.047144085,0.16799097
4,0.029378255,0.022745768,-0.990804036,0.002059547,0.002601562,0.002966658,0.926628797,1.157741991,0.302251253,0.267686515,1.158371925,-1.656645758,0.176269531,0.136474609,-5.944824219,-0.016113281,-0.024658203,-1.056884766,0.104736328,0.111572266,-0.924316406,0.002059547,0.002601562,0.002966658,0.020507813,0.012695313,-1.000244141,0.045382233,0.051005509,0.054467038,-0.530534351,4.522900763,1.008905852,4.747945924,4.880245906,0.029868112,-0.117311848,0.002689358,-0.696053251,-3.183206107,27.13740458,6.053435115,-2.538079418,-1.234986542,-1.802547821,-3.183206107,2,0.778625954,1.954198473,7.564885496,1.183206107,4.747945924,4.880245906,0.029868112,-0.278625954,4.751908397,1.072519084,2.178978183,2.209127861,0.172823933
4,0.027797154,0.030761719,-0.984444754,0.001733788,0.002617757,0.002755299,1.088281964,0.535601978,-0.106775817,1.040004667,-0.932566862,-1.752354082,0.194580078,0.215332031,-6.891113281,-0.016113281,-0.024658203,-1.056884766,0.104736328,0.111572266,-0.924316406,0.001733788,0.002617757,0.002755299,0.018310547,0.021484375,-0.998535156,0.041638785,0.051164016,0.052490937,-0.794983642,4.917121047,1.083969466,4.446155596,5.154739012,0.064331915,0.271399579,-0.316922618,0.617942547,-5.564885496,34.41984733,7.58778626,-2.293597892,-1.454034649,0.874945521,-3.183206107,2,0.778625954,1.954198473,7.564885496,1.534351145,4.446155596,5.154739012,0.064331915,-1.610687023,4.984732824,1.099236641,2.108590903,2.270405033,0.25363737
4,0.027038574,0.035919189,-0.973632813,0.001490708,0.002456587,0.003296869,1.192183371,0.172888632,-0.178840401,1.663588451,-1.294131416,-1.534226864,0.216308594,0.287353516,-7.7890625,-0.016113281,-0.024658203,-1.056884766,0.104736328,0.111572266,-0.897949219,0.001490708,0.002456587,0.003296869,0.020019531,0.033691406,-0.972412109,0.038609687,0.049563972,0.057418369,-0.566793893,5.01240458,0.986641221,4.227555004,4.490979339,0.130923939,-0.07374414,-0.489260772,-0.618662064,-4.534351145,40.09923664,7.893129771,-2.281423846,-0.945632609,1.310431142,-3.183206107,2,0.305343511,1.954198473,7.564885496,1.534351145,4.227555004,4.490979339,0.130923939,-0.290076336,5.332061069,1.072519084,2.056101895,2.119193087,0.361834132
4,0.024712457,0.040527344,-0.987820095,0.001353067,0.00234063,0.004696271,1.377885897,-0.11054817,-0.316958965,2.210232248,-1.370302843,-1.040235001,0.222412109,0.364746094,-8.890380859,-0.016113281,-0.024658203,-1.101318359,0.104736328,0.111572266,-0.897949219,0.001353067,0.00234063,0.004696271,0.018310547,0.045898438,-0.998535156,0.036784057,0.048380055,0.068529348,-0.578456319,4.940627651,0.944868533,3.700334738,3.97597427,0.130263064,-0.052623481,-0.362117517,-0.258953695,-5.20610687,44.46564885,8.503816794,-1.90377682,-0.730537536,0.27271207,-3.183206107,2,0.305343511,1.954198473,7.564885496,1.534351145,3.700334738,3.97597427,0.130263064,-0.671755725,4.984732824,1.045801527,1.923625415,1.993984521,0.360919748
4,0.024145508,0.038793945,-0.992089844,0.00120594,0.002110606,0.004356771,1.475819665,0.022533106,-0.101189122,2.765533709,-1.138462099,-1.048407809,0.241455078,0.387939453,-9.920898438,-0.016113281,-0.024658203,-1.101318359,0.104736328,0.111572266,-0.897949219,0.00120594,0.002110606,0.004356771,0.018676758,0.034545898,-1.000244141,0.034726652,0.045941337,0.066005841,-0.532824427,4.803816794,0.906870229,3.310009129,3.721371456,0.130228101,-0.145640124,-0.128696219,0.010459344,-5.328244275,48.03816794,9.06870229,-1.606363696,-0.828279023,-0.245812134,-3.183206107,2,0.305343511,1.954198473,7.564885496,1.534351145,3.310009129,3.721371456,0.130228101,-0.396946565,4.751908397,0.927480916,1.819343049,1.929085653,0.360871308
4,0.019642223,0.042613636,-1.000954368,0.001308422,0.002060036,0.004785472,1.294344123,-0.191851856,0.053031341,2.3437887,-1.190842605,-1.292076955,0.216064453,0.46875,-11.01049805,-0.025390625,-0.024658203,-1.101318359,0.104736328,0.111572266,-0.897949219,0.001308422,0.002060036,0.004785472,0.018310547,0.045898438,-1.001953125,0.036172112,0.045387622,0.069177103,-0.544760583,4.829979181,0.827203331,2.980575406,3.356763486,0.187020252,-0.124691139,-0.184085974,-0.327797104,-5.992366412,53.12977099,9.099236641,-1.341197102,-0.528297385,-0.146010286,-3.183206107,2,0.030534351,1.954198473,7.564885496,1.534351145,2.980575406,3.356763486,0.187020252,-0.664122137,4.984732824,0.809160305,1.726434304,1.832147234,0.432458382
4,0.021708171,0.041809082,-0.999064128,0.001240692,0.001880528,0.004393305,1.07778517,-0.130739175,-0.044512534,1.827682416,-0.981198251,-1.100792072,0.260498047,0.501708984,-11.98876953,-0.025390625,-0.024658203,-1.101318359,0.104736328,0.111572266,-0.897949219,0.001240692,0.001880528,0.004393305,0.018676758,0.039428711,-1.000244141,0.035223457,0.043365054,0.06628201,-0.589058524,4.832697201,0.916030534,2.733161697,3.051691821,0.264701676,-0.033883568,-0.1951529,0.16810657,-7.06870229,57.99236641,10.99236641,-1.156289414,-0.247919922,0.115621146,-3.183206107,2,0.030534351,1.954198473,7.564885496,1.893129771,2.733161697,3.051691821,0.264701676,-0.667938931,4.923664122,0.927480916,1.65322766,1.746909219,0.514491667
4,0.022629958,0.040771484,-0.997408353,0.001148347,0.001737813,0.004062837,1.000583128,-0.04793207,-0.133515615,1.901476349,-0.811324409,-0.912377718,0.294189453,0.530029297,-12.96630859,-0.025390625,-0.024658203,-1.101318359,0.104736328,0.111572266,-0.897949219,0.001148347,0.001737813,0.004062837,0.019042969,0.032958984,-0.998535156,0.033887268,0.041687086,0.063740386,-0.621843805,4.790369935,0.696418086,2.519371592,2.820674935,0.869628361,0.036772709,-0.112349808,-1.948823943,-8.083969466,62.27480916,9.053435115,-0.963749045,-0.070839113,5.395324213,-3.183206107,2,-1.938931298,1.954198473,7.564885496,1.893129771,2.519371592,2.820674935,0.869628361,-0.671755725,4.86259542,0.809160305,1.587252845,1.679486509,0.932538665
4,0.023263114,0.035923549,-0.999808175,0.001065625,0.00193317,0.003830939,0.953879046,0.020264808,-0.011453763,2.063075317,-1.015242278,-0.837347697,0.325683594,0.502929688,-13.99731445,-0.025390625,-0.027099609,-1.101318359,0.104736328,0.111572266,-0.897949219,0.001065625,0.00193317,0.003830939,0.020385742,0.030639648,-1.000244141,0.032643911,0.043967828,0.061894579,-0.645583424,4.736095965,0.681570338,2.333463751,2.644939234,0.80582025,0.091065292,-0.00505229,-1.93411992,-9.038167939,66.30534351,9.541984733,-0.769057529,0.046196367,5.619128311,-3.183206107,2,-1.938931298,1.954198473,7.564885496,1.893129771,2.333463751,2.644939234,0.80582025,-0.812977099,4.690839695,0.79389313,1.52756792,1.626326915,0.897674914
4,0.021414621,0.038661412,-0.994873047,0.000981546,0.001849308,0.003798778,1.180755123,-0.164174634,-0.260863989,3.311878155,-0.772410608,-0.735174332,0.299804688,0.541259766,-13.92822266,-0.025390625,-0.027099609,-1.101318359,0.104736328,0.111572266,-0.897949219,0.000981546,0.001849308,0.003798778,0.020385742,0.037597656,-0.98840332,0.03132963,0.043003586,0.061634229,-0.494547437,4.728462377,0.65648855,2.33887373,2.641667056,0.794950985,-0.195465502,0.011115055,-1.881553416,-6.923664122,66.19847328,9.190839695,-0.751583024,0.055846334,5.579914357,-3.183206107,2,-1.938931298,1.954198473,7.564885496,1.893129771,2.33887373,2.641667056,0.794950985,-0.667938931,4.690839695,0.736641221,1.529337677,1.625320601,0.891600238
4,0.029541016,0.026140485,-1.000261579,0.001249231,0.002077868,0.003431737,1.010567164,-0.534499939,-0.113367538,1.292248732,-0.627793868,-0.378067234,0.413574219,0.365966797,-14.00366211,-0.025390625,-0.063720703,-1.101318359,0.104736328,0.080810547,-0.897949219,0.001249231,0.002077868,0.003431737,0.025146484,0.030639648,-1.000244141,0.03534446,0.045583638,0.05858103,-0.519083969,4.703925845,0.670665213,2.265494659,2.661160848,0.811283699,-0.199613144,0.06033687,-1.858393691,-7.267175573,65.85496183,9.389312977,-0.655230287,0.003337804,5.385882658,-3.183206107,2,-1.938931298,1.954198473,7.564885496,1.893129771,2.265494659,2.661160848,0.811283699,-0.667938931,4.614503817,0.736641221,1.505156025,1.631306485,0.900712884
4,0.031546456,0.024989537,-1.007149833,0.001231718,0.002107956,0.002969269,0.845080676,-0.443552325,0.056387757,1.138967582,-0.780401135,0.211231497,0.441650391,0.349853516,-14.10009766,-0.025390625,-0.063720703,-1.101318359,0.104736328,0.080810547,-0.897949219,0.001231718,0.002107956,0.002969269,0.029541016,0.030639648,-1.002807617,0.035095838,0.045912481,0.054490998,-0.70174482,4.682660851,0.669029444,1.759557353,2.606031693,0.810940793,-0.388136042,0.081111044,-1.853293917,-9.824427481,65.55725191,9.366412214,-0.512070508,0.134871492,5.375277938,-3.183206107,2,-1.938931298,1.145038168,7.564885496,1.893129771,1.759557353,2.606031693,0.810940793,-0.667938931,4.614503817,0.72519084,1.326483077,1.614320815,0.900522511
4,0.033203125,0.030482701,-1.004429408,0.001259501,0.002777786,0.003103328,0.670392878,-0.091380482,-0.076272296,0.743051204,-0.681667149,-0.089169746,0.46484375,0.426757813,-14.06201172,-0.025390625,-0.063720703,-1.101318359,0.104736328,0.122802734,-0.897949219,0.001259501,0.002777786,0.003103328,0.031005859,0.030639648,-1.001098633,0.035489451,0.052704706,0.055707524,-0.768811341,4.410032715,0.645583424,1.555758617,1.954157491,0.794984283,-0.53515378,0.00341718,-1.829972321,-10.76335878,61.74045802,9.038167939,-0.321175649,0.68080197,5.470632345,-3.183206107,2,-1.938931298,1.030534351,7.282442748,1.893129771,1.555758617,1.954157491,0.794984283,-0.667938931,4.324427481,0.72519084,1.247300532,1.397911832,0.891618911
4,0.024762835,0.037876674,-0.99609375,0.000956432,0.002665032,0.003134324,0.57562631,-0.419023212,-0.39098438,1.374488462,-0.342800899,0.059959267,0.346679688,0.530273438,-13.9453125,-0.025390625,-0.063720703,-1.101318359,0.09765625,0.122802734,-0.897949219,0.000956432,0.002665032,0.003134324,0.026123047,0.037597656,-0.98840332,0.030926232,0.051623952,0.055985034,-0.457470011,4.633587786,0.645583424,1.723769587,1.504421923,0.794984283,-0.399064888,0.041022701,-1.829972321,-6.404580153,64.87022901,9.038167939,0.433726566,1.689254042,5.470632345,-3.183206107,2,-1.938931298,1.816793893,7.282442748,1.893129771,1.723769587,1.504421923,0.794984283,-0.633587786,4.614503817,0.72519084,1.31292406,1.226548785,0.891618911
4,0.029331752,0.044695173,-1.001290458,0.000908896,0.002440558,0.003539731,0.304932655,-0.772589027,-0.200406196,1.362747023,0.504075438,-0.638548689,0.410644531,0.625732422,-14.01806641,-0.025390625,-0.063720703,-1.101318359,0.09765625,0.122802734,-0.897949219,0.000908896,0.002440558,0.003539731,0.031005859,0.057128906,-0.990966797,0.030147905,0.049402001,0.05949564,-0.29825518,4.998909487,0.597600872,1.143939651,1.300631191,0.771655127,0.213101754,0.917578176,-1.743092817,-4.175572519,69.98473282,8.366412214,0.32347778,0.217792316,5.4772304,-2.381679389,3.572519084,-1.938931298,1.816793893,7.282442748,1.893129771,1.143939651,1.300631191,0.771655127,-0.633587786,4.870229008,0.652671756,1.069551145,1.140452187,0.878439028
4,0.031808036,0.041573661,-1.012032645,0.000935962,0.00234729,0.003882687,0.053477138,-0.625400563,0.051692995,1.021541138,0.566717861,-0.818076787,0.4453125,0.58203125,-14.16845703,-0.025390625,-0.063720703,-1.101318359,0.09765625,0.122802734,-0.897949219,0.000935962,0.00234729,0.003882687,0.032592773,0.038696289,-1.012207031,0.030593495,0.048448838,0.062311212,-0.333151581,4.808069793,0.506543075,1.317581521,0.871886228,0.704016775,-0.194111538,1.078797961,-1.749546308,-4.664122137,67.3129771,7.091603053,1.013677141,1.618153869,6.01852193,-2.870229008,3.572519084,-1.938931298,1.816793893,7.114503817,1.893129771,1.317581521,0.871886228,0.704016775,-0.633587786,4.736641221,0.58778626,1.147859539,0.933748482,0.839057075
4,0.031424386,0.042898996,-1.019566127,0.000946351,0.002458796,0.002826121,0.088037309,-0.61108117,-0.303736594,0.926242879,0.357597749,-1.157872223,0.439941406,0.600585938,-14.27392578,-0.025390625,-0.063720703,-1.101318359,0.09765625,0.122802734,-0.940185547,0.000946351,0.002458796,0.002826121,0.032592773,0.038696289,-1.012207031,0.030762826,0.049586252,0.053161272,-0.62868048,4.56870229,0.561613959,1.672285613,1.22482328,0.722610878,-0.311714574,0.364218548,-1.881323794,-8.801526718,63.96183206,7.86259542,0.719786496,1.942610708,6.166676078,-3.106870229,2.328244275,-1.938931298,1.816793893,7.114503817,1.893129771,1.672285613,1.22482328,0.722610878,-0.667938931,4.488549618,0.652671756,1.293168826,1.106717344,0.85006522
4,0.037004743,0.041556222,-1.012834821,0.001077979,0.002384279,0.002275208,-0.114134096,-0.572333304,-0.464502175,0.43721909,0.501899183,-0.589875441,0.518066406,0.581787109,-14.1796875,-0.025390625,-0.063720703,-1.096679688,0.09765625,0.122802734,-0.940185547,0.001077979,0.002384279,0.002275208,0.037109375,0.038696289,-1.005371094,0.032832598,0.048829081,0.047699136,-0.707197383,4.599781897,0.521810251,1.765878868,1.22480503,0.740584484,-0.137207241,0.267292331,-1.669740624,-9.900763359,64.39694656,7.305343511,0.238412141,1.894413378,5.260009713,-3.106870229,2.328244275,-1.938931298,1.816793893,7.114503817,1.893129771,1.765878868,1.22480503,0.740584484,-0.809160305,4.70610687,0.629770992,1.328863751,1.106709099,0.860572184
4,0.044555664,0.040440151,-1.008056641,0.001584087,0.002445859,0.00241286,0.233399716,-0.496391137,-0.672511063,0.439547686,0.244979857,-0.56265401,0.623779297,0.566162109,-14.11279297,-0.025390625,-0.063720703,-1.096679688,0.124755859,0.122802734,-0.940185547,0.001584087,0.002445859,0.00241286,0.042480469,0.038696289,-1.003540039,0.039800596,0.049455629,0.049120873,-0.694656489,4.842966194,0.497818975,1.783883851,1.514684139,0.746416773,-0.158966956,0.192090402,-1.556494227,-9.72519084,67.80152672,6.969465649,0.172148332,0.971252277,4.876834102,-3.106870229,2.328244275,-1.938931298,1.816793893,7.114503817,1.893129771,1.783883851,1.514684139,0.746416773,-0.809160305,4.832061069,0.603053435,1.335621148,1.230725046,0.86395415
4,0.056117467,0.035330636,-1.004795619,0.001713715,0.002367079,0.001989003,0.617889149,-0.227204932,-0.65318879,0.097466627,0.248422241,-0.123498434,0.785644531,0.494628906,-14.06713867,-0.013427734,-0.063720703,-1.096679688,0.136474609,0.122802734,-0.940185547,0.001713715,0.002367079,0.001989003,0.048095703,0.034057617,-1.003540039,0.041397038,0.048652632,0.044598244,-0.682660851,4.847873501,0.548527808,1.786687294,1.51764927,0.731379803,-0.189711086,0.178381798,-1.795843992,-9.557251908,67.87022901,7.679389313,0.168141787,0.948775436,5.776108927,-3.106870229,2.328244275,-1.938931298,1.816793893,7.114503817,1.893129771,1.786687294,1.51764927,0.731379803,-0.778625954,4.832061069,0.717557252,1.336670226,1.231929085,0.855207462
4,0.060511998,0.033290318,-1.005841936,0.001873492,0.002435781,0.001944555,0.322666341,-0.094971431,-0.610425487,-0.608430584,0.00214824,-0.051366064,0.847167969,0.466064453,-14.08178711,-0.013427734,-0.063720703,-1.096679688,0.136474609,0.122802734,-0.940185547,0.001873492,0.002435781,0.001944555,0.052368164,0.031738281,-1.003540039,0.043283852,0.049353637,0.044097113,-0.707197383,4.888767721,0.46346783,1.815920779,1.542358696,0.58633331,-0.133867314,0.06830631,-2.596557589,-9.900763359,68.44274809,6.488549618,0.033710548,0.780035548,8.268029431,-3.106870229,2.328244275,-1.938931298,1.816793893,7.114503817,1.297709924,1.815920779,1.542358696,0.58633331,-0.778625954,4.839694656,0.698473282,1.347561048,1.241917347,0.765724043
4,0.066371373,0.033987863,-1.006452288,0.002015663,0.002435126,0.001912564,0.015589941,-0.144313508,-0.593004977,-0.958237917,0.013433838,0.013098603,0.929199219,0.475830078,-14.09033203,-0.013427734,-0.063720703,-1.096679688,0.136474609,0.122802734,-0.940185547,0.002015663,0.002435126,0.001912564,0.053588867,0.036621094,-1.003540039,0.044896133,0.049347001,0.043732868,-0.630861505,4.607960742,0.658124318,1.846849584,3.013008989,0.109579221,-0.310559231,-1.002831847,-0.064517499,-8.832061069,64.51145038,9.213740458,-0.018274228,1.947242308,0.169687294,-3.106870229,0.351145038,0.053435115,1.816793893,7.114503817,1.297709924,1.846849584,3.013008989,0.109579221,-0.549618321,4.839694656,0.721374046,1.358988442,1.735802117,0.331027523
4,0.085379464,0.029070173,-1.001273019,0.005646077,0.003420733,0.002014208,1.722044856,-0.673412326,-0.830341847,4.502494002,0.571330769,0.177763968,1.1953125,0.406982422,-14.01782227,-0.013427734,-0.095947266,-1.096679688,0.297607422,0.122802734,-0.940185547,0.005646077,0.003420733,0.002014208,0.069213867,0.036621094,-0.998168945,0.075140381,0.058487034,0.044879925,-0.356052345,4.622137405,0.696837514,2.712748559,2.998191337,0.116421659,0.115424709,-1.036544375,-0.330156781,-4.984732824,64.70992366,9.755725191,0.12318187,2.049013867,-0.040524703,-3.106870229,0.351145038,0.053435115,2.893129771,7.114503817,1.297709924,2.712748559,2.998191337,0.116421659,-0.221374046,4.839694656,0.748091603,1.647042367,1.731528613,0.341206182
4,0.082850865,0.030988421,-1.001883371,0.00603438,0.003526646,0.001972817,1.563326064,-0.729911935,-0.834195736,3.923360626,0.453882192,0.250641703,1.159912109,0.433837891,-14.02636719,-0.013427734,-0.095947266,-1.096679688,0.297607422,0.122802734,-0.940185547,0.00603438,0.003526646,0.001972817,0.069213867,0.036621094,-0.998168945,0.077681271,0.059385571,0.044416402,-0.447655398,4.812431843,0.696292257,2.660573009,3.609971754,0.116428383,0.300909242,-0.810868096,-0.324537361,-6.267175573,67.3740458,9.748091603,0.333336789,1.2514122,-0.04381667,-3.106870229,0.351145038,0.053435115,2.893129771,7.541984733,1.297709924,2.660573009,3.609971754,0.116428383,-0.549618321,4.977099237,0.748091603,1.631126301,1.899992567,0.341216035
4,0.071533203,0.041067941,-0.99785505,0.007466729,0.00289289,0.002184567,1.184349279,-1.099019957,-0.875145338,2.846452832,2.219088184,0.064505379,1.001464844,0.574951172,-13.9699707,-0.060791016,-0.095947266,-1.096679688,0.297607422,0.122802734,-0.940185547,0.007466729,0.00289289,0.002184567,0.053588867,0.048339844,-0.989501953,0.086410236,0.053785594,0.046739351,-0.351690294,4.896946565,0.646673937,3.028767951,3.594041498,0.086622427,0.294500354,-0.966856605,-0.67824072,-4.923664122,68.55725191,9.053435115,-0.239417806,1.512067883,-0.010065326,-3.106870229,0.351145038,0.053435115,2.893129771,7.541984733,1.076335878,3.028767951,3.594041498,0.086622427,-0.549618321,5.15648855,0.721374046,1.740335586,1.895795743,0.294316882
4,0.066231864,0.042480469,-0.995814732,0.008214221,0.002812221,0.002142226,1.094546272,-1.214952604,-1.044584771,2.221946362,2.717355098,0.44572218,0.927246094,0.594726563,-13.94140625,-0.060791016,-0.095947266,-1.096679688,0.297607422,0.122802734,-0.940185547,0.008214221,0.002812221,0.002142226,0.053588867,0.048339844,-0.989135742,0.090632339,0.053030373,0.046284191,-0.324972737,4.660305344,0.662486369,3.024296722,3.944209366,0.093836907,0.241680094,-0.599837692,-0.673802879,-4.549618321,65.24427481,9.27480916,-0.251317037,0.362874935,-0.248500855,-3.106870229,0.351145038,0.053435115,2.893129771,7.541984733,1.076335878,3.024296722,3.944209366,0.093836907,-0.36259542,4.977099237,0.721374046,1.739050523,1.986003365,0.306328104
4,0.059116908,0.034894671,-1.002615792,0.009144745,0.002305484,0.002321807,1.040669417,-1.513037339,-0.65753039,1.668131643,3.42595688,-0.548722464,0.827636719,0.488525391,-14.03662109,-0.060791016,-0.095947266,-1.096679688,0.297607422,0.090576172,-0.940185547,0.009144745,0.002305484,0.002321807,0.053588867,0.036621094,-0.992553711,0.09562816,0.04801546,0.048185128,-0.347328244,4.614503817,0.715921483,3.005721829,4.06356766,0.15069212,0.286656932,-0.526819721,0.27799662,-4.86259542,64.60305344,10.02290076,-0.189285929,0.087355859,0.613672853,-3.106870229,0.351145038,0.053435115,2.893129771,7.541984733,1.557251908,3.005721829,4.06356766,0.15069212,-0.36259542,4.977099237,0.721374046,1.73370177,2.015829274,0.388190829
4,0.060878209,0.034214565,-1.005301339,0.008912972,0.002247561,0.002061664,1.04522635,-1.558843038,-0.7971495,1.814119884,3.624990039,-0.382488038,0.852294922,0.479003906,-14.07421875,-0.060791016,-0.095947266,-1.096679688,0.297607422,0.090576172,-0.947265625,0.008912972,0.002247561,0.002061664,0.053588867,0.036621094,-0.992553711,0.09440854,0.047408454,0.045405555,-0.478735005,4.602508179,0.772628135,2.634958771,4.05167768,0.207099089,0.421296759,-0.509438825,0.398032547,-6.702290076,64.4351145,10.81679389,0.64762461,0.093061195,-0.134555739,-3.106870229,0.351145038,0.053435115,2.893129771,7.541984733,1.603053435,2.634958771,4.05167768,0.207099089,-0.36259542,4.893129771,0.721374046,1.623255609,2.012877959,0.45508141
4,0.056640625,0.036272321,-1.001970564,0.009225332,0.002481981,0.001743587,1.118023246,-1.301243117,-0.959526579,1.715412589,2.942664237,0.593505437,0.79296875,0.5078125,-14.02758789,-0.060791016,-0.095947266,-1.096679688,0.297607422,0.102539063,-0.947265625,0.009225332,0.002481981,0.001743587,0.034667969,0.036621094,-0.992553711,0.096048591,0.049819481,0.041756279,-0.461832061,4.4912759,0.852235551,2.621648819,3.623077435,0.251039765,0.389954343,-0.592625822,0.193157443,-6.465648855,62.8778626,11.93129771,0.669219174,0.493887387,-0.707359873,-3.106870229,0.351145038,0.053435115,2.893129771,7.541984733,1.625954198,2.621648819,3.623077435,0.251039765,-0.36259542,4.893129771,0.763358779,1.619150647,1.903438319,0.501038686
4,0.055402483,0.031459263,-0.993024554,0.00925656,0.002817868,0.001039136,1.156486877,-0.950209179,-0.731422971,1.757861853,1.212641004,-0.014326801,0.775634766,0.440429688,-13.90234375,-0.060791016,-0.095947266,-1.059082031,0.297607422,0.102539063,-0.947265625,0.00925656,0.002817868,0.001039136,0.026000977,0.031616211,-0.989135742,0.096211017,0.053083593,0.032235626,-0.335877863,4.686477644,0.893675027,2.190386969,4.206734091,0.222180564,0.591274682,-0.566531095,0.101848141,-4.702290076,65.61068702,12.51145038,1.422587217,0.039649433,-0.269094384,-3.106870229,0.351145038,0.053435115,2.893129771,7.541984733,1.625954198,2.190386969,4.206734091,0.222180564,-0.36259542,5.072519084,0.812977099,1.479995598,2.051032445,0.471360334
4,0.058506557,0.031668527,-0.991577148,0.00913041,0.002845126,0.001036064,1.07292749,-0.931238487,-0.886568831,1.710039434,1.175467534,0.206293514,0.819091797,0.443359375,-13.88208008,-0.060791016,-0.095947266,-1.059082031,0.297607422,0.102539063,-0.947265625,0.00913041,0.002845126,0.001036064,0.047729492,0.031616211,-0.984619141,0.09555318,0.053339724,0.032187948,0.016357688,4.889312977,0.930207197,1.825120978,3.752468701,0.255237566,0.983929048,-0.877090381,0.057654177,0.229007634,68.45038168,13.02290076,0.318251832,1.163818111,-0.773132339,-1.770992366,0.351145038,0.053435115,2.893129771,7.541984733,1.625954198,1.825120978,3.752468701,0.255237566,-0.167938931,5.164122137,0.812977099,1.350970384,1.937128984,0.505210417
4,0.05594308,0.027570452,-0.992623465,0.00908039,0.002842586,0.001086328,1.174110887,-0.691165782,-0.773969379,1.936104417,0.843260102,-0.223494638,0.783203125,0.385986328,-13.89672852,-0.060791016,-0.095947266,-1.059082031,0.297607422,0.102539063,-0.947265625,0.00908039,0.002842586,0.001086328,0.041992188,0.020874023,-0.984619141,0.095291082,0.053315912,0.032959496,0.041984733,4.832606325,0.962922574,1.735659568,3.808209709,0.208440938,1.102555647,-0.764436783,0.39321752,0.58778626,67.65648855,13.48091603,0.392067887,0.894254616,-1.021659108,-1.419847328,0.351145038,0.229007634,2.893129771,7.541984733,1.625954198,1.735659568,3.808209709,0.208440938,-0.167938931,5.164122137,0.812977099,1.317444332,1.951463479,0.456553325
4,0.053519113,0.034807478,-0.9982387,0.008803388,0.003264049,0.001177019,1.289610122,-0.745010905,-0.433505163,2.447662516,0.573232217,-0.930713574,0.749267578,0.487304688,-13.9753418,-0.060791016,-0.095947266,-1.059082031,0.297607422,0.108886719,-0.947265625,0.008803388,0.003264049,0.001177019,0.041992188,0.031616211,-0.989135742,0.093826369,0.057131853,0.034307713,-0.010359869,4.72955289,0.994002181,1.77272803,3.480895539,0.172835352,1.191557954,-0.812726863,0.719019249,-0.145038168,66.21374046,13.91603053,0.468199639,1.341473586,-1.24292899,-1.419847328,0.351145038,0.511450382,2.893129771,7.541984733,1.625954198,1.77272803,3.480895539,0.172835352,-0.36259542,5.164122137,0.812977099,1.331438331,1.865715825,0.415734713
4,0.045532227,0.034946987,-0.989711217,0.008269409,0.00325665,0.001355583,1.653773222,-0.754400842,-0.28612125,3.921055163,0.601978058,-0.13058903,0.637451172,0.489257813,-13.85595703,-0.060791016,-0.095947266,-1.059082031,0.297607422,0.108886719,-0.924560547,0.008269409,0.00325665,0.001355583,0.030151367,0.031616211,-0.984619141,0.090936289,0.057067064,0.036818237,0.014721919,4.63304253,1.011450382,1.755290074,3.521755181,0.16756913,1.147420431,-0.630129865,0.625221357,0.20610687,64.86259542,14.16030534,0.430136316,1.026642316,-1.257787582,-1.419847328,0.351145038,0.511450382,2.893129771,7.541984733,1.625954198,1.755290074,3.521755181,0.16756913,-0.187022901,5.076335878,0.908396947,1.324873607,1.876634003,0.409352086
4,0.039167132,0.040126256,-0.984078544,0.008008221,0.003291374,0.001760833,1.954150064,-1.01073122,-0.140266335,5.12128963,0.953690387,-0.419129498,0.548339844,0.561767578,-13.77709961,-0.060791016,-0.095947266,-1.059082031,0.297607422,0.108886719,-0.9140625,0.008008221,0.003291374,0.001760833,0.020751953,0.053588867,-0.98046875,0.089488662,0.057370498,0.041962279,0.040348964,4.657033806,1.017993457,1.685301005,3.571259199,0.163811569,1.220564417,-0.648775963,0.616329048,0.564885496,65.19847328,14.2519084,0.532326048,0.948137784,-1.226212089,-1.41221374,0.351145038,0.511450382,2.893129771,7.541984733,1.625954198,1.685301005,3.571259199,0.163811569,-0.187022901,5.076335878,0.908396947,1.298191436,1.889777553,0.404736419
4,0.036220006,0.040300642,-0.974121094,0.00764387,0.003291033,0.003105934,2.159203408,-1.021523418,0.652438894,6.313494502,0.971532086,0.83771838,0.507080078,0.564208984,-13.63769531,-0.060791016,-0.095947266,-1.059082031,0.297607422,0.108886719,-0.846679688,0.00764387,0.003291033,0.003105934,0.020751953,0.05480957,-0.976074219,0.08742923,0.05736753,0.055730906,-0.234460196,5.356052345,1.020174482,2.734836401,3.929182961,0.162789573,0.05930002,0.96497998,0.609096743,-3.282442748,74.98473282,14.28244275,1.145028019,1.471290106,-1.217266615,-3.79389313,2.435114504,0.511450382,2.893129771,10.13740458,1.625954198,2.734836401,3.929182961,0.162789573,-0.454198473,5.263358779,0.908396947,1.653734078,1.982216679,0.403471899
4,0.043369838,0.042707171,-0.993146624,0.012384824,0.0026659,0.007533243,2.734583169,-0.618650336,-1.210881334,8.92840269,-0.399282565,3.566629266,0.607177734,0.597900391,-13.90405273,-0.060791016,-0.062255859,-1.224853516,0.397705078,0.108886719,-0.846679688,0.012384824,0.0026659,0.007533243,0.020751953,0.05480957,-0.98046875,0.111287123,0.051632354,0.086794255,-1.395310796,4.434023991,1.613413304,13.78098083,18.06929717,5.103079049,-2.881177768,-2.358981388,3.538213936,-19.53435115,62.07633588,22.58778626,9.547949497,7.711137479,12.89865373,-13.35877863,-8.679389313,0.511450382,2.053435115,10.13740458,9.335877863,13.78098083,18.06929717,5.103079049,-0.698473282,5.263358779,0.908396947,3.712274348,4.250799592,2.258999568
4,0.04901995,0.043875558,-0.99344308,0.012244547,0.002751409,0.007522481,2.61221622,-0.63087666,-1.201997933,8.466537315,-0.491846926,3.565147824,0.686279297,0.614257813,-13.90820313,-0.060791016,-0.062255859,-1.224853516,0.397705078,0.108886719,-0.846679688,0.012244547,0.002751409,0.007522481,0.030151367,0.054931641,-0.980834961,0.110655082,0.052453878,0.086732236,-1.294983642,4.410577972,1.651581243,14.05515733,17.92004392,5.04731755,-2.877307063,-2.379235028,3.543357008,-18.12977099,61.7480916,23.1221374,9.454096503,7.81939376,12.93603243,-13.35877863,-8.679389313,0.511450382,2.053435115,10.13740458,9.335877863,14.05515733,17.92004392,5.04731755,-0.454198473,5.263358779,0.980916031,3.74902085,4.233207285,2.246623589
4,0.060756138,0.036743164,-0.999581473,0.011397085,0.002948713,0.00743948,2.63209286,-0.290782283,-0.995191876,8.54229902,-1.043761999,3.292086396,0.850585938,0.514404297,-13.99414063,-0.047851563,-0.062255859,-1.224853516,0.397705078,0.108886719,-0.846679688,0.011397085,0.002948713,0.00743948,0.041992188,0.032836914,-0.987670898,0.106757133,0.054302052,0.086252419,-1.318974918,4.422028353,1.740458015,13.89019089,17.94526434,4.957188258,-2.923872798,-2.383079994,3.510071178,-18.46564885,61.90839695,24.36641221,9.641215654,7.821973864,12.76614584,-13.35877863,-8.679389313,0.511450382,1.824427481,10.13740458,9.335877863,13.89019089,17.94526434,4.957188258,-0.454198473,5.34351145,1.103053435,3.726954641,4.236185116,2.226474401
4,0.072056362,0.033621652,-1.004830497,0.010886063,0.003163094,0.007741618,2.525966552,-0.15177043,-0.766527553,8.062641127,-1.371289969,2.501713219,1.008789063,0.470703125,-14.06762695,-0.047851563,-0.062255859,-1.224853516,0.397705078,0.108886719,-0.846679688,0.010886063,0.003163094,0.007741618,0.054077148,0.028564453,-1.002441406,0.104336296,0.056241391,0.087986465,-1.299345692,4.345692475,1.76172301,13.94166718,18.35352457,4.92855606,-2.923944171,-2.265247442,3.509996797,-18.19083969,60.83969466,24.66412214,9.62671654,7.111696154,12.77392443,-13.35877863,-8.679389313,0.511450382,1.824427481,10.13740458,9.335877863,13.94166718,18.35352457,4.92855606,-0.41221374,5.34351145,1.248091603,3.7338542,4.284101373,2.220035148
4,0.075753348,0.03679548,-0.998517718,0.010122615,0.00318777,0.00756189,2.812407136,-0.334250965,-1.021363113,9.128173117,-1.33127837,3.145237048,1.060546875,0.515136719,-13.97924805,-0.005126953,-0.062255859,-1.224853516,0.397705078,0.108886719,-0.846679688,0.010122615,0.00318777,0.00756189,0.054077148,0.05078125,-0.980834961,0.100611207,0.056460343,0.086959126,-1.378407852,4.348418757,1.721374046,13.8261148,18.34635428,4.96911826,-2.889203561,-2.268608731,3.526846494,-19.29770992,60.8778626,24.09923664,9.512074253,7.128030556,12.85058997,-13.35877863,-8.679389313,0.511450382,1.824427481,10.13740458,9.335877863,13.8261148,18.34635428,4.96911826,-0.698473282,5.34351145,1.106870229,3.718348396,4.283264441,2.229151915
4,0.088187081,0.034667969,-1.005318778,0.010559038,0.003102027,0.007905723,2.345089342,-0.232326382,-0.741070923,6.529423579,-1.267221325,2.245568457,1.234619141,0.485351563,-14.07446289,-0.005126953,-0.062255859,-1.224853516,0.397705078,0.108886719,-0.846679688,0.010559038,0.003102027,0.007905723,0.067016602,0.040039063,-1.002441406,0.102757179,0.055695848,0.088914134,-1.410032715,4.64176663,1.729007634,13.74778616,19.95313582,4.967988686,-2.887123578,-2.123190983,3.516075888,-19.74045802,64.98473282,24.20610687,9.527916601,6.307430365,12.79238486,-13.35877863,-8.679389313,0.511450382,1.824427481,10.13740458,9.335877863,13.74778616,19.95313582,4.967988686,-0.698473282,5.526717557,1.106870229,3.707800717,4.466893307,2.228898537
4,0.13558524,0.009364537,-1.005684989,0.032484959,0.008366765,0.007922855,2.346252885,-1.848415709,-0.725211904,5.476020051,4.704366624,2.203264639,1.898193359,0.131103516,-14.07958984,0.00390625,-0.251708984,-1.224853516,0.658447266,0.108886719,-0.846679688,0.032484959,0.008366765,0.007922855,0.07434082,0.025390625,-1.002441406,0.180235842,0.09147002,0.089010421,-1.269356598,4.896401309,1.807524537,14.23465934,21.36297162,5.036869633,-2.839875386,-2.028504997,3.329553201,-17.77099237,68.54961832,25.30534351,9.223521208,5.700606219,11.69825661,-13.35877863,-8.679389313,0.511450382,1.824427481,10.13740458,9.335877863,14.23465934,21.36297162,5.036869633,-0.572519084,5.526717557,1.106870229,3.772884751,4.622009479,2.244297136
4,0.176042829,-0.011875698,-1.005231585,0.046691615,0.016585548,0.00795918,1.609715314,-1.712557152,-0.734661968,1.340315816,2.403113725,2.17092904,2.464599609,-0.166259766,-14.07324219,0.00390625,-0.329589844,-1.224853516,0.658447266,0.108886719,-0.846679688,0.046691615,0.016585548,0.00795918,0.082641602,0.025390625,-1.002441406,0.216082425,0.128784891,0.089214236,-1.198473282,4.738822246,1.78953108,14.32980864,20.88005611,5.078910717,-2.87464243,-1.992304314,3.309122951,-16.77862595,66.34351145,25.05343511,9.341922111,5.750890163,11.5919101,-13.35877863,-8.679389313,0.511450382,1.824427481,10.13740458,9.335877863,14.32980864,20.88005611,5.078910717,-0.305343511,5.34351145,1.106870229,3.785473371,4.569470003,2.253643875
4,0.172746931,-0.009172712,-1.008911133,0.047668785,0.017301346,0.00797376,1.589939072,-1.609612691,-0.592909241,1.28641882,2.195137378,2.000475262,2.418457031,-0.128417969,-14.12475586,0.00390625,-0.329589844,-1.224853516,0.658447266,0.131347656,-0.846679688,0.047668785,0.017301346,0.00797376,0.082641602,0.025390625,-1.025756836,0.218331822,0.131534581,0.089295915,-1.450926936,4.784623773,1.702290076,13.57837731,20.95175715,5.223373212,-2.926133574,-2.016035473,3.284862856,-20.3129771,66.98473282,23.83206107,9.647679245,5.794787017,11.43848837,-13.35877863,-8.679389313,0.366412214,1.717557252,10.13740458,9.335877863,13.57837731,20.95175715,5.223373212,-0.572519084,5.526717557,0.988549618,3.684884979,4.577308942,2.28547002
4,0.171927316,-0.004185268,-1.011928013,0.047897808,0.017761238,0.008184468,1.586661997,-1.659021715,-0.47336723,1.275188065,2.227938872,1.623588845,2.406982422,-0.05859375,-14.16699219,0.00390625,-0.329589844,-1.224853516,0.658447266,0.131347656,-0.846679688,0.047897808,0.017761238,0.008184468,0.082641602,0.040039063,-1.031494141,0.218855679,0.133271296,0.090468052,-1.227371865,4.89476554,1.738822246,14.29669401,20.93726991,5.148356771,-2.862784797,-2.101535114,3.311126367,-17.18320611,68.52671756,24.34351145,9.276494954,6.078511333,11.58543984,-13.35877863,-8.679389313,0.366412214,1.717557252,10.13740458,9.335877863,14.29669401,20.93726991,5.148356771,-0.305343511,5.541984733,1.007633588,3.781096932,4.575726163,2.268999068
4,0.164742606,-0.006068638,-1.014683315,0.0498756,0.017352222,0.008470616,1.561839232,-1.699146919,-0.379189036,1.193153428,2.33948518,1.22711261,2.306396484,-0.084960938,-14.20556641,-0.009765625,-0.329589844,-1.224853516,0.658447266,0.131347656,-0.846679688,0.0498756,0.017352222,0.008470616,0.07434082,0.040039063,-1.031494141,0.223328458,0.131727833,0.092035952,-1.238822246,5.003816794,1.780806979,14.28501503,21.25398601,5.075851134,-2.855869471,-2.128471823,3.325928716,-17.34351145,70.05343511,24.93129771,9.250631463,6.060288085,11.68184488,-13.35877863,-8.679389313,0.366412214,1.717557252,10.13740458,9.335877863,14.28501503,21.25398601,5.075851134,-0.305343511,5.660305344,1.122137405,3.779552226,4.610204551,2.252964965
4,0.16796875,-0.004673549,-1.024291992,0.049047919,0.01743145,0.007898044,1.566196808,-1.722814117,-0.14593549,1.222554926,2.382366689,1.668885594,2.3515625,-0.065429688,-14.34008789,-0.009765625,-0.329589844,-1.224853516,0.658447266,0.131347656,-0.846679688,0.049047919,0.01743145,0.007898044,0.07434082,0.040039063,-1.033935547,0.221467649,0.132028218,0.088870941,-1.29389313,5.135768811,1.762813522,14.19773592,21.15821813,5.111235801,-2.833224865,-2.241542798,3.314286904,-18.11450382,71.90076336,24.67938931,9.183315869,6.492495951,11.61470755,-13.35877863,-8.679389313,0.366412214,1.717557252,10.13740458,9.335877863,14.19773592,21.15821813,5.111235801,-0.652671756,5.713740458,1.122137405,3.767988312,4.599806314,2.260804238
4,0.19632394,-0.018624442,-1.026105608,0.051074659,0.017704977,0.007513509,1.174653499,-1.391360117,-0.184452685,0.021005114,1.338754952,2.014322685,2.748535156,-0.260742188,-14.36547852,-0.009765625,-0.329589844,-1.224853516,0.658447266,0.131347656,-0.846679688,0.051074659,0.017704977,0.007513509,0.088989258,0.03515625,-1.033935547,0.225997034,0.13306005,0.0866805,-1.204471101,5.328244275,1.812431843,14.3545264,21.94021327,5.042154745,-2.864175772,-2.23466694,3.312325189,-16.86259542,74.59541985,25.3740458,9.266646168,6.284978181,11.63300561,-13.35877863,-8.679389313,0.366412214,1.717557252,10.13740458,9.335877863,14.3545264,21.94021327,5.042154745,-0.290076336,5.732824427,1.236641221,3.788736781,4.684038138,2.245474281
4,0.235107422,-0.036063058,-1.040998186,0.06195338,0.019740705,0.00486323,0.774282051,-0.956502091,-1.129559028,-1.111410168,-0.105547415,3.021236983,3.291503906,-0.504882813,-14.57397461,-0.009765625,-0.329589844,-1.224853516,0.658447266,0.131347656,-0.939453125,0.06195338,0.019740705,0.00486323,0.114013672,0.006103516,-1.044921875,0.248904358,0.140501618,0.069736861,-0.837513631,5.065976009,1.863685932,14.19313406,20.18657338,4.969020607,-3.19833888,-2.436140362,3.313051896,-11.72519084,70.92366412,26.09160305,11.17327246,7.152349051,11.66645212,-13.35877863,-8.679389313,0.366412214,1.717557252,9.122137405,9.335877863,14.19313406,20.18657338,4.969020607,-0.034351145,5.732824427,1.263358779,3.767377611,4.49294707,2.229130011
4,0.254638672,-0.054356166,-1.023141044,0.074134001,0.025457645,0.002256157,0.689466787,-0.746605346,0.489537702,-1.464243274,-0.988425867,-1.354663423,3.564941406,-0.760986328,-14.32397461,-0.009765625,-0.329589844,-1.080810547,0.671142578,0.131347656,-0.939453125,0.074134001,0.025457645,0.002256157,0.114013672,0.006103516,-1.033935547,0.272275598,0.159554519,0.047499017,0.031624864,5.946019629,1.426390403,1.329067762,4.975202846,0.608390735,0.187069659,-0.390091433,1.081844832,0.442748092,83.24427481,19.96946565,-1.295207542,-0.012781526,1.165669029,-1.709923664,1.366412214,0.366412214,1.717557252,9.122137405,3.213740458,1.329067762,4.975202846,0.608390735,-0.034351145,5.732824427,1.263358779,1.152852012,2.230516273,0.779994061
4,0.247506278,-0.054861886,-1.019705636,0.077617821,0.025308943,0.002751584,0.666198993,-0.750861535,0.574276924,-1.482211973,-0.981623408,-1.28491113,3.465087891,-0.768066406,-14.27587891,-0.025634766,-0.329589844,-1.080810547,0.671142578,0.131347656,-0.930419922,0.077617821,0.025308943,0.002751584,0.114013672,0.006103516,-1.033935547,0.278599751,0.159087847,0.052455539,-0.227371865,5.747001091,1.389858233,1.936637892,4.986304879,0.643206773,-0.168958441,-0.120603935,1.092269984,-3.183206107,80.45801527,19.45801527,-0.394042135,-0.150911672,0.967332652,-3,1.366412214,0.366412214,1.717557252,9.122137405,3.213740458,1.936637892,4.986304879,0.643206773,-0.290076336,5.603053435,1.263358779,1.391631378,2.233003555,0.802001729
4,0.242780413,-0.049577985,-1.018554688,0.079396144,0.026068563,0.002736669,0.677394342,-0.80792783,0.503513211,-1.497884346,-0.988975264,-1.32256304,3.398925781,-0.694091797,-14.25976563,-0.025634766,-0.329589844,-1.080810547,0.671142578,0.131347656,-0.930419922,0.079396144,0.026068563,0.002736669,0.097167969,0.03515625,-1.032226563,0.281773214,0.161457621,0.052313185,-0.380588877,5.513631407,1.309705562,1.623456201,5.863325416,0.654173051,-0.116616091,-0.025940366,1.346946813,-5.328244275,77.19083969,18.33587786,0.184892295,-0.743502052,1.484939551,-3,1.366412214,0.366412214,1.717557252,9.122137405,3.213740458,1.623456201,5.863325416,0.654173051,-0.446564885,5.603053435,1.13740458,1.274149207,2.421430448,0.808809651
4,0.234235491,-0.042986189,-1.008544922,0.082595034,0.027117348,0.00312354,0.697872971,-0.864617001,0.246373119,-1.51717147,-0.993506843,-1.5792265,3.279296875,-0.601806641,-14.11962891,-0.025634766,-0.329589844,-1.080810547,0.671142578,0.131347656,-0.925537109,0.082595034,0.027117348,0.00312354,0.053588867,0.045532227,-1.0234375,0.287393518,0.16467346,0.055888641,-0.424209378,5.62431843,1.261177754,1.610034508,5.04613931,0.690789748,-0.001385806,0.220858207,1.388930358,-5.938931298,78.74045802,17.65648855,0.239243297,-0.944508871,1.411825621,-3,2.251908397,0.366412214,1.717557252,9.122137405,3.213740458,1.610034508,5.04613931,0.690789748,-0.515267176,5.603053435,1.007633588,1.268871352,2.246361349,0.831137622
4,0.240356445,-0.047450474,-1.012329102,0.080082992,0.026396161,0.003015589,0.691655555,-0.826149581,0.470071654,-1.50052521,-0.986862169,-1.309970286,3.364990234,-0.664306641,-14.17260742,-0.025634766,-0.329589844,-1.080810547,0.671142578,0.131347656,-0.925537109,0.080082992,0.026396161,0.003015589,0.079711914,0.03515625,-1.026733398,0.282989385,0.162468954,0.054914381,-0.271537623,5.841330425,1.294983642,1.67673315,4.54661669,0.687216606,-0.294465135,0.043392387,1.261368817,-3.801526718,81.77862595,18.12977099,0.104197531,-0.619357975,1.169238112,-3,2.251908397,0.366412214,1.717557252,9.122137405,3.213740458,1.67673315,4.54661669,0.687216606,-0.446564885,5.732824427,1.13740458,1.294887312,2.132279693,0.828985287
4,0.26449149,-0.066057478,-1.013113839,0.085376131,0.027756532,0.003126754,0.420530374,-0.487649098,0.420124083,-1.92911346,-1.541342765,-1.296041756,3.702880859,-0.924804688,-14.18359375,-0.025634766,-0.329589844,-1.083984375,0.671142578,0.131347656,-0.925537109,0.085376131,0.027756532,0.003126754,0.079711914,0.014648438,-1.026733398,0.292191942,0.166602919,0.055917382,-0.410032715,5.363685932,1.190839695,2.003168442,4.396844429,0.745984858,-0.188811469,0.128382279,1.371492765,-5.740458015,75.09160305,16.67175573,-0.637857459,-0.559915058,1.427623912,-3,2.251908397,0.251908397,1.717557252,9.122137405,3.213740458,2.003168442,4.396844429,0.745984858,-0.496183206,5.603053435,0.877862595,1.415333332,2.096865382,0.86370415
4,0.266078404,-0.072980608,-1.008527483,0.086757915,0.031195865,0.003256554,0.430081754,-0.53528651,0.167429261,-1.906342445,-1.49718177,-1.571952839,3.725097656,-1.021728516,-14.11938477,-0.025634766,-0.348632813,-1.083984375,0.680664063,0.131347656,-0.925537109,0.086757915,0.031195865,0.003256554,0.079711914,0.014648438,-1.020385742,0.294546966,0.176623512,0.057066229,-0.130861505,5.639585605,1.191384951,4.093591974,7.695975925,0.74779096,1.272195796,1.343542457,1.371839685,-1.832061069,78.95419847,16.67938931,2.761564498,2.964311011,1.421801971,-3,2.251908397,0.251908397,5.160305344,12.98473282,3.213740458,4.093591974,7.695975925,0.74779096,-0.496183206,5.603053435,0.877862595,2.023262705,2.774162202,0.864749073
4,0.265049526,-0.065673828,-1.004760742,0.086028205,0.027904877,0.003807616,0.431227649,-0.53135182,0.226961941,-1.899124198,-1.395586874,-1.600254738,3.710693359,-0.919433594,-14.06665039,-0.025634766,-0.348632813,-1.083984375,0.680664063,0.131347656,-0.912353516,0.086028205,0.027904877,0.003807616,0.079711914,0.014648438,-1.020385742,0.293305652,0.16704753,0.061705881,0.098691385,5.804798255,1.216466739,4.839402978,7.899411584,0.723990507,0.907191177,1.110496601,1.366528452,1.381679389,81.26717557,17.03053435,0.831671823,2.250210113,1.515444241,-3,2.251908397,0.251908397,5.160305344,12.98473282,3.213740458,4.839402978,7.899411584,0.723990507,-0.496183206,5.732824427,0.980916031,2.199864309,2.810589188,0.850876317
4,0.262381417,-0.071463449,-1.007672991,0.087572459,0.025917305,0.004113947,0.423082524,-0.598656854,0.250138425,-1.899789677,-1.377500055,-1.704595131,3.673339844,-1.000488281,-14.10742188,-0.025634766,-0.348632813,-1.083984375,0.680664063,0.082519531,-0.912353516,0.087572459,0.025917305,0.004113947,0.079711914,0.014648438,-1.020385742,0.295926442,0.160988524,0.064140055,0.126499455,5.751908397,1.198473282,4.741903281,7.938077394,0.761467191,0.917185363,1.166503291,1.241308511,1.770992366,80.52671756,16.77862595,0.924202894,2.307664617,1.337751004,-3,2.251908397,0.114503817,5.160305344,12.98473282,3.213740458,4.741903281,7.938077394,0.761467191,-0.496183206,5.603053435,0.980916031,2.177591165,2.817459386,0.872620875
4,0.263532366,-0.070574079,-1.011352539,0.087031958,0.026201362,0.004749617,0.421368709,-0.590683175,0.094095745,-1.895439803,-1.383946764,-1.559714985,3.689453125,-0.988037109,-14.15893555,-0.025634766,-0.348632813,-1.115478516,0.680664063,0.083496094,-0.912353516,0.087031958,0.026201362,0.004749617,0.079711914,0.014648438,-1.020385742,0.295011793,0.161868349,0.068917463,-0.099781897,5.681570338,1.153217012,4.683306641,8.037988001,0.80725495,1.231471158,1.225120104,1.248782473,-1.396946565,79.54198473,16.14503817,1.640717918,2.319433136,1.166136197,-3,2.251908397,0.114503817,5.160305344,12.98473282,3.213740458,4.683306641,8.037988001,0.80725495,-0.702290076,5.36259542,0.835877863,2.164094878,2.835134565,0.898473678
4,0.262939453,-0.071725028,-1.009190151,0.087385893,0.025840394,0.004491582,0.419171292,-0.600035192,0.071313632,-1.89525282,-1.374898187,-1.439459303,3.681152344,-1.004150391,-14.12866211,-0.025634766,-0.348632813,-1.115478516,0.680664063,0.083496094,-0.912353516,0.087385893,0.025840394,0.004491582,0.079711914,0.014648438,-1.020385742,0.29561105,0.160749476,0.067019268,0.017993457,5.3304253,1.088876772,4.689807454,8.720896026,0.851533729,1.048577911,1.339076535,1.338076191,0.251908397,74.6259542,15.24427481,1.28835997,2.371484841,1.191226795,-3,2.145038168,0.114503817,5.160305344,12.98473282,3.213740458,4.689807454,8.720896026,0.851533729,-0.496183206,4.816793893,0.729007634,2.165596328,2.953116325,0.922785852
4,0.260219029,-0.069614955,-1.006504604,0.088621037,0.026368507,0.004303965,0.42488232,-0.60190842,-0.028451294,-1.905876548,-1.397575701,-1.275960008,3.643066406,-0.974609375,-14.09106445,-0.025634766,-0.348632813,-1.115478516,0.680664063,0.083496094,-0.912353516,0.088621037,0.026368507,0.004303965,0.071289063,0.024414063,-1.019287109,0.297692857,0.162383825,0.065604613,-0.041439477,5.189749182,1.086150491,4.85882313,8.899157366,0.853728522,1.049407905,1.449103427,1.341411866,-0.580152672,72.65648855,15.20610687,1.131599256,2.48785011,1.188249131,-3,2.145038168,0.114503817,5.160305344,12.98473282,3.213740458,4.85882313,8.899157366,0.853728522,-0.496183206,4.496183206,0.717557252,2.204273833,2.983145549,0.923974308
4,0.259015765,-0.066319057,-1.010306222,0.088243232,0.026174212,0.003957273,0.43814044,-0.677474584,0.071797282,-1.882999133,-1.290859433,-0.975738744,3.626220703,-0.928466797,-14.14428711,-0.025634766,-0.348632813,-1.115478516,0.680664063,0.083496094,-0.912353516,0.088243232,0.026174212,0.003957273,0.071289063,0.024414063,-1.019287109,0.297057624,0.16178446,0.062906861,0.050163577,5.014721919,1.052344602,5.022127223,8.093086419,0.840428495,0.883102211,1.751692658,1.494877162,0.702290076,70.20610687,14.73282443,0.626154688,4.148702442,1.631843652,-3,2.145038168,0.114503817,5.160305344,12.98473282,3.213740458,5.022127223,8.093086419,0.840428495,-0.496183206,4.496183206,0.717557252,2.241010313,2.844835043,0.916748872
4,0.25503976,-0.06565639,-1.004446847,0.085395186,0.025984402,0.003871663,0.442078566,-0.688801617,-0.203674579,-1.855132893,-1.253905027,-0.845313099,3.570556641,-0.919189453,-14.06225586,-0.025634766,-0.348632813,-1.115478516,0.680664063,0.083496094,-0.912353516,0.085395186,0.025984402,0.003871663,0.071289063,0.024414063,-1.004882813,0.292224547,0.161196779,0.062222686,-0.047982552,4.907306434,0.968920393,4.883581543,7.918938354,0.851254538,1.058506045,1.931159053,1.734174869,-0.671755725,68.70229008,13.5648855,1.106438482,4.883488359,2.298932368,-3,2.145038168,0.114503817,5.160305344,12.98473282,3.213740458,4.883581543,7.918938354,0.851254538,-0.496183206,4.496183206,0.702290076,2.209882699,2.81406083,0.922634563
4,0.247785296,-0.066196987,-1.004900251,0.079630361,0.026282731,0.003845641,0.41749465,-0.696898098,-0.185180866,-1.894622524,-1.23456873,-0.816462042,3.468994141,-0.926757813,-14.06860352,-0.025634766,-0.348632813,-1.115478516,0.680664063,0.083496094,-0.912353516,0.079630361,0.026282731,0.003845641,0.071289063,0.024414063,-1.004882813,0.28218852,0.162119496,0.062013232,-0.217011996,5.022900763,0.808069793,5.69964736,7.790786802,0.435763176,0.812585641,1.842521483,2.076695828,-3.038167939,70.32061069,11.3129771,0.62195586,4.735125666,5.411154472,-3.557251908,2.145038168,0.114503817,5.160305344,12.98473282,2.732824427,5.69964736,7.790786802,0.435763176,-0.496183206,4.763358779,0.702290076,2.387393424,2.791198094,0.660123607
4,0.253819057,-0.065464565,-1.009800502,0.076586738,0.026518298,0.003395721,0.424291988,-0.689043994,-0.115401316,-1.881863263,-1.239986796,-0.409008544,3.553466797,-0.916503906,-14.13720703,-0.023681641,-0.348632813,-1.115478516,0.680664063,0.088623047,-0.912353516,0.076586738,0.026518298,0.003395721,0.07421875,0.024414063,-1.008056641,0.27674309,0.162844397,0.058272817,-0.20174482,5.243729553,0.883315158,5.611397169,8.190301482,0.499123043,0.840292522,1.49907734,1.541911902,-2.824427481,73.41221374,12.36641221,0.669713227,3.30163474,2.6160732,-3.557251908,2.145038168,0.114503817,5.160305344,12.98473282,2.732824427,5.611397169,8.190301482,0.499123043,-0.496183206,5.015267176,0.709923664,2.368838781,2.861870277,0.706486407
4,0.253051758,-0.058855329,-1.007376535,0.076952721,0.028795063,0.003439923,0.424281191,-0.605855175,-0.249335628,-1.884425199,-1.264077006,-0.451557006,3.542724609,-0.823974609,-14.10327148,-0.023681641,-0.348632813,-1.115478516,0.680664063,0.144042969,-0.912353516,0.076952721,0.028795063,0.003439923,0.07421875,0.024414063,-0.995849609,0.277403535,0.169691082,0.058650859,-0.236095965,5.484187568,0.912758997,5.64461874,7.450289469,0.50123235,0.881209306,1.537103541,1.391686866,-3.305343511,76.77862595,12.77862595,0.685223191,3.801598531,2.231352923,-3.557251908,2.145038168,0.114503817,5.160305344,12.98473282,2.732824427,5.64461874,7.450289469,0.50123235,-0.736641221,5.164122137,0.816793893,2.375840639,2.729521839,0.707977648
4,0.256330218,-0.061697824,-1.011544364,0.075350802,0.028096451,0.002948453,0.426488139,-0.598422006,-0.344983086,-1.875174849,-1.228850081,-0.055390784,3.588623047,-0.863769531,-14.16162109,-0.023681641,-0.348632813,-1.115478516,0.680664063,0.144042969,-0.912353516,0.075350802,0.028096451,0.002948453,0.07421875,0.016235352,-0.995849609,0.274501006,0.167619959,0.054299661,-0.217011996,5.77917121,0.97655398,5.636202967,7.036827371,0.514605696,0.855285115,1.383357942,1.079827867,-3.038167939,80.90839695,13.67175573,0.660586843,3.675897492,1.366560335,-3.557251908,2.145038168,0.114503817,5.160305344,12.98473282,2.732824427,5.636202967,7.036827371,0.514605696,-0.603053435,5.438931298,0.950381679,2.374068863,2.6527019,0.717360228
4,0.28843471,-0.071393694,-1.029192243,0.078251469,0.028154719,0.007770068,0.11107142,-0.406406954,-1.651564425,-2.101501681,-1.396650334,3.665659901,4.038085938,-0.999511719,-14.40869141,-0.023681641,-0.348632813,-1.270751953,0.680664063,0.144042969,-0.912353516,0.078251469,0.028154719,0.007770068,0.227905273,-0.019165039,-0.995849609,0.279734641,0.16779368,0.088147989,-0.29389313,5.857688113,1.042529989,5.530068178,7.191463714,0.645046813,0.98425417,1.251973553,0.949421899,-4.114503817,82.00763359,14.59541985,0.993571571,3.160001858,0.138304604,-3.557251908,2.145038168,0.114503817,5.160305344,12.98473282,2.732824427,5.530068178,7.191463714,0.645046813,-0.603053435,5.438931298,0.950381679,2.351609699,2.681690458,0.803148064
4,0.292986189,-0.073887416,-1.019670759,0.080842875,0.029045046,0.007915623,0.103048782,-0.389803637,-1.899702526,-2.130924533,-1.481960393,4.448113907,4.101806641,-1.034423828,-14.27539063,-0.023681641,-0.348632813,-1.270751953,0.680664063,0.144042969,-0.912353516,0.080842875,0.029045046,0.007915623,0.227905273,-0.019165039,-0.98828125,0.284328815,0.170426073,0.088969785,-0.163576881,6.070338059,1.158669575,5.17539066,6.242967539,0.636112998,0.957914765,1.485487678,0.646477419,-2.290076336,84.98473282,16.22137405,1.257612216,4.243797,-0.436712095,-3.557251908,2.145038168,0.114503817,5.160305344,12.98473282,2.732824427,5.17539066,6.242967539,0.636112998,-0.438931298,5.5,0.988549618,2.274948496,2.498593112,0.797566924
4,0.288103376,-0.069946289,-1.017473493,0.07709952,0.026930302,0.008239221,0.064435307,-0.314495857,-1.819307705,-2.208609623,-1.630523568,4.122447377,4.033447266,-0.979248047,-14.24462891,-0.023681641,-0.325927734,-1.270751953,0.612304688,0.144042969,-0.912353516,0.07709952,0.026930302,0.008239221,0.227905273,-0.019165039,-0.98828125,0.277668003,0.164104547,0.090770154,-0.793347874,5.655398037,1.088331516,3.50647904,2.473908703,0.466896893,0.29765503,-0.691608763,0.350060088,-11.10687023,79.17557252,15.23664122,0.195831233,0.302197399,-0.806108178,-3.65648855,2.145038168,0.114503817,3.099236641,7.519083969,2.389312977,3.50647904,2.473908703,0.466896893,-0.744274809,5.5,0.988549618,1.872559489,1.572866397,0.683298539
4,0.293282645,-0.06968471,-1.02331543,0.080816575,0.02684261,0.00739433,0.092454011,-0.31620382,-2.063851651,-2.159490512,-1.622687609,4.964706149,4.105957031,-0.975585938,-14.32641602,-0.023681641,-0.325927734,-1.270751953,0.66015625,0.144042969,-0.934814453,0.080816575,0.02684261,0.00739433,0.227905273,-0.019165039,-0.993408203,0.284282563,0.163837144,0.085990289,-1.137949836,5.538167939,1.102508179,2.27983365,2.213083781,0.465148743,-0.17727432,-0.698533688,0.280248654,-15.93129771,77.53435115,15.4351145,-0.402135643,0.717357007,-0.819431931,-3.65648855,2.145038168,0.114503817,1.473282443,7.519083969,2.389312977,2.27983365,2.213083781,0.465148743,-1.114503817,5.5,1.076335878,1.509911802,1.487643701,0.68201814
4,0.297241211,-0.069091797,-1.016095843,0.078333476,0.027000748,0.007313522,0.104493823,-0.318295159,-2.357230236,-2.169152384,-1.631783161,6.173950921,4.161376953,-0.967285156,-14.2253418,-0.018066406,-0.325927734,-1.270751953,0.66015625,0.144042969,-0.934814453,0.078333476,0.027000748,0.007313522,0.227905273,-0.019165039,-0.98828125,0.279881183,0.164319044,0.08551913,-1.110687023,5.556706652,1.155943293,2.279513476,2.19914981,0.391412678,-0.240154678,-0.746347108,0.411731323,-15.54961832,77.79389313,16.18320611,-0.380617722,0.823523422,-0.593842945,-3.65648855,2.145038168,0.351145038,1.473282443,7.519083969,2.389312977,2.279513476,2.19914981,0.391412678,-0.923664122,5.5,1.076335878,1.509805774,1.482953071,0.625629825
4,0.291050502,-0.067783901,-1.0060512,0.082126983,0.027454538,0.006575944,0.090333782,-0.30968346,-3.023663392,-2.16080986,-1.640991151,10.17469215,4.074707031,-0.948974609,-14.0847168,-0.033691406,-0.325927734,-1.270751953,0.66015625,0.144042969,-0.934814453,0.082126983,0.027454538,0.006575944,0.227905273,-0.019165039,-0.983520508,0.286578057,0.165694109,0.081092192,-1.053435115,5.514176663,1.19738277,2.28351405,2.315326856,0.347028882,-0.368614764,-0.670038059,0.441497471,-14.7480916,77.19847328,16.76335878,-0.329505335,0.380361772,-0.276607581,-3.65648855,2.145038168,0.351145038,1.473282443,7.519083969,2.389312977,2.28351405,2.315326856,0.347028882,-0.778625954,5.5,1.076335878,1.511130057,1.521619813,0.589091573
4,0.293195452,-0.06766183,-1.005510603,0.080763308,0.027490028,0.006528237,0.09670868,-0.309819775,-3.073867779,-2.165598003,-1.642702243,10.4861254,4.104736328,-0.947265625,-14.07714844,-0.033691406,-0.325927734,-1.270751953,0.66015625,0.144042969,-0.934814453,0.080763308,0.027490028,0.006528237,0.227905273,-0.019165039,-0.983520508,0.284188859,0.165801169,0.080797508,-1.204471101,5.609051254,1.209378408,1.99696251,1.752875963,0.327179376,-0.281128783,-0.118283338,0.549816665,-16.86259542,78.52671756,16.93129771,0.10814315,-0.919718959,-0.242371827,-3.65648855,3.473282443,0.366412214,1.473282443,7.519083969,2.389312977,1.99696251,1.752875963,0.327179376,-0.923664122,5.5,1.076335878,1.413139239,1.323962221,0.571995958
4,0.307181222,-0.083443778,-0.997174944,0.075625806,0.026627249,0.007214213,0.00446831,-0.045241254,-2.840444294,-2.05578206,-1.644625052,9.561342382,4.300537109,-1.168212891,-13.96044922,-0.033691406,-0.325927734,-1.270751953,0.66015625,0.144042969,-0.904785156,0.075625806,0.026627249,0.007214213,0.312255859,-0.104736328,-0.982177734,0.275001466,0.163178579,0.084936526,-1.028898582,5.958560523,1.237186478,2.222948982,2.016187996,0.307176507,-0.459245645,0.068610754,0.499465097,-14.40458015,83.41984733,17.32061069,-0.161212088,-0.374594517,-0.009897735,-3.65648855,3.473282443,0.366412214,1.473282443,8.580152672,2.389312977,2.222948982,2.016187996,0.307176507,-0.778625954,5.713740458,1.110687023,1.490955728,1.419925349,0.554235065
4,0.322178432,-0.088814872,-1.010044643,0.081675049,0.026901815,0.009408308,-0.079100188,0.06474386,-1.973099223,-2.167163624,-1.685064147,3.759506042,4.510498047,-1.243408203,-14.140625,-0.033691406,-0.325927734,-1.270751953,0.66015625,0.144042969,-0.904785156,0.081675049,0.026901815,0.009408308,0.383300781,-0.142333984,-0.982177734,0.285788469,0.164017729,0.096996431,-1.119411123,5.696292257,1.298800436,1.849843851,2.947140238,0.330874184,-0.863292683,-0.259998094,0.199489006,-15.67175573,79.7480916,18.18320611,-0.201510054,-0.252655018,-0.579686049,-3.65648855,2.34351145,0.366412214,0.709923664,8.580152672,2.389312977,1.849843851,2.947140238,0.330874184,-0.778625954,5.5,1.13740458,1.360089648,1.716723693,0.575216641
4,0.326468331,-0.093715123,-1.011980329,0.084146446,0.0283517,0.009306921,-0.07905098,0.08457217,-1.940119737,-2.177358438,-1.773505408,3.707217489,4.570556641,-1.312011719,-14.16772461,-0.033691406,-0.325927734,-1.270751953,0.66015625,0.144042969,-0.904785156,0.084146446,0.0283517,0.009306921,0.383300781,-0.142333984,-0.983520508,0.290080069,0.16837963,0.096472385,-1.138495093,5.70174482,1.329880044,1.810185502,2.938930978,0.281982658,-0.869297699,-0.270240643,0.460564054,-15.9389313,79.82442748,18.61832061,-0.144948557,-0.229454119,-0.599565756,-3.65648855,2.34351145,0.519083969,0.709923664,8.580152672,2.389312977,1.810185502,2.938930978,0.281982658,-0.778625954,5.5,1.13740458,1.345431344,1.714331058,0.531020393
4,0.329589844,-0.086617606,-1.011369978,0.085917363,0.025507122,0.009352599,-0.081020247,0.167653321,-1.944873019,-2.187332055,-1.834505746,3.70232968,4.614257813,-1.212646484,-14.15917969,-0.033691406,-0.293457031,-1.270751953,0.66015625,0.144042969,-0.904785156,0.085917363,0.025507122,0.009352599,0.383300781,-0.142333984,-0.983520508,0.293116637,0.159709491,0.096708836,-0.983097056,5.567066521,1.340785169,1.338698915,3.321138974,0.275002866,-1.020942404,-0.151519465,0.430222544,-13.76335878,77.9389313,18.77099237,1.155105656,-0.80083221,-0.512079908,-3.65648855,2.34351145,0.519083969,0.709923664,8.580152672,2.389312977,1.338698915,3.321138974,0.275002866,-0.778625954,5.5,1.13740458,1.157021571,1.822399236,0.524407156
4,0.329049247,-0.085728237,-1.029000419,0.086236708,0.02585388,0.013235415,-0.080192278,0.171497244,-1.374314374,-2.190083705,-1.838878635,0.663525087,4.606689453,-1.200195313,-14.40600586,-0.033691406,-0.293457031,-1.270751953,0.66015625,0.144042969,-0.904785156,0.086236708,0.02585388,0.013235415,0.383300781,-0.142333984,-0.983520508,0.293660872,0.160791418,0.115045273,-0.979280262,5.385496183,1.329880044,1.324079452,3.019303609,0.266742377,-1.019707099,0.061619708,0.487926936,-13.70992366,75.39694656,18.61832061,1.200723812,-0.42521519,-0.296490325,-3.65648855,2.34351145,0.519083969,0.709923664,8.580152672,2.389312977,1.324079452,3.019303609,0.266742377,-0.778625954,5.354961832,1.13740458,1.150686513,1.737614344,0.516471081
4,0.333426339,-0.096592494,-1.035313198,0.083653674,0.022129697,0.013169973,-0.086319973,0.154742485,-1.202123022,-2.168785702,-1.785082899,0.318002948,4.66796875,-1.352294922,-14.49438477,-0.033691406,-0.293457031,-1.270751953,0.66015625,0.101806641,-0.904785156,0.083653674,0.022129697,0.013169973,0.383300781,-0.142333984,-0.989013672,0.289229449,0.148760536,0.114760502,-0.922028353,5.47655398,1.339694656,1.378709135,3.181047494,0.264022179,-1.093716735,-0.067871956,0.433231704,-12.90839695,76.67175573,18.75572519,1.114573417,-0.707280363,-0.274091447,-3.65648855,2.34351145,0.519083969,0.709923664,8.580152672,2.389312977,1.378709135,3.181047494,0.264022179,-0.614503817,5.354961832,1.20610687,1.174184455,1.783549129,0.513830886
4,0.330461775,-0.09652274,-1.032679967,0.085581465,0.022149376,0.013558717,-0.089097821,0.154264973,-1.198567694,-2.171343246,-1.786939371,0.261697738,4.626464844,-1.351318359,-14.45751953,-0.033691406,-0.293457031,-1.270751953,0.66015625,0.101806641,-0.904785156,0.085581465,0.022149376,0.013558717,0.383300781,-0.142333984,-0.98449707,0.2925431,0.148826664,0.116441902,-0.579062159,5.332061069,1.322246456,3.486652267,2.984968152,0.262690255,1.275920051,0.149910579,0.552953508,-8.106870229,74.64885496,18.51145038,4.054917087,-0.363239624,-0.146940801,-3.65648855,2.34351145,0.519083969,4.503816794,8.580152672,2.389312977,3.486652267,2.984968152,0.262690255,-0.614503817,5.183206107,1.190839695,1.867257954,1.727706038,0.512533175
4,0.313232422,-0.09476144,-1.016148158,0.081996331,0.022038468,0.008907904,0.081033053,0.115638022,-1.430249147,-2.06458382,-1.775715035,1.7816442,4.385253906,-1.326660156,-14.22607422,-0.033691406,-0.293457031,-1.245849609,0.66015625,0.101806641,-0.904785156,0.081996331,0.022038468,0.008907904,0.262695313,-0.130004883,-0.98449707,0.286350015,0.148453587,0.094381691,-0.199563795,5.295528899,1.263904035,5.851441839,2.850187398,0.17625577,1.231107884,0.153611673,0.041322593,-2.79389313,74.13740458,17.69465649,1.551145246,-0.16630113,-0.88099429,-3.65648855,2.34351145,0.519083969,5.160305344,8.580152672,1.877862595,5.851441839,2.850187398,0.17625577,-0.614503817,5.183206107,1.190839695,2.41897537,1.688249803,0.419828263
4,0.309779576,-0.094011579,-1.022164481,0.080127898,0.021786153,0.008566345,0.090745008,0.121228156,-1.321285523,-2.033946292,-1.772239047,1.69968659,4.336914063,-1.316162109,-14.31030273,-0.033691406,-0.293457031,-1.245849609,0.66015625,0.101806641,-0.904785156,0.080127898,0.021786153,0.008566345,0.262695313,-0.130004883,-0.997192383,0.283068716,0.147601331,0.092554549,-0.412758997,5.226281352,1.236095965,6.662535035,2.904471294,0.150309192,1.104469727,0.279115574,-0.034967741,-5.778625954,73.16793893,17.30534351,1.104151792,-0.247445596,-0.589583391,-3.65648855,2.34351145,0.519083969,5.160305344,8.580152672,1.877862595,6.662535035,2.904471294,0.150309192,-0.79389313,5.030534351,1.190839695,2.581188686,1.704250948,0.387697294
4,0.311645508,-0.089024135,-1.030412946,0.081392469,0.019991917,0.007967011,0.095929352,0.197132953,-1.235637278,-2.032715402,-1.832125186,1.749128196,4.363037109,-1.246337891,-14.42578125,-0.033691406,-0.262939453,-1.245849609,0.66015625,0.101806641,-0.904785156,0.081392469,0.019991917,0.007967011,0.262695313,-0.130004883,-1.017578125,0.285293655,0.141392775,0.089258114,-0.314612868,4.929661941,1.168484188,6.111694931,2.890885672,0.139748574,1.281971261,0.567804863,0.229907669,-4.404580153,69.01526718,16.35877863,1.420379862,0.168339383,-0.374003231,-3.564885496,2.34351145,0.519083969,5.160305344,8.580152672,1.877862595,6.111694931,2.890885672,0.139748574,-0.79389313,5,1.125954198,2.472184243,1.700260472,0.373829605
4,0.310267857,-0.096365792,-1.030221122,0.080384923,0.022875056,0.007982512,0.08857525,0.047347277,-1.238119293,-2.04188224,-1.65058419,1.74299337,4.34375,-1.349121094,-14.4230957,-0.033691406,-0.326416016,-1.245849609,0.640869141,0.101806641,-0.904785156,0.080384923,0.022875056,0.007982512,0.262695313,-0.130004883,-1.017578125,0.283522349,0.15124502,0.089344907,-0.333151581,4.896946565,1.171210469,6.172830229,2.84389694,0.139670131,1.278254074,0.638514258,0.204620995,-4.664122137,68.55725191,16.39694656,1.380447096,0.357317548,-0.37876366,-3.564885496,2.34351145,0.519083969,5.160305344,8.580152672,1.877862595,6.172830229,2.84389694,0.139670131,-0.79389313,5,1.145038168,2.484518108,1.686385762,0.373724673
4,0.310198103,-0.098196847,-1.035853795,0.080426837,0.022310864,0.007749052,0.088469488,0.050105533,-1.094735667,-2.042033461,-1.60947756,1.644060431,4.342773438,-1.374755859,-14.50195313,-0.033691406,-0.326416016,-1.245849609,0.640869141,0.101806641,-0.904785156,0.080426837,0.022310864,0.007749052,0.262695313,-0.130004883,-1.037109375,0.283596257,0.149368216,0.088028699,-0.263358779,4.860959651,1.195747001,6.149962123,2.828597747,0.131789049,1.188470246,0.717083792,0.041515164,-3.687022901,68.05343511,16.74045802,1.228973396,0.481647878,-0.075157446,-3.564885496,2.34351145,0.519083969,5.160305344,8.580152672,1.877862595,6.149962123,2.828597747,0.131789049,-0.473282443,4.900763359,1.190839695,2.479911717,1.681843556,0.363027615
4,0.32094029,-0.099574498,-1.041922433,0.074085783,0.021743975,0.00746732,0.110606795,0.026041769,-0.944519954,-2.040169547,-1.629214446,1.627157326,4.493164063,-1.394042969,-14.58691406,0.009277344,-0.326416016,-1.245849609,0.640869141,0.101074219,-0.904785156,0.074085783,0.021743975,0.00746732,0.262695313,-0.130004883,-1.041137695,0.272187037,0.147458383,0.086413654,-0.493456925,4.923664122,1.212649945,7.082244688,2.763242235,0.127550906,1.041977172,0.624424303,-0.09935282,-6.908396947,68.93129771,16.97709924,0.814898021,0.536350934,0.163787179,-3.870229008,2.34351145,0.519083969,5.160305344,8.580152672,1.877862595,7.082244688,2.763242235,0.127550906,-0.801526718,4.91221374,1.20610687,2.661248708,1.662300284,0.357142697
4,0.327322824,-0.106410435,-1.042759487,0.070408587,0.019929206,0.007479015,0.125985417,0.060787832,-0.90871604,-2.036773024,-1.449779008,1.561257394,4.582519531,-1.489746094,-14.59863281,0.009277344,-0.326416016,-1.245849609,0.640869141,0.101074219,-0.904785156,0.070408587,0.019929206,0.007479015,0.262695313,-0.130004883,-1.044799805,0.265346164,0.14117084,0.0864813,-0.16521265,5.352780807,1.270992366,8.016671138,4.000700861,0.088050723,0.673756736,0.690823815,0.281454422,-2.312977099,74.9389313,17.79389313,-0.372476329,0.259978339,0.240549869,-3.870229008,2.34351145,0.801526718,5.160305344,9.480916031,1.877862595,8.016671138,4.000700861,0.088050723,-0.202290076,5,1.22519084,2.83137266,2.000175208,0.296733421
4,0.352556501,-0.10534668,-1.051217215,0.073899732,0.019820789,0.00596705,-0.131522724,0.038013343,-1.400208117,-2.128688846,-1.42760945,2.449768799,4.935791016,-1.474853516,-14.71704102,0.009277344,-0.326416016,-1.245849609,0.640869141,0.101074219,-0.947021484,0.073899732,0.019820789,0.00596705,0.418212891,-0.129150391,-1.044799805,0.271845051,0.140786323,0.077246684,-0.182660851,4.934569248,1.298800436,7.988045024,3.542215258,0.087675159,0.697323018,0.923979945,0.00475341,-2.557251908,69.08396947,18.18320611,-0.3252763,1.441455022,0.196014754,-3.870229008,2.34351145,0.801526718,5.160305344,9.480916031,1.877862595,7.988045024,3.542215258,0.087675159,-0.202290076,4.91221374,1.259541985,2.826312973,1.882077378,0.296099914
4,0.354928153,-0.11680385,-1.03023856,0.07527788,0.022697776,0.006632483,-0.126361372,0.081729087,-0.972524647,-2.12827856,-1.623183863,3.805984337,4.968994141,-1.635253906,-14.42333984,0.009277344,-0.326416016,-1.245849609,0.640869141,0.101074219,-0.879150391,0.07527788,0.022697776,0.006632483,0.418212891,-0.129150391,-1.037109375,0.274368147,0.150657812,0.081440055,-0.199018539,5.069247546,1.247546347,7.978094017,3.044546125,0.060528249,0.718679926,1.176760395,-0.437362159,-2.786259542,70.96946565,17.46564885,-0.294161484,2.165382598,-0.028703648,-3.870229008,2.72519084,0.801526718,5.160305344,9.480916031,1.610687023,7.978094017,3.044546125,0.060528249,-0.202290076,4.91221374,1.22519084,2.824552003,1.744862781,0.246024894
4,0.351754325,-0.117361886,-1.025896345,0.073594407,0.02287778,0.007176972,-0.125743976,0.079992086,-0.937081544,-2.117673563,-1.631767409,3.086082282,4.924560547,-1.643066406,-14.36254883,0.009277344,-0.326416016,-1.245849609,0.640869141,0.101074219,-0.879150391,0.073594407,0.02287778,0.007176972,0.418212891,-0.129150391,-1.037109375,0.271282891,0.151254024,0.084717011,-0.162486369,5.039803708,1.232824427,7.98901291,3.05865427,0.077705262,0.672250319,1.226097764,-0.897045587,-2.27480916,70.55725191,17.25954198,-0.352782466,2.220494767,1.050508753,-3.870229008,2.72519084,0.595419847,5.160305344,9.480916031,1.610687023,7.98901291,3.05865427,0.077705262,-0.064885496,4.835877863,1.22519084,2.826484196,1.748900875,0.278756636
4,0.353899275,-0.119210379,-1.021536691,0.074867044,0.023360385,0.00794299,-0.119777112,0.090637513,-0.80615095,-2.115598973,-1.674746469,2.321880887,4.954589844,-1.668945313,-14.30151367,0.009277344,-0.326416016,-1.245849609,0.643310547,0.101074219,-0.879150391,0.074867044,0.023360385,0.00794299,0.418212891,-0.129150391,-1.037109375,0.273618428,0.152841044,0.089123453,-0.159760087,4.984187568,1.200109051,7.981957877,3.301497262,0.101026734,0.670420731,1.051154183,-0.773891497,-2.236641221,69.77862595,16.80152672,-0.350658277,1.842529102,-0.162381872,-3.870229008,2.595419847,0.595419847,5.160305344,9.480916031,1.610687023,7.981957877,3.301497262,0.101026734,-0.064885496,4.835877863,1.22519084,2.825235898,1.817002273,0.317847029
4,0.35886928,-0.130824498,-0.999581473,0.071973319,0.019738389,0.004084087,-0.121929912,0.067022764,0.63798283,-2.093499345,-1.578067709,-1.102019884,5.024169922,-1.831542969,-13.99414063,0.009277344,-0.326416016,-1.071533203,0.643310547,0.082519531,-0.879150391,0.071973319,0.019738389,0.004084087,0.418212891,-0.129150391,-1.029052734,0.268278435,0.140493376,0.063906859,0.217557252,4.983642312,1.124863686,7.884028186,3.301509748,0.113751728,0.359263816,1.052198475,-0.636288891,3.045801527,69.77099237,15.7480916,-0.679881565,1.844207519,-0.846519262,-3.870229008,2.595419847,0.557251908,5.160305344,9.480916031,1.572519084,7.884028186,3.301509748,0.113751728,0.007633588,4.835877863,1.20610687,2.807851169,1.817005709,0.337271001
4,0.362915039,-0.131905692,-0.99961635,0.069841181,0.019468862,0.004089509,-0.132271386,0.075603165,0.636003233,-2.058696048,-1.542372918,-1.102010448,5.080810547,-1.846679688,-13.99462891,0.009277344,-0.326416016,-1.072021484,0.643310547,0.082519531,-0.879150391,0.069841181,0.019468862,0.004089509,0.418212891,-0.129150391,-1.029052734,0.264274821,0.139530863,0.063949267,-0.094874591,4.797709924,1.054525627,9.468936401,3.020809707,0.16029958,0.31027019,1.453464733,-0.576830201,-1.328244275,67.16793893,14.76335878,-0.911113416,3.513310438,-0.871640659,-4.480916031,2.595419847,0.290076336,5.160305344,9.480916031,1.572519084,9.468936401,3.020809707,0.16029958,0.007633588,4.72519084,1.190839695,3.077163694,1.738047671,0.4003743
4,0.372000558,-0.12601144,-1.007498605,0.064076565,0.022073057,0.004066416,-0.095741135,0.220853624,0.959395901,-2.104954172,-1.339285366,-0.544487558,5.208007813,-1.764160156,-14.10498047,0.030761719,-0.326416016,-1.072021484,0.643310547,0.117431641,-0.879150391,0.064076565,0.022073057,0.004066416,0.418212891,-0.129150391,-1.037109375,0.253133493,0.14857004,0.063768458,-0.038713195,4.957470011,0.936750273,10.06936537,3.455623568,0.306360384,0.386410051,1.094644817,-1.109140184,-0.541984733,69.40458015,13.11450382,-0.815291278,1.57168023,1.157264032,-4.480916031,2.595419847,-0.404580153,5.290076336,9.480916031,1.572519084,10.06936537,3.455623568,0.306360384,0.007633588,4.72519084,1.167938931,3.173226335,1.858930759,0.553498314
4,0.364589146,-0.116350446,-1.00390625,0.066029215,0.023659878,0.004000976,-0.018175075,0.059920097,0.797675513,-2.189638677,-1.614874405,-0.720616146,5.104248047,-1.62890625,-14.0546875,0.030761719,-0.326416016,-1.072021484,0.643310547,0.117431641,-0.879150391,0.066029215,0.023659878,0.004000976,0.366333008,-0.103637695,-1.029052734,0.256961505,0.153817677,0.063253265,-0.116684842,4.979825518,0.871864776,9.281361841,3.549942016,0.276451333,0.300167277,1.058775632,-1.030808319,-1.633587786,69.71755725,12.20610687,-0.87764545,1.311553928,1.204864191,-4.480916031,2.595419847,-0.404580153,5.290076336,9.480916031,1.488549618,9.281361841,3.549942016,0.276451333,0.007633588,4.72519084,0.980916031,3.046532757,1.884128981,0.525786394
4,0.367414202,-0.117396763,-1.000191825,0.067199601,0.023965944,0.003946077,-0.032818194,0.062655061,0.621306842,-2.214327314,-1.637766754,-0.872712052,5.143798828,-1.643554688,-14.00268555,0.030761719,-0.326416016,-1.072021484,0.643310547,0.117431641,-0.879150391,0.067199601,0.023965944,0.003946077,0.385742188,-0.103637695,-1.007324219,0.259228859,0.154809381,0.062817806,0.07742639,4.712649945,0.856597601,8.367226736,4.875936109,0.259436007,0.266004707,0.418518948,-1.14376375,1.083969466,65.97709924,11.99236641,-0.581800185,0.798814276,1.477823647,-4.480916031,0.671755725,-0.404580153,5.290076336,9.480916031,1.473282443,8.367226736,4.875936109,0.259436007,0.007633588,4.72519084,0.980916031,2.892615899,2.208152193,0.509348611
4,0.370309012,-0.1232387,-0.99457659,0.069006683,0.025780469,0.003781568,-0.018958192,0.065445038,0.399214167,-2.194969041,-1.729961848,-0.935655359,5.184326172,-1.725341797,-13.92407227,0.030761719,-0.326416016,-1.072021484,0.678955078,0.117431641,-0.879150391,0.069006683,0.025780469,0.003781568,0.385742188,-0.103637695,-0.990234375,0.262691231,0.160562974,0.061494454,0.64612868,4.671210469,0.904034896,10.00454167,5.05079464,0.285313428,0.10269933,0.407196135,-1.170315968,9.045801527,65.39694656,12.65648855,-0.806155883,0.609074128,1.255147463,-4.480916031,0.671755725,-0.404580153,5.679389313,9.480916031,1.473282443,10.00454167,5.05079464,0.285313428,0.125954198,4.72519084,1.167938931,3.162995679,2.247397303,0.534147384
4,0.370762416,-0.121861049,-0.987008231,0.06927378,0.025204162,0.004634373,-0.017854359,0.085976835,0.272587856,-2.194214973,-1.745112646,-1.383416908,5.190673828,-1.706054688,-13.81811523,0.030761719,-0.307861328,-1.072021484,0.678955078,0.117431641,-0.879150391,0.06927378,0.025204162,0.004634373,0.385742188,-0.103637695,-0.985961914,0.263199126,0.158758187,0.068076228,0.792257361,4.810250818,0.920392585,9.475458025,5.52506674,0.298626262,0.00054519,0.271648957,-1.139779682,11.09160305,67.34351145,12.88549618,-0.544588053,-0.053253032,1.067132716,-4.480916031,0.671755725,-0.404580153,5.679389313,9.480916031,1.473282443,9.475458025,5.52506674,0.298626262,0.13740458,4.72519084,1.183206107,3.078223193,2.350546052,0.546467073
4,0.366455078,-0.114397321,-0.985177176,0.072687828,0.028472907,0.004420174,-0.074448781,0.173071491,0.264468178,-2.068967053,-1.663314889,-1.289857596,5.130371094,-1.6015625,-13.79248047,-0.029541016,-0.307861328,-1.072021484,0.678955078,0.137451172,-0.879150391,0.072687828,0.028472907,0.004420174,0.385742188,-0.103637695,-0.985961914,0.269606802,0.168739168,0.066484392,0.627589967,4.846237732,0.896946565,10.12252449,5.544296389,0.291893964,0.103211724,0.217695785,-1.040763791,8.786259542,67.84732824,12.55725191,-0.84473586,-0.09957261,1.022235687,-4.480916031,0.671755725,-0.404580153,5.679389313,9.480916031,1.473282443,10.12252449,5.544296389,0.291893964,0.13740458,4.736641221,1.019083969,3.181591503,2.354632963,0.54027212
4,0.357700893,-0.106009347,-0.984008789,0.078469917,0.0330155,0.004251459,-0.104057736,0.327373501,0.288163231,-2.042985048,-1.396657112,-1.246601238,5.0078125,-1.484130859,-13.77612305,-0.029541016,-0.307861328,-1.072021484,0.678955078,0.199951172,-0.879150391,0.078469917,0.0330155,0.004251459,0.385742188,-0.103637695,-0.985961914,0.280124824,0.18170168,0.065203217,0.917666303,4.859869138,0.879498364,8.490397983,5.54692982,0.284537646,0.11446618,0.197331762,-0.984166294,12.84732824,68.03816794,12.3129771,-0.433750305,-0.109668306,1.077355279,-4.480916031,0.671755725,-0.404580153,5.679389313,9.480916031,1.473282443,8.490397983,5.54692982,0.284537646,0.202290076,4.797709924,0.919847328,2.91382875,2.355192098,0.533420703
4,0.354125977,-0.104893276,-0.967145647,0.080622937,0.033221452,0.005665483,-0.102583964,0.308082628,0.415717443,-2.061630115,-1.433035974,-0.612772617,4.957763672,-1.468505859,-13.54003906,-0.029541016,-0.307861328,-1.072021484,0.678955078,0.199951172,-0.818603516,0.080622937,0.033221452,0.005665483,0.385742188,-0.103637695,-0.977294922,0.283941784,0.182267529,0.075269403,0.723555071,4.717557252,0.836968375,8.026035587,4.414033609,0.26805509,0.311893595,-0.2636972,-0.851321818,10.12977099,66.04580153,11.71755725,-0.016528847,-0.654060029,1.181607085,-4.480916031,0.671755725,-0.404580153,5.679389313,7.488549618,1.473282443,8.026035587,4.414033609,0.26805509,0.202290076,4.797709924,0.809160305,2.833025871,2.100960164,0.51774037
4,0.348824637,-0.111851283,-0.95980399,0.07842805,0.034511574,0.005533811,-0.073770499,0.386077045,0.144650172,-2.013468471,-1.506943654,-0.648698083,4.883544922,-1.565917969,-13.43725586,-0.029541016,-0.307861328,-1.072021484,0.678955078,0.199951172,-0.818603516,0.07842805,0.034511574,0.005533811,0.350341797,-0.15234375,-0.955566406,0.280050085,0.18577291,0.074389588,0.737731734,4.820065431,0.787350055,8.020974277,4.121256286,0.234519749,0.294735864,-0.386205545,-0.884088703,10.32824427,67.48091603,11.02290076,-0.019995788,-0.21600033,1.761463947,-4.480916031,0.671755725,-0.404580153,5.679389313,7.488549618,1.465648855,8.020974277,4.121256286,0.234519749,0.202290076,4.797709924,0.759541985,2.832132461,2.030087753,0.484272391
4,0.353585379,-0.116577148,-0.968418666,0.081732442,0.036819392,0.005076286,-0.046413006,0.303330039,0.444043248,-1.987818695,-1.462170981,-0.08326023,4.950195313,-1.632080078,-13.55786133,-0.029541016,-0.374023438,-1.072021484,0.706787109,0.199951172,-0.818603516,0.081732442,0.036819392,0.005076286,0.350341797,-0.15234375,-0.977294922,0.285888863,0.191883797,0.071248057,0.94002181,5.063794984,0.784623773,8.262463252,4.642634302,0.232433815,0.070406235,-0.517447546,-0.887718688,13.16030534,70.89312977,10.98473282,-0.282021673,-0.428649179,1.819413947,-4.480916031,0.671755725,-0.404580153,5.679389313,7.641221374,1.465648855,8.262463252,4.642634302,0.232433815,0.393129771,5.003816794,0.759541985,2.874450078,2.154677308,0.482113903
4,0.357822963,-0.119105748,-0.976649693,0.084026553,0.037748574,0.005511271,-0.053371604,0.299228523,0.636136378,-2.017509482,-1.495809588,-0.165573673,5.009521484,-1.667480469,-13.6730957,-0.029541016,-0.374023438,-1.072021484,0.706787109,0.199951172,-0.818603516,0.084026553,0.037748574,0.005511271,0.350341797,-0.15234375,-0.985961914,0.28987334,0.194289922,0.074237936,1.072519084,5.077971647,0.89040349,8.300975378,4.632078806,0.34597775,-0.084329625,-0.541639921,-0.172124464,15.01526718,71.09160305,12.46564885,-0.311621365,-0.394224364,1.417060437,-4.480916031,0.671755725,-0.404580153,5.679389313,7.641221374,2.076335878,8.300975378,4.632078806,0.34597775,0.618320611,5.003816794,0.828244275,2.881141333,2.152226477,0.588198734
4,0.354195731,-0.121442522,-0.982683454,0.081980377,0.038496107,0.005175861,-0.050568959,0.306007459,0.925196644,-1.996078909,-1.53079592,0.60118699,4.958740234,-1.700195313,-13.75756836,-0.029541016,-0.374023438,-1.072021484,0.706787109,0.199951172,-0.818603516,0.081980377,0.038496107,0.005175861,0.350341797,-0.15234375,-0.992553711,0.286322156,0.196204247,0.071943455,1.180479826,5.219193021,0.93565976,7.902351101,4.156171898,0.351850702,-0.171295266,-0.719467637,-0.402469707,16.52671756,73.06870229,13.09923664,0.009760146,0.397668585,1.377130027,-4.480916031,0.671755725,-0.404580153,5.679389313,7.641221374,2.076335878,7.902351101,4.156171898,0.351850702,0.618320611,5.003816794,0.919847328,2.811112076,2.038669149,0.593170044
4,0.347237723,-0.114763532,-0.990984235,0.086155208,0.039982598,0.005350145,-0.047277124,0.210272399,1.173968237,-2.033571153,-1.706907544,1.018561996,4.861328125,-1.606689453,-13.8737793,-0.029541016,-0.374023438,-1.072021484,0.706787109,0.199951172,-0.818603516,0.086155208,0.039982598,0.005350145,0.350341797,-0.133178711,-0.997924805,0.293522073,0.199956491,0.073144683,0.721374046,5.239912759,0.985823337,9.499381424,4.151037588,0.346195149,-0.009048764,-0.756232019,-0.672707465,10.09923664,73.35877863,13.80152672,-0.513050382,0.449094214,1.782668976,-4.480916031,0.671755725,-0.404580153,5.679389313,7.641221374,2.076335878,9.499381424,4.151037588,0.346195149,0.381679389,5.148854962,1.041984733,3.082106654,2.037409529,0.588383505
4,0.331229074,-0.105503627,-0.990652902,0.096732437,0.043009353,0.00529385,-0.066525391,0.133267096,1.19690232,-2.039191599,-1.894430937,1.052978533,4.637207031,-1.477050781,-13.86914063,-0.079589844,-0.374023438,-1.067382813,0.706787109,0.199951172,-0.818603516,0.096732437,0.043009353,0.00529385,0.350341797,-0.127563477,-0.997924805,0.311018387,0.207386965,0.072758849,0.924754635,5.257906216,1.06434024,7.799606954,4.118759249,0.314843713,0.25872804,-0.79062101,-1.06439553,12.94656489,73.61068702,14.90076336,-0.469530976,0.549922751,3.326689283,-3.877862595,0.671755725,-0.404580153,5.679389313,7.641221374,2.076335878,7.799606954,4.118759249,0.314843713,0.381679389,5.148854962,1.190839695,2.792777641,2.029472653,0.56110936
4,0.32421875,-0.111153739,-0.989554269,0.10036109,0.040743282,0.005152869,-0.035562319,0.154100095,1.232016237,-2.104146566,-1.80638764,1.160031744,4.5390625,-1.556152344,-13.85375977,-0.079589844,-0.374023438,-1.067382813,0.706787109,0.199951172,-0.818603516,0.10036109,0.040743282,0.005152869,0.350341797,-0.127563477,-0.997924805,0.316798186,0.201849651,0.071783487,0.509269357,5.258996728,1.115049073,6.309910473,4.123477333,0.190409061,0.451850711,-0.789162231,0.279343081,7.129770992,73.6259542,15.61068702,0.352995997,0.545754873,0.854734813,-3.877862595,0.671755725,0.305343511,5.679389313,7.641221374,2.076335878,6.309910473,4.123477333,0.190409061,0.179389313,5.148854962,1.190839695,2.511953517,2.030634712,0.436358867
4,0.352207729,-0.124145508,-0.990129743,0.103483884,0.039360613,0.005156835,-0.285046236,0.36300122,1.258540864,-2.094125695,-1.597184411,1.206755877,4.930908203,-1.738037109,-13.86181641,-0.079589844,-0.374023438,-1.067382813,0.706787109,0.199951172,-0.818603516,0.103483884,0.039360613,0.005156835,0.542358398,-0.201171875,-0.998413086,0.321689111,0.198395092,0.071811109,0.404034896,5.323336968,0.978189749,5.658173625,4.434335521,0.585557208,0.44691661,-0.678410241,-1.952629246,5.65648855,74.52671756,13.69465649,0.922762932,0.330937087,5.631642285,-3.877862595,0.671755725,-1.251908397,5.679389313,7.984732824,2.076335878,5.658173625,4.434335521,0.585557208,0.179389313,5.148854962,1.190839695,2.378691578,2.1057862,0.765217099
4,0.360560826,-0.13117327,-0.990722656,0.108525266,0.042108604,0.005152537,-0.281955244,0.340511773,1.28893506,-2.103267773,-1.643757429,1.272589232,5.047851563,-1.836425781,-13.87011719,-0.079589844,-0.374023438,-1.067382813,0.706787109,0.199951172,-0.818603516,0.108525266,0.042108604,0.005152537,0.546264648,-0.201171875,-0.998413086,0.329431731,0.205203811,0.071781176,0.509269357,5.572519084,0.750272628,5.529581193,2.807116315,1.167194207,0.31945206,0.018880461,-1.670906641,7.129770992,78.01526718,10.50381679,1.039994027,-0.90028082,2.494455683,-3.877862595,2.442748092,-1.916030534,5.679389313,7.984732824,2.076335878,5.529581193,2.807116315,1.167194207,0.381679389,5.148854962,1.041984733,2.351506154,1.675445109,1.080367626
4,0.359898158,-0.134207589,-0.995692662,0.108076975,0.043376285,0.005294503,-0.283577237,0.328119171,1.445229572,-2.103990718,-1.662715979,1.523816709,5.038574219,-1.87890625,-13.93969727,-0.079589844,-0.374023438,-1.067382813,0.706787109,0.199951172,-0.818603516,0.108076975,0.043376285,0.005294503,0.546264648,-0.201171875,-1.013671875,0.328750627,0.20826974,0.072763334,0.067066521,5.541984733,0.69738277,3.342975159,3.026002609,1.124863686,-0.500871668,-0.166444479,-1.618953794,0.938931298,77.58778626,9.763358779,0.476057977,-0.471524022,2.490802004,-3.877862595,2.015267176,-1.916030534,2.809160305,7.984732824,2.076335878,3.342975159,3.026002609,1.124863686,0.179389313,5.148854962,0.919847328,1.828380474,1.739540919,1.060595911
4,0.313720703,-0.107282366,-1.012119838,0.109353515,0.043497642,0.00517357,0.039691294,0.007366965,1.573303503,-2.200299539,-1.785352074,3.502097272,4.392089844,-1.501953125,-14.16967773,-0.079589844,-0.374023438,-1.115478516,0.706787109,0.199951172,-0.818603516,0.109353515,0.043497642,0.00517357,0.278930664,-0.085571289,-1.034423828,0.33068643,0.208560884,0.07192753,-0.20610687,5.163031625,0.663576881,4.391235942,3.603444368,1.08937048,-0.421756421,-0.077163951,-1.612216785,-2.885496183,72.28244275,9.290076336,-0.43539378,-0.525366327,2.589783984,-3.877862595,1.992366412,-1.916030534,2.809160305,7.984732824,2.076335878,4.391235942,3.603444368,1.08937048,0.179389313,4.93129771,0.904580153,2.095527605,1.89827405,1.043729122
4,0.321289063,-0.112287249,-1.003958566,0.104559898,0.04121016,0.005834159,0.032402518,-0.00578461,1.133211887,-2.175698583,-1.748836235,1.505965209,4.498046875,-1.572021484,-14.05541992,-0.079589844,-0.374023438,-1.115478516,0.706787109,0.199951172,-0.818603516,0.104559898,0.04121016,0.005834159,0.291503906,-0.085571289,-1.020507813,0.32335723,0.203002858,0.076381669,-0.081243184,5.172846238,0.519083969,4.05521112,3.608285398,1.314976266,-0.596685815,-0.094788921,-1.124807838,-1.13740458,72.41984733,7.267175573,0.183230383,-0.53176851,0.404542822,-3.877862595,1.992366412,-1.916030534,2.809160305,7.984732824,2.076335878,4.05521112,3.608285398,1.314976266,0.179389313,4.93129771,0.854961832,2.013755477,1.899548735,1.146724145
4,0.330287388,-0.120204381,-1.00378418,0.09935301,0.036763316,0.005819749,0.012043846,-0.145813825,1.131592533,-2.127945019,-1.972902294,1.516335873,4.624023438,-1.682861328,-14.05297852,-0.079589844,-0.374023438,-1.115478516,0.706787109,0.106445313,-0.818603516,0.09935301,0.036763316,0.005819749,0.313354492,-0.085571289,-1.020385742,0.315203124,0.191737623,0.076287282,-0.00436205,5.146673937,0.417666303,4.183015283,3.625467214,1.362260838,-0.675675317,-0.047607392,-0.819358842,-0.061068702,72.05343511,5.847328244,0.089217854,-0.567848553,-0.288002873,-3.877862595,1.992366412,-1.916030534,2.809160305,7.984732824,2.076335878,4.183015283,3.625467214,1.362260838,0.370229008,4.748091603,0.759541985,2.045242109,1.904065969,1.167159303
4,0.332223075,-0.115234375,-1.015973772,0.098242193,0.038267814,0.003038129,0.007345984,-0.174038254,0.386215723,-2.115381595,-2.026856448,0.221613604,4.651123047,-1.61328125,-14.22363281,-0.079589844,-0.374023438,-1.115478516,0.706787109,0.106445313,-0.913330078,0.098242193,0.038267814,0.003038129,0.313354492,-0.063598633,-1.020385742,0.313436106,0.19562161,0.055119222,-0.148309706,4.764994547,0.387677208,4.294251404,3.739769321,1.35400195,-0.437995184,0.160036704,-0.738610089,-2.076335878,66.70992366,5.427480916,-0.296134553,-0.519897247,-0.355418836,-3.877862595,1.992366412,-1.916030534,2.809160305,7.984732824,2.076335878,4.294251404,3.739769321,1.35400195,-0.171755725,4.622137405,0.751908397,2.072257562,1.933848319,1.163615895
4,0.333740234,-0.120657785,-1.023332868,0.098844207,0.040173972,0.002281599,-0.003306806,-0.138156796,0.418267492,-2.129712583,-2.111653127,1.525765722,4.672363281,-1.689208984,-14.32666016,-0.079589844,-0.374023438,-1.115478516,0.706787109,0.106445313,-0.913330078,0.098844207,0.040173972,0.002281599,0.323974609,-0.063598633,-1.032226563,0.314394986,0.200434459,0.047766086,-0.123227917,5.086150491,0.466739368,4.346948198,4.765469365,1.508087274,-0.461872456,0.102640773,-0.69408446,-1.72519084,71.20610687,6.534351145,-0.343582144,-0.850310072,-0.557564527,-3.877862595,1.992366412,-1.916030534,2.809160305,8.65648855,2.076335878,4.346948198,4.765469365,1.508087274,-0.171755725,4.748091603,0.828244275,2.08493362,2.182995503,1.228042049
4,0.321881975,-0.1154262,-1.0234375,0.091284924,0.037702214,0.002276439,-0.006331835,-0.118543975,0.425470294,-2.108072212,-2.131143915,1.55351495,4.506347656,-1.615966797,-14.328125,-0.079589844,-0.358398438,-1.115478516,0.695068359,0.106445313,-0.913330078,0.091284924,0.037702214,0.002276439,0.323974609,-0.063598633,-1.032226563,0.30213395,0.194170579,0.047712042,-0.659760087,4.561068702,0.36695747,4.988392413,5.735776111,1.506622478,-0.494001557,0.028626274,-0.443349387,-9.236641221,63.85496183,5.13740458,-0.590502391,-0.395485234,-0.804564276,-4.702290076,0.290076336,-1.916030534,2.595419847,8.65648855,2.076335878,4.988392413,5.735776111,1.506622478,-0.515267176,4.622137405,0.522900763,2.233470934,2.394948039,1.227445509
4,0.328700474,-0.116699219,-1.023751395,0.096559503,0.038247851,0.002298946,0.030613532,-0.118816442,0.430126053,-2.057471392,-2.136656958,1.478653767,4.601806641,-1.633789063,-14.33251953,-0.079589844,-0.358398438,-1.115478516,0.732177734,0.106445313,-0.913330078,0.096559503,0.038247851,0.002298946,0.323974609,-0.063598633,-1.032226563,0.310740249,0.195570579,0.047947324,-1.084514722,4.434023991,0.255179935,5.01807286,5.889677015,1.27000591,-0.245646221,0.188955615,-0.537478244,-15.18320611,62.07633588,3.572519084,-0.976417593,-0.526830341,-0.600383835,-4.702290076,0.290076336,-1.916030534,2.595419847,8.65648855,1.885496183,5.01807286,5.889677015,1.27000591,-0.522900763,4.557251908,0.416030534,2.240105547,2.426865677,1.126945389
4,0.332571847,-0.118251256,-1.024030413,0.098969223,0.038844701,0.002283415,0.026211831,-0.113127311,0.448578139,-2.079189237,-2.153281689,1.55896176,4.656005859,-1.655517578,-14.33642578,-0.079589844,-0.358398438,-1.115478516,0.732177734,0.106445313,-0.913330078,0.098969223,0.038844701,0.002283415,0.323974609,-0.063598633,-1.032226563,0.314593742,0.197090591,0.047785088,-1.10087241,4.429116685,0.226826609,4.977692519,5.888550323,1.218060886,-0.230193193,0.196073253,-0.538947051,-15.41221374,62.00763359,3.175572519,-0.946207363,-0.523439468,-0.480875771,-4.702290076,0.290076336,-1.916030534,2.595419847,8.65648855,1.885496183,4.977692519,5.888550323,1.218060886,-0.522900763,4.522900763,0.416030534,2.231074297,2.426633537,1.103657957
4,0.328822545,-0.114763532,-1.016496931,0.101662414,0.040143558,0.002580521,0.017197292,-0.118435735,0.15660848,-2.077152626,-2.17181428,0.609102578,4.603515625,-1.606689453,-14.23095703,-0.079589844,-0.358398438,-1.115478516,0.732177734,0.106445313,-0.913330078,0.101662414,0.040143558,0.002580521,0.323974609,-0.060424805,-1.012329102,0.31884544,0.200358574,0.050798827,-0.44438386,4.274263904,0.196292257,7.084777905,5.94729072,1.163195874,0.339914057,0.397391091,-0.541335135,-6.221374046,59.83969466,2.748091603,0.524678812,-0.480098318,-0.33842106,-4.702290076,0.290076336,-1.916030534,5.312977099,8.65648855,1.885496183,7.084777905,5.94729072,1.163195874,-0.515267176,4.332061069,0.416030534,2.661724611,2.438706772,1.078515588
4,0.339808873,-0.114641462,-1.01436942,0.093688001,0.040201927,0.002410713,0.055298609,-0.117493948,0.11446208,-2.116573849,-2.17060265,1.076092888,4.757324219,-1.604980469,-14.20117188,-0.029052734,-0.358398438,-1.115478516,0.732177734,0.108154297,-0.913330078,0.093688001,0.040201927,0.002410713,0.323974609,-0.060424805,-1.012329102,0.306084957,0.200504183,0.049099014,-0.365321701,4.41221374,0.164667394,6.969782621,6.293258865,1.095935007,0.251711186,0.23274059,-0.585947436,-5.114503817,61.77099237,2.305343511,0.615206634,-0.865909134,-0.174695801,-4.702290076,0.290076336,-1.916030534,5.312977099,8.65648855,1.885496183,6.969782621,6.293258865,1.095935007,-0.515267176,4.332061069,0.416030534,2.640034587,2.508636854,1.046869145
4,0.347900391,-0.118652344,-1.011858259,0.08935048,0.039105654,0.002349594,0.034279994,-0.082478568,-0.045592844,-2.064551773,-2.125479731,1.309646065,4.870605469,-1.661132813,-14.16601563,-0.029052734,-0.358398438,-1.115478516,0.732177734,0.108154297,-0.913330078,0.08935048,0.039105654,0.002349594,0.33972168,-0.088500977,-1.00402832,0.298915507,0.197751495,0.048472612,-0.747546347,4.196837514,0.214830971,9.147991773,5.614754193,1.146363688,0.068913241,0.436995184,-0.668228814,-10.46564885,58.75572519,3.007633588,-0.009218095,-0.226433004,-0.293362084,-5.877862595,0.290076336,-1.916030534,5.312977099,8.65648855,1.885496183,9.147991773,5.614754193,1.146363688,-0.515267176,4.209923664,0.618320611,3.024564725,2.369547255,1.070683748
4,0.338867188,-0.125697545,-1.017578125,0.085861582,0.040415515,0.002625447,0.101168324,0.015176971,0.166028779,-1.960041537,-2.215800647,0.587824536,4.744140625,-1.759765625,-14.24609375,-0.029052734,-0.358398438,-1.115478516,0.732177734,0.108154297,-0.913330078,0.085861582,0.040415515,0.002625447,0.305541992,-0.137817383,-1.015136719,0.29302147,0.201036104,0.051239116,-0.889858233,3.97655398,0.430752454,8.406850186,4.49690904,1.116948665,0.121684785,0.46646752,-0.894195576,-12.45801527,55.67175573,6.030534351,0.495240022,0.71063186,0.612270441,-5.877862595,0.290076336,-1.916030534,5.312977099,8.65648855,1.885496183,8.406850186,4.49690904,1.116948665,-0.515267176,4.209923664,0.778625954,2.899456878,2.120591672,1.056857921
4,0.335867746,-0.120901925,-1.005510603,0.083686356,0.038333913,0.005349523,0.088888006,0.027088204,1.178684417,-1.967974877,-2.225480184,2.124769841,4.702148438,-1.692626953,-14.07714844,-0.029052734,-0.347900391,-1.115478516,0.732177734,0.108154297,-0.822265625,0.083686356,0.038333913,0.005349523,0.305541992,-0.137817383,-1.015136719,0.289285941,0.195790482,0.073140436,-1.136314068,4.03217012,0.63740458,8.452581275,4.56222453,0.67027428,0.379000744,0.373481483,-0.686834398,-15.90839695,56.45038168,8.923664122,0.569957533,0.526759455,0.617873777,-5.877862595,0.290076336,-1.145038168,5.312977099,8.65648855,1.885496183,8.452581275,4.56222453,0.67027428,-0.522900763,4.381679389,0.86259542,2.90733233,2.135936453,0.818702803
4,0.334019252,-0.119280134,-1.00516183,0.082405172,0.03757781,0.005324372,0.083165712,0.037687524,1.174077531,-1.968488152,-2.241355486,2.14730529,4.676269531,-1.669921875,-14.07226563,-0.029052734,-0.325195313,-1.115478516,0.732177734,0.108154297,-0.822265625,0.082405172,0.03757781,0.005324372,0.305541992,-0.137817383,-1.015136719,0.28706301,0.193849967,0.072968292,-1.120501636,4.22955289,0.616139586,8.47736306,4.250213716,0.672584335,0.359648158,0.167444252,-0.594139432,-15.6870229,59.21374046,8.625954198,0.53388507,0.906475532,0.497358077,-5.877862595,0.290076336,-1.145038168,5.312977099,8.65648855,1.885496183,8.47736306,4.250213716,0.672584335,-0.522900763,4.58778626,0.86259542,2.911591156,2.061604646,0.820112392
4,0.368076869,-0.139787946,-0.995483398,0.074195858,0.035112929,0.004336135,-0.165205696,0.321343385,1.506082216,-1.833059044,-2.049424822,2.812077612,5.153076172,-1.95703125,-13.93676758,-0.029052734,-0.325195313,-1.077148438,0.732177734,0.108154297,-0.822265625,0.074195858,0.035112929,0.004336135,0.468505859,-0.237548828,-1.00402832,0.272389167,0.187384441,0.065849334,-0.886586696,4.394220284,0.614503817,7.911874036,3.83636965,0.671511432,0.182559537,0.033994659,-0.589611335,-12.41221374,61.51908397,8.603053435,0.937627679,1.694525295,0.504076808,-5.877862595,0.290076336,-1.145038168,5.312977099,8.65648855,1.885496183,7.911874036,3.83636965,0.671511432,-0.503816794,4.58778626,0.86259542,2.812805368,1.958665273,0.819458011
4,0.363385882,-0.136614118,-1.002546038,0.077450777,0.03667016,0.003784764,-0.182572549,0.332999663,2.035100963,-1.832777327,-2.034008421,5.651482113,5.087402344,-1.912597656,-14.03564453,-0.029052734,-0.325195313,-1.077148438,0.732177734,0.111816406,-0.822265625,0.077450777,0.03667016,0.003784764,0.468505859,-0.237548828,-1.009521484,0.278299797,0.191494542,0.061520435,-0.85387132,4.190294438,0.744274809,7.952753848,3.94797205,0.415474712,0.142601022,0.314158337,-0.100840428,-11.95419847,58.66412214,10.41984733,0.879182548,1.530228197,0.435037006,-5.877862595,0.290076336,-0.458015267,5.312977099,8.65648855,1.885496183,7.952753848,3.94797205,0.415474712,-0.389312977,4.400763359,0.86259542,2.820062738,1.98695044,0.644573279
4,0.361310686,-0.1345738,-1.000401088,0.078598394,0.037720398,0.00367145,-0.176296516,0.342960276,2.028809767,-1.859065679,-2.017584311,5.822919773,5.058349609,-1.884033203,-14.00561523,-0.029052734,-0.325195313,-1.077148438,0.732177734,0.117675781,-0.822265625,0.078598394,0.037720398,0.00367145,0.468505859,-0.237548828,-1.008911133,0.28035405,0.194217398,0.060592491,-0.838604144,4.254634678,0.851690294,8.025763759,4.072647794,0.298850383,0.134369836,0.215832605,0.107178252,-11.74045802,59.5648855,11.92366412,0.807473415,1.185706423,1.085841014,-5.877862595,0.290076336,-0.27480916,5.312977099,8.65648855,1.885496183,8.025763759,4.072647794,0.298850383,-0.389312977,4.400763359,0.900763359,2.832977896,2.018080225,0.546672099
4,0.364153181,-0.135986328,-1.005371094,0.076979259,0.037163615,0.003897979,-0.18297101,0.351619851,2.05970158,-1.825769829,-1.991590952,5.65991738,5.098144531,-1.903808594,-14.07519531,-0.029052734,-0.325195313,-1.077148438,0.732177734,0.117675781,-0.822265625,0.076979259,0.037163615,0.003897979,0.468505859,-0.237548828,-1.01159668,0.277451363,0.192778669,0.062433795,-0.696292257,4.619411123,0.852235551,8.124120242,4.278062128,0.298230847,-0.031747771,-0.055366199,0.107526056,-9.748091603,64.67175573,11.93129771,0.687080275,0.876505808,1.099577848,-5.877862595,0.290076336,-0.27480916,5.312977099,8.65648855,1.885496183,8.124120242,4.278062128,0.298230847,-0.175572519,4.641221374,0.900763359,2.850284239,2.068347681,0.546105161
4,0.379865374,-0.141531808,-0.998849051,0.085974643,0.03978118,0.00423971,-0.157349231,0.283766199,1.59356788,-1.860032632,-1.92079209,3.418660419,5.318115234,-1.981445313,-13.98388672,-0.029052734,-0.396728516,-1.077148438,0.747802734,0.117675781,-0.822265625,0.085974643,0.03978118,0.00423971,0.468505859,-0.237548828,-1.008911133,0.293214329,0.1994522,0.065113054,-1.084514722,4.347328244,0.784623773,8.802996636,2.948642494,0.211760822,0.238015193,-0.703172559,-0.317394095,-15.18320611,60.86259542,10.98473282,0.311594722,1.502031082,2.386419596,-5.877862595,0.290076336,-0.27480916,5.312977099,7.251908397,1.770992366,8.802996636,2.948642494,0.211760822,-0.389312977,4.641221374,0.900763359,2.966984435,1.717161173,0.460174774
4,0.390677316,-0.144444057,-0.994524275,0.091358278,0.040898815,0.00447947,-0.183476578,0.279610473,1.299793036,-1.93343529,-1.934263147,2.234177752,5.469482422,-2.022216797,-13.92333984,-0.029052734,-0.396728516,-1.077148438,0.747802734,0.117675781,-0.822265625,0.091358278,0.040898815,0.00447947,0.468505859,-0.237548828,-1.008911133,0.302255319,0.202234554,0.066928842,-1.009269357,4.682115594,0.873500545,8.295940962,1.592193454,0.119543995,0.283215802,0.27027461,0.926240116,-14.12977099,65.54961832,12.22900763,0.560130098,0.338712137,2.984777122,-5.877862595,2.610687023,0.328244275,5.312977099,7.251908397,1.770992366,8.295940962,1.592193454,0.119543995,-0.389312977,4.812977099,0.923664122,2.880267516,1.261821483,0.345751349
4,0.340698242,-0.117117746,-0.982648577,0.089567411,0.040786426,0.004802635,0.114123937,-0.041686121,0.920928451,-1.976303941,-2.019712853,0.776987748,4.769775391,-1.639648438,-13.75708008,-0.029052734,-0.396728516,-1.077148438,0.747802734,0.117675781,-0.822265625,0.089567411,0.040786426,0.004802635,0.305541992,-0.117553711,-1.003417969,0.299278151,0.201956496,0.069301044,-0.850054526,4.713740458,0.879498364,7.667121847,1.494737621,0.115370528,0.215952234,0.338232741,0.974578895,-11.90076336,65.99236641,12.3129771,1.071710166,0.565868741,3.287699186,-5.877862595,2.610687023,0.328244275,5.312977099,7.251908397,1.770992366,7.667121847,1.494737621,0.115370528,-0.389312977,4.812977099,0.923664122,2.768956816,1.222594626,0.339662373
4,0.301810128,-0.093191964,-0.983067104,0.085106613,0.039021468,0.004820728,0.440169138,-0.355497808,0.934894419,-1.719443938,-1.825288031,0.77383126,4.225341797,-1.3046875,-13.76293945,-0.029052734,-0.396728516,-1.077148438,0.747802734,0.117675781,-0.822265625,0.085106613,0.039021468,0.004820728,0.134887695,0.005126953,-1.006347656,0.291730377,0.197538524,0.069431465,-0.92693566,4.684841876,0.889312977,7.619223501,1.519495713,0.117007257,0.313305741,0.401394416,0.86146831,-12.97709924,65.58778626,12.45038168,1.173060547,0.476970364,2.951628783,-5.877862595,2.610687023,0.328244275,5.312977099,7.251908397,1.770992366,7.619223501,1.519495713,0.117007257,-0.507633588,4.812977099,0.942748092,2.760294097,1.232678268,0.342063235
4,0.314923968,-0.097429548,-0.981515067,0.078168947,0.037684729,0.004967602,0.471368552,-0.344292786,0.850716084,-1.69835528,-1.789391267,0.438977478,4.408935547,-1.364013672,-13.74121094,0.010742188,-0.396728516,-1.077148438,0.747802734,0.117675781,-0.822265625,0.078168947,0.037684729,0.004967602,0.153076172,0.001831055,-1.006347656,0.2795871,0.19412555,0.070481216,-1.449291167,4.697928026,0.943838604,4.4188375,1.476986856,0.15190622,-0.760913707,0.443197964,0.623208403,-20.29007634,65.77099237,13.21374046,-0.054677713,0.562234874,0.844368519,-5.877862595,2.610687023,0.328244275,1.480916031,7.251908397,1.770992366,4.4188375,1.476986856,0.15190622,-0.832061069,4.812977099,0.958015267,2.102103113,1.21531348,0.389751485
4,0.354928153,-0.129813058,-0.977294922,0.079833784,0.038027125,0.004707171,0.142658995,-0.041943408,0.755730618,-1.953731255,-1.960856168,0.581326016,4.968994141,-1.817382813,-13.68212891,0.010742188,-0.396728516,-1.077148438,0.747802734,0.117675781,-0.822265625,0.079833784,0.038027125,0.004707171,0.307006836,-0.117553711,-0.992919922,0.282548729,0.19500545,0.068608829,-1.829334787,4.416030534,1.706652126,5.685723955,1.511582614,8.302768032,-0.526730276,0.481228896,3.624033786,-25.61068702,61.82442748,23.89312977,-0.841897021,1.116472186,13.36472609,-5.877862595,2.526717557,0.328244275,1.480916031,7.251908397,11.6259542,5.685723955,1.511582614,8.302768032,-1.393129771,4.538167939,0.973282443,2.384475614,1.22946436,2.881452417
4,0.386387416,-0.157871791,-0.973092215,0.079912952,0.042281147,0.004687045,-0.162437099,0.201893177,0.55969945,-1.949517821,-1.933184374,0.39584195,5.409423828,-2.210205078,-13.62329102,0.010742188,-0.410644531,-1.077148438,0.747802734,0.117675781,-0.822265625,0.079912952,0.042281147,0.004687045,0.468505859,-0.237548828,-0.979248047,0.282688791,0.2056238,0.068461997,-1.697928026,4.509814613,1.699018539,4.78161766,1.603108825,8.3150768,-0.416522617,0.249409859,3.62457465,-23.77099237,63.13740458,23.78625954,-0.809069013,0.498530391,13.36641931,-5.847328244,2.526717557,0.328244275,1.480916031,7.251908397,11.6259542,4.78161766,1.603108825,8.3150768,-1.393129771,4.812977099,0.954198473,2.18669103,1.266139339,2.883587488
4,0.389282227,-0.155168806,-0.963919503,0.080485956,0.041801597,0.003809188,-0.192190603,0.167070079,0.675241731,-1.964041334,-1.908823801,0.828740399,5.449951172,-2.172363281,-13.49487305,0.010742188,-0.410644531,-1.058837891,0.747802734,0.117675781,-0.822265625,0.080485956,0.041801597,0.003809188,0.488769531,-0.21862793,-0.963623047,0.283700469,0.204454388,0.061718618,-1.860959651,4.458015267,1.632497274,4.345749787,1.597055936,8.366715739,-0.327094059,0.390058778,3.669222929,-26.05343511,62.41221374,22.85496183,-0.550020251,0.602129323,13.61084672,-5.847328244,2.526717557,0.328244275,1.480916031,7.251908397,11.6259542,4.345749787,1.597055936,8.366715739,-1.664122137,4.538167939,0.923664122,2.084646202,1.263746785,2.892527569
4,0.362636021,-0.138044085,-0.975585938,0.075286623,0.040887601,0.002155231,0.043192239,-0.085023689,-0.072509442,-1.864624661,-1.867412683,-0.565147959,5.076904297,-1.932617188,-13.65820313,0.010742188,-0.410644531,-1.058837891,0.747802734,0.117675781,-0.892822266,0.075286623,0.040887601,0.002155231,0.37878418,-0.134399414,-0.979248047,0.27438408,0.202206827,0.046424461,-1.735550709,4.420937841,1.646673937,4.30568962,1.577896726,8.349517274,-0.529499879,0.495487332,3.664086218,-24.29770992,61.89312977,23.05343511,-0.35192075,0.779508498,13.5842839,-5.847328244,2.526717557,0.328244275,1.480916031,7.251908397,11.6259542,4.30568962,1.577896726,8.349517274,-1.393129771,4.358778626,0.923664122,2.075015571,1.256143593,2.889553127
4,0.324044364,-0.112287249,-0.975237165,0.072766656,0.039792955,0.002111267,0.368690243,-0.410077509,-0.055188698,-1.673993081,-1.653017319,-0.532282372,4.536621094,-1.572021484,-13.65332031,0.010742188,-0.410644531,-1.058837891,0.747802734,0.117675781,-0.892822266,0.072766656,0.039792955,0.002111267,0.217285156,-0.015014648,-0.979248047,0.269752954,0.199481715,0.045948528,-1.808069793,4.341330425,1.691384951,4.153540068,1.60528953,8.260095245,-0.465436668,0.681934529,3.67535472,-25.3129771,60.77862595,23.67938931,-0.224776332,0.83396999,13.64568339,-5.847328244,2.526717557,0.328244275,1.480916031,7.251908397,11.6259542,4.153540068,1.60528953,8.260095245,-1.477099237,4.236641221,0.954198473,2.038023569,1.267000209,2.874038143
4,0.2986363,-0.094081334,-0.979492188,0.073404626,0.040316074,0.002408211,0.639526359,-0.670247641,0.057063392,-1.443071222,-1.427683685,-0.981785298,4.180908203,-1.317138672,-13.71289063,0.010742188,-0.410644531,-1.058837891,0.747802734,0.117675781,-0.892822266,0.073404626,0.040316074,0.002408211,0.138183594,0.024780273,-0.982055664,0.27093288,0.20078863,0.049073527,-1.831515812,4.364231189,1.696292257,4.094601483,1.610480191,8.252156532,-0.449300784,0.616410022,3.675118248,-25.64122137,61.09923664,23.7480916,-0.164682138,0.74037906,13.64486448,-5.847328244,2.526717557,0.328244275,1.480916031,7.251908397,11.6259542,4.094601483,1.610480191,8.252156532,-1.477099237,4.297709924,0.973282443,2.023512165,1.269046962,2.872656703
4,0.30015346,-0.102015904,-0.980608259,0.072496091,0.037678717,0.002504291,0.654398358,-0.695330326,0.07606691,-1.445243689,-1.396972906,-1.108260645,4.202148438,-1.428222656,-13.72851563,0.031982422,-0.410644531,-1.058837891,0.747802734,0.117675781,-0.892822266,0.072496091,0.037678717,0.002504291,0.138183594,0.011108398,-0.982055664,0.269250981,0.194110065,0.050042893,-1.785714286,4.523991276,1.70174482,4.29862402,1.364414008,8.24054062,-0.409666944,0.618523746,3.677089377,-25,63.33587786,23.82442748,-0.301695785,1.283249212,13.65553547,-5.847328244,2.526717557,0.328244275,1.480916031,7.251908397,11.6259542,4.29862402,1.364414008,8.24054062,-1.477099237,4.519083969,0.973282443,2.073312331,1.168081336,2.870634184
4,0.293648856,-0.106358119,-0.979300363,0.076017748,0.035888026,0.002442664,0.615396156,-0.754781105,0.005852585,-1.456779267,-1.407143607,-0.99319731,4.111083984,-1.489013672,-13.71020508,0,-0.410644531,-1.058837891,0.747802734,0.05859375,-0.892822266,0.076017748,0.035888026,0.002442664,0.138183594,0.011108398,-0.982055664,0.275713163,0.189441353,0.049423316,-2.030534351,4.627589967,1.707197383,3.41523042,1.748635579,8.233253461,-0.607609341,0.712392,3.675653772,-28.42748092,64.78625954,23.90076336,-0.035779321,0.428011678,13.64825753,-5.847328244,2.526717557,0.328244275,0.580152672,7.251908397,11.6259542,3.41523042,1.748635579,8.233253461,-1.664122137,4.519083969,0.973282443,1.848034204,1.322359852,2.869364644
4,0.315551758,-0.121686663,-0.969639369,0.074455488,0.034416719,0.002094311,0.38710871,-0.560844455,-0.110218472,-1.601147646,-1.554755018,-1.116713598,4.417724609,-1.703613281,-13.57495117,0,-0.410644531,-1.039550781,0.747802734,0.05859375,-0.892822266,0.074455488,0.034416719,0.002094311,0.217285156,-0.025390625,-0.963623047,0.27286533,0.185517435,0.045763643,-1.95910578,4.582333697,1.782988004,3.883605556,1.521503844,8.088570366,-0.29131523,0.519194089,3.691524002,-27.42748092,64.15267176,24.96183206,0.120225232,0.211586753,13.72940758,-5.847328244,2.526717557,0.595419847,1.549618321,7.022900763,11.6259542,3.883605556,1.521503844,8.088570366,-1.664122137,4.519083969,1.003816794,1.97068657,1.233492539,2.844041203
4,0.299944196,-0.121128627,-0.974609375,0.063335159,0.034090499,0.002038589,0.311035767,-0.554924335,0.188555325,-1.678449394,-1.567335923,-0.995604039,4.19921875,-1.695800781,-13.64453125,0,-0.410644531,-1.039550781,0.692138672,0.05859375,-0.892822266,0.063335159,0.034090499,0.002038589,0.217285156,-0.025390625,-0.982055664,0.251664776,0.184636127,0.045150735,-1.893129771,4.507633588,1.822246456,3.594868508,1.556989686,8.03877691,-0.300576532,0.688497001,3.679677234,-26.50381679,63.10687023,25.51145038,0.533222207,0.238072647,13.66705978,-5.847328244,2.526717557,0.595419847,1.549618321,7.022900763,11.6259542,3.594868508,1.556989686,8.03877691,-1.664122137,4.297709924,1.041984733,1.896013847,1.247793928,2.835273692
4,0.299857003,-0.119594029,-0.974469866,0.063261611,0.033394904,0.002049058,0.309624477,-0.560035801,0.183236983,-1.681799363,-1.53382163,-1.01807904,4.197998047,-1.674316406,-13.64257813,0,-0.410644531,-1.039550781,0.690917969,0.05859375,-0.892822266,0.063261611,0.033394904,0.002049058,0.217285156,-0.025390625,-0.982055664,0.251518611,0.182742726,0.045266526,-1.338604144,4.724645583,1.847873501,5.802876891,2.435741725,8.000900649,0.459200824,0.87820316,3.676107737,-18.74045802,66.14503817,25.87022901,1.450044699,0.095987123,13.64986991,-5.847328244,2.526717557,0.595419847,4.114503817,8.015267176,11.6259542,5.802876891,2.435741725,8.000900649,-1.477099237,4.297709924,1.08778626,2.408916124,1.560686299,2.828586334
4,0.340541295,-0.143746512,-0.983346122,0.063004126,0.032292239,0.001591143,0.00396741,-0.266278042,0.181381948,-1.820063554,-1.783279082,-1.404844642,4.767578125,-2.012451172,-13.7668457,0,-0.410644531,-1.039550781,0.690917969,0.056884766,-0.923583984,0.063004126,0.032292239,0.001591143,0.352416992,-0.114135742,-0.989135742,0.251006226,0.179700415,0.039889134,-1.339694656,4.781897492,1.886586696,5.803622256,2.329205437,7.917450186,0.460666993,0.853385912,3.692692376,-18.75572519,66.94656489,26.41221374,1.449828353,0.224453465,13.73728764,-5.847328244,2.526717557,0.748091603,4.114503817,8.015267176,11.6259542,5.803622256,2.329205437,7.917450186,-1.484732824,4.354961832,1.129770992,2.409070828,1.526173462,2.813796401
4,0.362932478,-0.156563895,-0.982840402,0.05853329,0.029848781,0.001570201,-0.232092191,-0.127748868,0.151508011,-1.578224243,-1.656615466,-1.361468337,5.081054688,-2.191894531,-13.75976563,0,-0.410644531,-1.039550781,0.690917969,0.056884766,-0.923583984,0.05853329,0.029848781,0.001570201,0.420288086,-0.1640625,-0.989135742,0.241936541,0.172767998,0.039625764,-1.330970556,4.905670665,1.847873501,5.808488901,2.36169317,8.009811731,0.447584509,0.589793519,3.668550982,-18.63358779,68.67938931,25.87022901,1.432038045,-0.185798594,13.61242752,-5.847328244,2.526717557,0.488549618,4.114503817,8.015267176,11.6259542,5.808488901,2.36169317,8.009811731,-1.484732824,4.519083969,1.129770992,2.410080683,1.536780131,2.830161079
4,0.354317801,-0.15359933,-0.991158622,0.063438905,0.031108699,0.001547237,-0.235117051,-0.098122518,0.320445682,-1.670759619,-1.656921625,-1.115123665,4.960449219,-2.150390625,-13.8762207,0,-0.410644531,-1.043945313,0.690917969,0.062988281,-0.923583984,0.063438905,0.031108699,0.001547237,0.420288086,-0.1640625,-0.995727539,0.251870811,0.176376583,0.039334938,-1.327699019,5.04089422,1.782442748,5.8039245,2.142699297,8.10532603,0.443728032,0.482797462,3.678208149,-18.58778626,70.57251908,24.95419847,1.436850835,0.086229774,13.66302494,-5.847328244,2.526717557,0.488549618,4.114503817,8.015267176,11.6259542,5.8039245,2.142699297,8.10532603,-1.484732824,4.732824427,1.08778626,2.409133558,1.463796194,2.846985428
4,0.345406669,-0.139962333,-0.987932478,0.059177299,0.028084117,0.001780801,-0.246178613,-0.265726824,0.219679043,-1.603336292,-1.315680706,-1.500706065,4.835693359,-1.959472656,-13.83105469,0,-0.410644531,-1.043945313,0.690917969,0.062988281,-0.923583984,0.059177299,0.028084117,0.001780801,0.420288086,-0.152832031,-0.995727539,0.243263847,0.167583164,0.042199535,-0.578516903,5.48691385,1.117775354,6.368780541,2.512505355,0.198399002,1.017049869,0.895022425,1.423900594,-8.099236641,76.81679389,15.64885496,0.611614289,-0.146633422,3.435903187,-4.038167939,3.664122137,0.488549618,4.641221374,8.770992366,2.320610687,6.368780541,2.512505355,0.198399002,-1.187022901,5.007633588,1.08778626,2.523644298,1.585088438,0.445420029
4,0.351004464,-0.139683315,-0.992204939,0.062589613,0.027922537,0.00166887,-0.193883502,-0.257603295,0.515454055,-1.588832056,-1.331647981,-1.091718271,4.9140625,-1.955566406,-13.89086914,0,-0.406738281,-1.043945313,0.690917969,0.062988281,-0.923583984,0.062589613,0.027922537,0.00166887,0.420288086,-0.152832031,-1.000244141,0.250179161,0.167100381,0.040851807,-0.245365322,5.47655398,1.278625954,5.440142516,2.512097773,0.485436567,1.089932257,0.918098998,1.787061263,-3.435114504,76.67175573,17.90076336,0.633135308,-0.113110305,3.513876719,-3.496183206,3.664122137,0.488549618,4.641221374,8.770992366,3.152671756,5.440142516,2.512097773,0.485436567,-1.041984733,5.007633588,1.129770992,2.332411309,1.584959865,0.69673278
4,0.360351563,-0.15612793,-0.994663783,0.066812378,0.034552205,0.001523273,-0.205711463,-0.287737979,0.688995089,-1.681774772,-1.46717611,-0.530254192,5.044921875,-2.185791016,-13.92529297,0,-0.450195313,-1.043945313,0.690917969,0.062988281,-0.923583984,0.066812378,0.034552205,0.001523273,0.420288086,-0.152832031,-1.000244141,0.258480904,0.185882234,0.039029134,-0.533805889,5.549073064,1.328789531,7.495810844,2.382517285,0.473241781,0.340415936,0.882606951,1.629218843,-7.473282443,77.6870229,18.60305344,0.548965548,-0.005466605,3.181332222,-5.717557252,3.664122137,0.488549618,4.641221374,8.770992366,3.152671756,7.495810844,2.382517285,0.473241781,-1.041984733,5.179389313,1.15648855,2.737847849,1.543540503,0.687925709
4,0.37058803,-0.161586217,-0.992030552,0.066508444,0.033739428,0.001671778,-0.342107553,-0.210414143,0.499776229,-1.603686812,-1.406776713,-1.112864886,5.188232422,-2.262207031,-13.88842773,0,-0.450195313,-1.043945313,0.690917969,0.062988281,-0.923583984,0.066508444,0.033739428,0.001671778,0.424072266,-0.152832031,-1.000244141,0.257892311,0.183682955,0.040887386,-0.574700109,5.490185387,1.280806979,7.566337165,2.574291247,0.521308858,0.382509438,0.783632389,1.509117844,-8.045801527,76.86259542,17.93129771,0.499458866,-0.172623986,2.659245544,-5.717557252,3.595419847,0.488549618,4.641221374,8.770992366,3.152671756,7.566337165,2.574291247,0.521308858,-1.160305344,5.179389313,1.129770992,2.750697578,1.604459799,0.722017215
4,0.383527483,-0.170061384,-0.98941476,0.061409258,0.031149192,0.001545233,-0.459923282,-0.185920782,0.419906159,-1.275099896,-1.241003116,-0.966765903,5.369384766,-2.380859375,-13.85180664,0,-0.450195313,-1.043945313,0.690917969,0.062988281,-0.923583984,0.061409258,0.031149192,0.001545233,0.424072266,-0.152832031,-0.996826172,0.247808913,0.176491337,0.039309453,-0.523991276,5.537622683,1.254089422,7.522536405,2.419221708,0.544386678,0.322833977,0.861199858,1.495001006,-7.335877863,77.52671756,17.55725191,0.513714525,-0.033813691,2.455501302,-5.717557252,3.595419847,0.488549618,4.641221374,8.770992366,3.152671756,7.522536405,2.419221708,0.544386678,-0.916030534,5.179389313,1.129770992,2.742724267,1.555384746,0.737825642
4,0.38394601,-0.170985631,-0.986467634,0.061175801,0.030747768,0.001348585,-0.461499303,-0.197287898,0.460589353,-1.264529149,-1.233226882,-0.755349775,5.375244141,-2.393798828,-13.81054688,0,-0.450195313,-1.043945313,0.690917969,0.062988281,-0.923583984,0.061175801,0.030747768,0.001348585,0.424072266,-0.152832031,-0.996582031,0.247337424,0.175350414,0.036723079,-0.492911668,5.541984733,1.254089422,7.516459183,2.41085108,0.544386678,0.283668802,0.85932706,1.495001006,-6.900763359,77.58778626,17.55725191,0.501976859,-0.024189333,2.455501302,-5.717557252,3.595419847,0.488549618,4.641221374,8.770992366,3.152671756,7.516459183,2.41085108,0.544386678,-0.805343511,5.179389313,1.129770992,2.741616163,1.55269156,0.737825642
4,0.381260463,-0.165283203,-0.987304688,0.063312619,0.033312082,0.001432969,-0.488397389,-0.124126518,0.36754122,-1.230412752,-1.261718679,-0.769655703,5.337646484,-2.313964844,-13.82226563,-0.005615234,-0.450195313,-1.043945313,0.690917969,0.080566406,-0.923583984,0.063312619,0.033312082,0.001432969,0.424072266,-0.152832031,-0.996582031,0.251619989,0.182515978,0.037854577,-0.482551799,5.473282443,1.308069793,7.54190565,2.579722358,0.526350958,0.271508544,0.834965495,1.345669997,-6.755725191,76.6259542,18.3129771,0.468881949,-0.196013827,2.268130647,-5.717557252,3.595419847,0.488549618,4.641221374,8.770992366,3.152671756,7.54190565,2.579722358,0.526350958,-0.805343511,5.179389313,1.232824427,2.74625302,1.606151412,0.725500488
4,0.379795619,-0.168631417,-0.996337891,0.064545554,0.031866857,0.002679852,-0.505912581,-0.155033562,-0.721082724,-1.200711685,-1.221501475,1.206388538,5.317138672,-2.360839844,-13.94873047,-0.020507813,-0.450195313,-1.119140625,0.690917969,0.080566406,-0.923583984,0.064545554,0.031866857,0.002679852,0.424072266,-0.152832031,-0.998535156,0.254058171,0.178512904,0.05176729,-0.329334787,5.260632497,1.378407852,7.387429073,2.503053499,0.567446888,0.09798001,1.196857892,0.982692233,-4.610687023,73.64885496,19.29770992,0.580711759,0.703626913,0.985740536,-5.717557252,3.595419847,0.488549618,4.641221374,8.770992366,3.152671756,7.387429073,2.503053499,0.567446888,-0.488549618,4.923664122,1.358778626,2.717982537,1.582104137,0.753290706
4,0.376778739,-0.172206334,-1.001412528,0.064380512,0.032108349,0.00224518,-0.466743007,-0.086513286,-0.888788234,-1.218898803,-1.272610335,2.04081391,5.274902344,-2.410888672,-14.01977539,-0.020507813,-0.450195313,-1.119140625,0.690917969,0.080566406,-0.933349609,0.064380512,0.032108349,0.00224518,0.419555664,-0.152832031,-0.998535156,0.253733151,0.179188027,0.047383333,-0.303162486,5.462377317,1.478189749,7.502937596,3.66281967,0.70918054,0.082748876,1.210079138,0.705864148,-4.244274809,76.47328244,20.69465649,0.468594063,0.238632948,-0.385376941,-5.717557252,3.595419847,0.488549618,4.641221374,9.442748092,3.152671756,7.502937596,3.66281967,0.70918054,-0.488549618,4.923664122,1.408396947,2.739149064,1.913849438,0.842128577
4,0.384695871,-0.171316964,-0.996372768,0.067858828,0.031704301,0.002597551,-0.463007981,-0.079338343,-0.826407735,-1.29940912,-1.261402084,1.347508818,5.385742188,-2.3984375,-13.94921875,-0.020507813,-0.450195313,-1.119140625,0.690917969,0.080566406,-0.931152344,0.067858828,0.031704301,0.002597551,0.419555664,-0.152832031,-0.996582031,0.260497271,0.178057017,0.050966173,0.051254089,5.493456925,1.569247546,6.824072728,3.565164368,0.827293678,-0.190846287,1.23904596,0.461736569,0.717557252,76.90839695,21.96946565,1.086178781,0.299825772,-1.161838121,-5.717557252,3.595419847,0.488549618,4.641221374,9.442748092,3.152671756,6.824072728,3.565164368,0.827293678,-0.091603053,4.923664122,1.416030534,2.612292619,1.888164285,0.909556858
4,0.386003767,-0.170096261,-0.997785296,0.068745406,0.031334065,0.002450085,-0.44432834,-0.088558135,-0.903809516,-1.293144045,-1.220778153,1.659149939,5.404052734,-2.381347656,-13.96899414,-0.020507813,-0.450195313,-1.119140625,0.709228516,0.080566406,-0.931152344,0.068745406,0.031334065,0.002450085,0.419555664,-0.152832031,-0.996582031,0.262193452,0.177014307,0.049498336,0.001635769,5.315703381,1.749182116,6.424299988,3.042028276,1.187162817,-0.299465135,1.658799435,0.506168954,0.022900763,74.41984733,24.48854962,1.256390975,2.134394409,-0.919119692,-5.717557252,3.595419847,0.488549618,4.641221374,9.442748092,3.847328244,6.424299988,3.042028276,1.187162817,-0.091603053,4.923664122,1.522900763,2.534620285,1.744141129,1.089570015
4,0.382864816,-0.16734096,-0.993041992,0.067422694,0.030790849,0.002567848,-0.440718047,-0.130011829,-1.093967391,-1.257688361,-1.133995308,1.72979794,5.360107422,-2.342773438,-13.90258789,-0.020507813,-0.450195313,-1.119140625,0.709228516,0.080566406,-0.931152344,0.067422694,0.030790849,0.002567848,0.419555664,-0.152832031,-0.994750977,0.259658803,0.175473215,0.050673941,0.044711014,5.314067612,1.730643402,6.295731889,3.04567922,1.216402384,-0.3493371,1.657850575,0.517931808,0.625954198,74.39694656,24.22900763,1.476770458,2.129893056,-0.977022649,-5.717557252,3.595419847,0.488549618,4.641221374,9.442748092,3.847328244,6.295731889,3.04567922,1.216402384,-0.091603053,4.923664122,1.522900763,2.509129707,1.745187446,1.102906335
4,0.35723005,-0.152866908,-0.989868164,0.074805784,0.034221804,0.002669653,-0.200129407,-0.237361978,-1.209453921,-1.681817998,-1.368104083,1.720704298,5.001220703,-2.140136719,-13.8581543,-0.020507813,-0.450195313,-1.119140625,0.709228516,0.080566406,-0.931152344,0.074805784,0.034221804,0.002669653,0.402954102,-0.141113281,-0.988891602,0.273506461,0.184991361,0.051668686,-0.03653217,5.079062159,1.720283533,6.573618882,3.556674635,1.2456205,-0.266630232,1.465430171,0.483713183,-0.511450382,71.10687023,24.08396947,1.043464707,1.955446133,-0.98185641,-5.717557252,2.541984733,0.34351145,4.641221374,9.442748092,3.847328244,6.573618882,3.556674635,1.2456205,-0.091603053,4.503816794,1.522900763,2.563906956,1.8859148,1.116073698
4,0.354875837,-0.153285435,-0.975882394,0.076522678,0.034029675,0.003779101,-0.212077001,-0.242828112,-0.368449649,-1.679822278,-1.367071535,2.276792255,4.968261719,-2.145996094,-13.66235352,-0.020507813,-0.450195313,-1.119140625,0.709228516,0.080566406,-0.848144531,0.076522678,0.034029675,0.003779101,0.402954102,-0.141113281,-0.970825195,0.276627327,0.184471339,0.061474394,0.137949836,5.136314068,1.781897492,6.279161285,3.613523124,1.160634482,-0.488686398,1.33475178,0.417934231,1.93129771,71.90839695,24.94656489,1.609850473,1.552460673,-0.815994557,-5.717557252,2.541984733,0.34351145,4.641221374,9.442748092,3.847328244,6.279161285,3.613523124,1.160634482,0.34351145,4.503816794,1.541984733,2.50582547,1.900926912,1.077327472
4,0.325596401,-0.130231585,-0.983816964,0.078772193,0.041420173,0.003933626,0.080964538,-0.224543559,-0.046792836,-1.787045254,-1.390756046,1.768855554,4.558349609,-1.823242188,-13.7734375,-0.020507813,-0.450195313,-1.119140625,0.709228516,0.168457031,-0.848144531,0.078772193,0.041420173,0.003933626,0.333618164,-0.10559082,-0.988891602,0.280663843,0.203519466,0.062718627,-0.250817884,4.820065431,1.694656489,4.624330276,2.537943497,1.165962177,-0.964704043,1.895393521,0.664692607,-3.511450382,67.48091603,23.72519084,2.594841525,5.457663675,-0.601063024,-5.717557252,2.541984733,0.34351145,3.419847328,9.442748092,3.847328244,4.624330276,2.537943497,1.165962177,-0.091603053,4.335877863,1.522900763,2.150425603,1.593092432,1.079797285
4,0.309465681,-0.112182617,-0.985735212,0.0704351,0.035231771,0.004084282,0.120033333,-0.337192187,0.02040165,-1.61131213,-0.942260686,1.403997176,4.332519531,-1.570556641,-13.80029297,-0.020507813,-0.450195313,-1.119140625,0.709228516,0.168457031,-0.848144531,0.0704351,0.035231771,0.004084282,0.333618164,-0.10559082,-0.988891602,0.265396118,0.187701282,0.063908387,-0.245365322,4.795528899,1.515267176,4.635043297,2.514271435,1.053145997,-0.968500566,1.971757513,1.038394631,-3.435114504,67.13740458,21.21374046,2.579778408,5.795179648,0.464306497,-5.717557252,2.541984733,0.34351145,3.419847328,9.442748092,3.847328244,4.635043297,2.514271435,1.053145997,-0.091603053,4.335877863,1.301526718,2.15291507,1.585645432,1.026229018
4,0.303397042,-0.092755999,-0.984218052,0.066749788,0.026372171,0.00412494,0.108357463,-0.13829162,-0.058020788,-1.556931971,-1.007816282,1.305575626,4.247558594,-1.298583984,-13.77905273,-0.020507813,-0.376464844,-1.119140625,0.709228516,0.168457031,-0.848144531,0.066749788,0.026372171,0.00412494,0.333618164,-0.10559082,-0.978271484,0.258359803,0.162395108,0.064225699,0.269901854,4.72519084,1.529443839,2.278974303,2.523647089,1.05677549,0.358505327,2.109890748,0.985721137,3.778625954,66.15267176,21.41221374,0.003521503,6.216403525,0.359103816,-2.152671756,2.541984733,0.34351145,3.419847328,9.442748092,3.847328244,2.278974303,2.523647089,1.05677549,0.34351145,4.297709924,1.301526718,1.509627207,1.588599096,1.027995861
4,0.311314174,-0.103759766,-0.981270926,0.06967262,0.028900963,0.004471801,0.048158872,-0.016624244,-0.083507268,-1.694714177,-1.340176981,0.742294348,4.358398438,-1.452636719,-13.73779297,-0.020507813,-0.376464844,-1.119140625,0.709228516,0.168457031,-0.848144531,0.06967262,0.028900963,0.004471801,0.333618164,-0.118652344,-0.978271484,0.263955716,0.170002831,0.066871527,0.521810251,4.825517993,1.642311887,2.130462248,2.420433247,0.985793881,0.109273506,2.055096389,0.808916286,7.305343511,67.55725191,22.99236641,-0.006508596,6.295922667,0.233062985,-2.152671756,2.541984733,0.34351145,3.419847328,9.442748092,3.847328244,2.130462248,2.420433247,0.985793881,0.595419847,4.335877863,1.522900763,1.459610307,1.555774163,0.992871533
4,0.330165318,-0.115216936,-0.979684012,0.073565837,0.030232626,0.004460566,-0.139129925,0.16856137,-0.166051421,-1.83761293,-1.485265668,0.781366764,4.622314453,-1.613037109,-13.71557617,-0.020507813,-0.376464844,-1.119140625,0.709228516,0.168457031,-0.848144531,0.073565837,0.030232626,0.004460566,0.413574219,-0.166137695,-0.967285156,0.271230229,0.173875318,0.066787466,0.518538713,4.881134133,1.688113413,2.138484527,2.40416969,0.920171024,0.11136289,1.953882196,0.817114811,7.259541985,68.33587786,23.63358779,-0.026643197,6.037812178,0.477571549,-2.152671756,2.541984733,0.34351145,3.419847328,9.442748092,3.847328244,2.138484527,2.40416969,0.920171024,0.595419847,4.511450382,1.522900763,1.462355814,1.550538516,0.959255453
4,0.325805664,-0.111031669,-0.975062779,0.075733219,0.031738751,0.004574343,-0.120796507,0.155109976,-0.369170753,-1.89644846,-1.586685763,0.672964317,4.561279297,-1.554443359,-13.65087891,-0.020507813,-0.376464844,-1.119140625,0.709228516,0.168457031,-0.848144531,0.075733219,0.031738751,0.004574343,0.413574219,-0.166137695,-0.960205078,0.275196692,0.178153727,0.067633892,0.363140676,4.822791712,1.650490731,2.777870344,2.477174798,0.997603498,-0.147325181,1.973818092,0.717346059,5.083969466,67.51908397,23.10687023,-0.329485235,5.871520217,0.224210901,-2.557251908,2.541984733,0.34351145,3.419847328,9.442748092,3.847328244,2.777870344,2.477174798,0.997603498,0.595419847,4.305343511,1.522900763,1.666694436,1.573904317,0.99880103
4,0.332815988,-0.108799526,-0.984357561,0.071417067,0.03272965,0.007074865,-0.112263486,0.166064512,-0.874640202,-1.863248699,-1.605950539,0.867073331,4.659423828,-1.523193359,-13.78100586,-0.020507813,-0.376464844,-1.169677734,0.709228516,0.168457031,-0.848144531,0.071417067,0.03272965,0.007074865,0.413574219,-0.166137695,-0.960205078,0.267239719,0.180913376,0.084112215,0.172300981,4.965103599,1.602508179,3.138930529,2.473414354,1.044994368,0.056318367,1.706773926,0.787729426,2.41221374,69.51145038,22.4351145,-0.815465666,4.989732167,0.094731583,-2.557251908,2.541984733,0.34351145,3.419847328,9.442748092,3.847328244,3.138930529,2.473414354,1.044994368,0.34351145,4.671755725,1.43129771,1.77170272,1.57270924,1.02224966
4,0.334751674,-0.105503627,-0.965436663,0.069996457,0.033725141,0.006594096,-0.095798678,0.136677373,-1.023909338,-1.885220376,-1.694181631,2.234366275,4.686523438,-1.477050781,-13.51611328,0.000976563,-0.376464844,-1.169677734,0.709228516,0.168457031,-0.848144531,0.069996457,0.033725141,0.006594096,0.413574219,-0.166137695,-0.956420898,0.264568434,0.183644061,0.081204039,0.051799346,5.207197383,1.526717557,3.335426737,2.814591737,1.043080688,0.215214479,1.19837349,1.024800237,0.72519084,72.90076336,21.3740458,-1.041868943,2.399836072,0.474907424,-2.557251908,2.541984733,0.34351145,3.419847328,9.442748092,3.847328244,3.335426737,2.814591737,1.043080688,-0.076335878,5.041984733,1.209923664,1.826315071,1.677674503,1.021313218
4,0.340872628,-0.102329799,-0.95828683,0.071151377,0.033036946,0.006860227,-0.16306957,0.099735538,-1.207615908,-1.925256031,-1.636584511,2.333371211,4.772216797,-1.432617188,-13.41601563,0.000976563,-0.376464844,-1.169677734,0.709228516,0.168457031,-0.848144531,0.071151377,0.033036946,0.006860227,0.456420898,-0.166137695,-0.952514648,0.266742155,0.181760683,0.08282649,0.317339149,4.992366412,1.470010905,5.388799418,1.500880799,0.934262521,0.903707716,0.079741485,1.226005877,4.442748092,69.89312977,20.58015267,0.582297606,0.526372622,1.552002537,-2.557251908,2.541984733,0.34351145,5.633587786,7.435114504,3.847328244,5.388799418,1.500880799,0.934262521,-0.076335878,5.041984733,1.209923664,2.321378775,1.225104403,0.966572564
4,0.337332589,-0.100690569,-0.954275949,0.069045025,0.03210669,0.007319858,-0.178993693,0.146223323,-1.179959842,-1.927576152,-1.712950494,1.97172485,4.72265625,-1.409667969,-13.35986328,0.000976563,-0.353515625,-1.169677734,0.709228516,0.168457031,-0.848144531,0.069045025,0.03210669,0.007319858,0.456420898,-0.166137695,-0.952514648,0.2627642,0.179183399,0.085556167,0.252998909,5.045801527,1.389858233,5.287623163,1.453877979,0.800925751,1.016663916,-0.049481146,1.588696318,3.541984733,70.64122137,19.45801527,0.893283949,0.787642616,3.662865936,-2.557251908,2.541984733,0.34351145,5.633587786,7.435114504,3.847328244,5.287623163,1.453877979,0.800925751,-0.076335878,5.041984733,1.209923664,2.299483238,1.205768626,0.894944552
4,0.307931083,-0.086791992,-0.959141323,0.057596504,0.028755507,0.007695488,-0.138187721,0.037296523,-0.950601963,-2.032910738,-1.516758187,1.157743335,4.311035156,-1.215087891,-13.42797852,0.000976563,-0.353515625,-1.169677734,0.590576172,0.168457031,-0.848144531,0.057596504,0.028755507,0.007695488,0.37109375,-0.131225586,-0.952514648,0.239992717,0.169574487,0.08772393,-0.13304253,4.952017448,1.107960742,4.740863356,1.479870983,0.421365593,1.451525946,0.187958063,-0.166648199,-1.86259542,69.32824427,15.51145038,2.739113391,0.67251554,-0.735087657,-2.557251908,2.541984733,-0.099236641,5.633587786,7.435114504,2.083969466,4.740863356,1.479870983,0.421365593,-0.721374046,4.992366412,1.072519084,2.177352373,1.216499479,0.649126793
4,0.287510463,-0.076503209,-0.960902623,0.05243114,0.026820949,0.007706833,0.03653834,-0.103939588,-0.878917283,-1.891684847,-1.267591763,1.043141795,4.025146484,-1.071044922,-13.45263672,0.000976563,-0.353515625,-1.169677734,0.590576172,0.168457031,-0.848144531,0.05243114,0.026820949,0.007706833,0.284912109,-0.102661133,-0.958129883,0.22897847,0.163771028,0.087788572,-0.13740458,4.917666303,1.058887677,4.749848718,1.547060451,0.479400327,1.452954411,0.213628904,-0.094080732,-1.923664122,68.84732824,14.82442748,2.731233971,0.397073892,-1.150677034,-2.557251908,2.541984733,-0.099236641,5.633587786,7.435114504,2.083969466,4.749848718,1.547060451,0.479400327,-0.721374046,4.992366412,1.072519084,2.179414765,1.243808848,0.692387411
4,0.296316964,-0.082571847,-0.961478097,0.049142429,0.02566644,0.007703343,-0.007988575,-0.02219755,-0.856603785,-1.772031875,-1.098058926,1.01651959,4.1484375,-1.156005859,-13.46069336,0.000976563,-0.353515625,-1.169677734,0.590576172,0.168457031,-0.848144531,0.049142429,0.02566644,0.007703343,0.284912109,-0.102661133,-0.962158203,0.221680917,0.160207491,0.087768688,-0.026172301,4.991821156,1.097055616,4.440253296,1.244606189,0.440985854,1.500176266,0.774995465,-0.197666154,-0.366412214,69.88549618,15.35877863,3.119003298,0.120283406,-0.795287855,-2.557251908,3.580152672,-0.099236641,5.633587786,7.435114504,2.083969466,4.440253296,1.244606189,0.440985854,-0.618320611,4.992366412,1.072519084,2.107190854,1.115619195,0.664067658
4,0.294904436,-0.076817104,-0.972098214,0.050068896,0.027861647,0.006689956,-0.0299625,0.013267414,-0.847228674,-1.739379129,-1.216039964,1.391273458,4.128662109,-1.075439453,-13.609375,-0.018798828,-0.353515625,-1.169677734,0.590576172,0.168457031,-0.854248047,0.050068896,0.027861647,0.006689956,0.284912109,-0.102661133,-0.967529297,0.223760801,0.166918083,0.081792151,-0.147764449,4.96782988,0.944929117,4.512437478,1.202145998,0.619196286,1.64794221,0.847388048,-0.330229803,-2.06870229,69.54961832,13.22900763,3.392869523,0.438619507,-0.443950399,-2.557251908,3.580152672,-0.58778626,5.633587786,7.435114504,2.083969466,4.512437478,1.202145998,0.619196286,-0.721374046,4.992366412,0.961832061,2.124249862,1.096424187,0.786890263
4,0.291748047,-0.080165318,-0.972394671,0.051536065,0.02624979,0.006737374,-0.028247577,-0.059724832,-0.836849783,-1.776784072,-1.26219159,1.319727812,4.084472656,-1.122314453,-13.61352539,-0.018798828,-0.353515625,-1.169677734,0.590576172,0.137695313,-0.854248047,0.051536065,0.02624979,0.006737374,0.284912109,-0.102661133,-0.967529297,0.227015561,0.16201787,0.082081508,-0.115049073,5.025627045,0.863140676,4.481354989,1.17119414,0.685664403,1.613594926,0.711764304,-0.090770958,-1.610687023,70.35877863,12.08396947,3.354160558,0.419772365,-0.962183688,-2.557251908,3.580152672,-0.58778626,5.633587786,7.435114504,2.083969466,4.481354989,1.17119414,0.685664403,-0.618320611,5.041984733,0.854961832,2.116921111,1.082217233,0.828048551
4,0.299089704,-0.085885184,-0.972167969,0.054707366,0.027618098,0.006707687,-0.043625612,0.00169592,-0.846370023,-1.858836575,-1.436995914,1.370492423,4.187255859,-1.202392578,-13.61035156,-0.018798828,-0.353515625,-1.169677734,0.590576172,0.137695313,-0.854248047,0.054707366,0.027618098,0.006707687,0.284912109,-0.102661133,-0.967529297,0.233896059,0.166186937,0.081900468,-0.087241003,4.712649945,0.826608506,4.541134991,2.503230555,0.721810443,1.547391638,-0.90122393,0.010437454,-1.221374046,65.97709924,11.57251908,3.064140146,2.566227693,-1.191113342,-2.557251908,0.702290076,-0.58778626,5.633587786,7.435114504,2.083969466,4.541134991,2.503230555,0.721810443,-0.618320611,4.992366412,0.854961832,2.130993897,1.582160092,0.849594281
4,0.3082101,-0.09640067,-0.97429548,0.060720203,0.031257481,0.006724068,0.05793018,-0.000617146,-0.753837234,-1.727033837,-1.594802398,1.232386352,4.314941406,-1.349609375,-13.64013672,-0.018798828,-0.353515625,-1.169677734,0.673583984,0.137695313,-0.854248047,0.060720203,0.031257481,0.006724068,0.284912109,-0.102661133,-0.973999023,0.246414697,0.176797855,0.082000415,-0.345692475,4.755179935,0.785169029,4.594858903,2.482152863,0.664286707,1.83158472,-1.004235546,0.069598125,-4.839694656,66.57251908,10.99236641,4.03199529,2.815109613,-0.907688304,-2.557251908,0.702290076,-0.58778626,5.633587786,7.435114504,2.083969466,4.594858903,2.482152863,0.664286707,-0.881679389,4.992366412,0.854961832,2.143562199,1.575484961,0.815037856
4,0.312988281,-0.097551618,-0.980259487,0.063365395,0.031736078,0.006363638,0.06430313,-0.006778514,-0.610159255,-1.765190246,-1.605714444,1.461096984,4.381835938,-1.365722656,-13.72363281,-0.018798828,-0.353515625,-1.169677734,0.673583984,0.137695313,-0.854248047,0.063365395,0.031736078,0.006363638,0.284912109,-0.102661133,-0.983154297,0.25172484,0.178146226,0.079772415,-0.520174482,4.695747001,0.709923664,4.182577285,2.500265424,0.533060204,2.291718056,-0.866652865,-0.042890325,-7.282442748,65.74045802,9.938931298,6.484123212,2.530112288,-0.635398023,-2.557251908,0.702290076,-0.58778626,5.633587786,7.435114504,1.992366412,4.182577285,2.500265424,0.533060204,-0.881679389,4.893129771,0.854961832,2.045135029,1.581222762,0.73010972
4,0.279471261,-0.076851981,-0.980991908,0.062085091,0.031220997,0.006359154,0.390311123,-0.319989108,-0.578738647,-1.5688019,-1.461883118,1.438768107,3.912597656,-1.075927734,-13.73388672,-0.018798828,-0.353515625,-1.169677734,0.673583984,0.137695313,-0.854248047,0.062085091,0.031220997,0.006359154,0.226196289,-0.065307617,-0.986938477,0.249168801,0.176694644,0.079744304,-0.484187568,4.682115594,0.693565976,4.191325719,2.490796279,0.515290548,2.22362198,-0.842711087,-0.007122913,-6.778625954,65.54961832,9.709923664,6.225063783,2.537714338,-0.470667047,-2.557251908,0.702290076,-0.58778626,5.633587786,7.435114504,1.992366412,4.191325719,2.490796279,0.515290548,-0.858778626,4.858778626,0.854961832,2.047272751,1.578225674,0.717837411
4,0.279924665,-0.081473214,-0.979788644,0.061880137,0.029926396,0.006502263,0.390752513,-0.303542833,-0.584811374,-1.565121402,-1.381104697,1.289094515,3.918945313,-1.140625,-13.71704102,-0.018798828,-0.353515625,-1.169677734,0.673583984,0.137695313,-0.854248047,0.061880137,0.029926396,0.006502263,0.226196289,-0.065307617,-0.986938477,0.248757184,0.172992473,0.080636612,-0.344056707,4.632497274,0.702835333,3.840545999,2.612846276,0.511638324,2.390608058,-0.738958182,-0.049389244,-4.816793893,64.85496183,9.839694656,7.01331415,1.90914195,-0.422049391,-2.122137405,0.702290076,-0.58778626,5.633587786,7.435114504,1.992366412,3.840545999,2.612846276,0.511638324,-0.595419847,4.858778626,0.854961832,1.959731104,1.616430102,0.715288979
4,0.272251674,-0.079938616,-0.965140206,0.065801362,0.030598244,0.003515245,0.359822801,-0.279277026,0.594892164,-1.599443558,-1.379636962,-0.555066592,3.811523438,-1.119140625,-13.51196289,-0.018798828,-0.353515625,-1.048583984,0.673583984,0.137695313,-0.854248047,0.065801362,0.030598244,0.003515245,0.226196289,-0.065307617,-0.979125977,0.256517762,0.174923536,0.059289503,-0.400218103,4.354961832,0.734460196,4.07854764,2.946768836,0.534442395,2.178119613,-0.406555145,-0.155285224,-5.603053435,60.96946565,10.28244275,6.297523689,0.721417012,-0.643073425,-2.732824427,0.702290076,-0.58778626,5.633587786,7.435114504,1.992366412,4.07854764,2.946768836,0.534442395,-0.595419847,4.507633588,0.954198473,2.019541443,1.716615518,0.731055671
4,0.274640765,-0.074358259,-0.981811523,0.064514256,0.032669918,0.00342445,0.371828403,-0.250144012,0.210813728,-1.589993072,-1.446752787,-0.064527739,3.844970703,-1.041015625,-13.74536133,-0.018798828,-0.353515625,-1.087646484,0.673583984,0.137695313,-0.875,0.064514256,0.032669918,0.00342445,0.226196289,-0.065307617,-0.986938477,0.253996567,0.180748216,0.058518797,-0.367502726,3.92693566,0.676117775,4.016843712,2.672057969,0.54297279,2.182941269,-0.639693179,0.090365975,-5.145038168,54.97709924,9.465648855,6.405046378,-0.178371982,-0.740450502,-2.732824427,0.702290076,-0.58778626,5.633587786,6.435114504,1.992366412,4.016843712,2.672057969,0.54297279,-0.595419847,4.190839695,0.729007634,2.004206504,1.634643071,0.736866874
4,0.289393834,-0.083374023,-0.985159738,0.073713868,0.035905386,0.002951972,0.368843339,-0.20333908,0.144258002,-1.708440201,-1.66034844,0.475746129,4.051513672,-1.167236328,-13.79223633,-0.018798828,-0.353515625,-1.087646484,0.674804688,0.137695313,-0.875,0.073713868,0.035905386,0.002951972,0.226196289,-0.065307617,-0.986938477,0.271502979,0.189487167,0.054332054,-0.659760087,3.974918212,0.580697928,1.435094013,2.963503369,0.399927064,0.176192932,-0.357185182,-0.133812693,-9.236641221,55.64885496,8.129770992,-0.184990717,0.056913345,-0.750823534,-2.732824427,0.702290076,-0.58778626,1.541984733,7.106870229,1.641221374,1.435094013,2.963503369,0.399927064,-0.595419847,4.190839695,0.618320611,1.197954095,1.721482898,0.632397869
4,0.291678292,-0.074898856,-0.993164063,0.075268859,0.031979764,0.001949778,0.370311353,-0.153108913,-0.482789903,-1.724724285,-1.648258669,0.520401867,4.083496094,-1.048583984,-13.90429688,-0.018798828,-0.325439453,-1.087646484,0.674804688,0.137695313,-0.916748047,0.075268859,0.031979764,0.001949778,0.226196289,-0.065307617,-0.989013672,0.274351707,0.178828869,0.04415629,-0.392584515,4.007633588,0.533260632,3.139181546,3.049642974,0.323074746,1.467717534,-0.371796692,-0.443941917,-5.496183206,56.10687023,7.465648855,3.017181181,-0.078130972,-0.828679722,-2.732824427,0.702290076,-0.58778626,4.305343511,7.106870229,1.27480916,3.139181546,3.049642974,0.323074746,-0.595419847,4.190839695,0.618320611,1.771773559,1.7463227,0.568396645
4,0.312325614,-0.086373465,-0.98941476,0.081500901,0.034651024,0.001876479,0.174061753,-0.020996617,-0.766164628,-2.01511284,-1.871976512,1.118957927,4.372558594,-1.209228516,-13.85180664,-0.018798828,-0.325439453,-1.087646484,0.674804688,0.137695313,-0.916748047,0.081500901,0.034651024,0.001876479,0.226196289,-0.065307617,-0.984985352,0.285483626,0.186147856,0.043318345,-0.413304253,3.953653217,0.604689204,3.216244859,3.066474199,0.297196044,1.414766747,-0.263733367,-0.79693133,-5.786259542,55.35114504,8.465648855,2.852817923,-0.171576191,-0.072550248,-2.732824427,0.702290076,-0.58778626,4.305343511,7.106870229,1.27480916,3.216244859,3.066474199,0.297196044,-0.595419847,3.977099237,0.767175573,1.79338921,1.751135117,0.545156899
4,0.3203125,-0.089320592,-0.991873605,0.081703993,0.034839592,0.001886592,0.077253945,0.032537954,-0.573933157,-2.042969033,-1.892084668,0.862648692,4.484375,-1.250488281,-13.88623047,-0.018798828,-0.325439453,-1.087646484,0.674804688,0.137695313,-0.916748047,0.081703993,0.034839592,0.001886592,0.282104492,-0.0859375,-0.989013672,0.285839103,0.186653669,0.043434915,-0.407306434,3.947655398,0.664122137,3.207591517,3.069140288,0.293671249,1.410526724,-0.251593885,-1.115613978,-5.702290076,55.26717557,9.297709924,2.861920652,-0.182716896,0.572548147,-2.732824427,0.702290076,-0.58778626,4.305343511,7.106870229,1.27480916,3.207591517,3.069140288,0.293671249,-0.595419847,3.935114504,0.889312977,1.790975019,1.751896198,0.54191443
4,0.31488909,-0.083653041,-0.993687221,0.083752744,0.035968355,0.001817519,0.112878211,-0.043522551,-0.487538559,-2.090375631,-1.983423392,1.068605568,4.408447266,-1.171142578,-13.91162109,-0.018798828,-0.325439453,-1.087646484,0.674804688,0.137695313,-0.916748047,0.083752744,0.035968355,0.001817519,0.244140625,-0.059814453,-0.989379883,0.289400663,0.18965325,0.042632365,-0.402399128,4.001090513,0.668484188,3.20594038,3.066818386,0.295945765,1.402101435,-0.356959768,-1.124716891,-5.633587786,56.01526718,9.358778626,2.847781892,-0.126618368,0.558598942,-2.732824427,0.702290076,-0.58778626,4.305343511,7.106870229,1.27480916,3.20594038,3.066818386,0.295945765,-0.576335878,4.248091603,0.919847328,1.790513999,1.75123339,0.544008975
4,0.314679827,-0.085222517,-0.99382673,0.083903757,0.035254593,0.001818734,0.111456606,-0.055177629,-0.475717291,-2.08856777,-1.991410572,1.053475308,4.405517578,-1.193115234,-13.91357422,-0.021728516,-0.325439453,-1.087646484,0.674804688,0.134277344,-0.916748047,0.083903757,0.035254593,0.001818734,0.244140625,-0.059814453,-0.989379883,0.289661453,0.187762064,0.04264662,-0.322246456,4.00436205,0.771537623,3.155815544,3.078471438,0.16578256,1.286636076,-0.355204411,-0.944189163,-4.511450382,56.0610687,10.80152672,2.720649495,-0.140371393,-0.221098432,-2.732824427,0.702290076,-0.045801527,4.305343511,7.106870229,1.27480916,3.155815544,3.078471438,0.16578256,-0.541984733,4.248091603,0.919847328,1.776461523,1.754557334,0.407164045
4,0.31148856,-0.082083566,-0.993408203,0.085828358,0.036790703,0.001771826,0.107842124,-0.021019636,-0.472658792,-2.094287478,-1.951255129,1.213152352,4.360839844,-1.149169922,-13.90771484,-0.021728516,-0.325439453,-1.087646484,0.674804688,0.165527344,-0.916748047,0.085828358,0.036790703,0.001771826,0.244140625,-0.059814453,-0.989379883,0.292964773,0.191809027,0.042093064,-0.309160305,4.194111232,0.8391494,3.157613641,4.051841288,0.11075618,1.259829695,0.023187027,-1.116014072,-4.328244275,58.71755725,11.7480916,2.662063348,-0.252452518,0.659601033,-2.732824427,0.702290076,0.129770992,4.305343511,7.809160305,1.27480916,3.157613641,4.051841288,0.11075618,-0.541984733,4.248091603,0.919847328,1.776967541,2.0129186,0.332800512
4,0.312796456,-0.091186523,-0.990565709,0.086516767,0.040931892,0.001651769,0.102630846,-0.058820176,-0.696474821,-2.107009237,-1.941388254,2.099136372,4.379150391,-1.276611328,-13.86791992,-0.021728516,-0.361572266,-1.087646484,0.674804688,0.165527344,-0.916748047,0.086516767,0.040931892,0.001651769,0.244140625,-0.059814453,-0.989379883,0.294137327,0.202316317,0.040641967,-0.393129771,4.411123228,1.020174482,3.002987543,3.079046471,0.292950538,1.480912013,0.305407175,2.165178362,-5.503816794,61.75572519,14.28244275,3.665768132,0.102331528,7.21964174,-2.732824427,1.442748092,0.229007634,4.305343511,7.809160305,2.664122137,3.002987543,3.079046471,0.292950538,-0.541984733,4.248091603,0.958015267,1.732913022,1.754721195,0.541249053
4,0.30582101,-0.079537528,-0.986868722,0.081777477,0.03695424,0.001834092,0.086765513,-0.123102219,-0.749958351,-2.116681761,-1.772393715,1.497711549,4.281494141,-1.113525391,-13.81616211,-0.021728516,-0.361572266,-1.087646484,0.674804688,0.165527344,-0.916748047,0.081777477,0.03695424,0.001834092,0.244140625,-0.059814453,-0.987426758,0.285967616,0.192234855,0.042826295,-0.576881134,4.195201745,1.02780807,4.159984529,3.550193993,0.296070313,0.437347125,0.40410039,2.088802415,-8.076335878,58.73282443,14.38931298,2.566052419,-0.281816861,6.830712368,-4.694656489,1.442748092,0.229007634,4.305343511,7.809160305,2.664122137,4.159984529,3.550193993,0.296070313,-0.541984733,3.954198473,0.958015267,2.039604013,1.884195848,0.544123435
4,0.298828125,-0.076572963,-0.991646903,0.078015098,0.035681739,0.002195901,0.106416703,-0.119575096,-0.526241753,-2.060115571,-1.739203783,0.13593428,4.18359375,-1.072021484,-13.88305664,-0.021728516,-0.361572266,-1.087646484,0.674804688,0.165527344,-0.916748047,0.078015098,0.035681739,0.002195901,0.244140625,-0.059814453,-0.987426758,0.27931183,0.188896107,0.046860441,-0.640130862,4.145583424,0.974372955,4.213317828,3.587575265,0.335730903,0.530218389,0.48454225,1.862547008,-8.961832061,58.03816794,13.64122137,2.488803796,-0.29033227,5.649034036,-4.694656489,1.442748092,0.229007634,4.305343511,7.809160305,2.664122137,4.213317828,3.587575265,0.335730903,-0.561068702,3.721374046,0.919847328,2.052636799,1.894089561,0.579422905
4,0.316824777,-0.086216518,-0.991193499,0.074041829,0.034434822,0.002207311,-0.069502295,0.029956673,-0.553551693,-1.932355032,-1.624941174,0.124330126,4.435546875,-1.20703125,-13.87670898,-0.021728516,-0.361572266,-1.087646484,0.674804688,0.165527344,-0.916748047,0.074041829,0.034434822,0.002207311,0.357666016,-0.113525391,-0.987426758,0.272106283,0.185566219,0.046982028,-0.69738277,4.100327154,0.949836423,4.197214679,3.541149719,0.337964116,0.629504332,0.57216844,1.985904948,-9.763358779,57.40458015,13.29770992,2.625577428,-0.13052376,5.966817589,-4.694656489,1.442748092,0.229007634,4.305343511,7.809160305,2.664122137,4.197214679,3.541149719,0.337964116,-0.767175573,3.721374046,0.900763359,2.048710492,1.881794282,0.581346812
4,0.321707589,-0.08480399,-0.998256138,0.071811331,0.034781507,0.001773191,-0.094139369,0.013817781,-0.689274933,-1.867146328,-1.657863367,0.221503069,4.50390625,-1.187255859,-13.97558594,-0.021728516,-0.361572266,-1.087646484,0.674804688,0.165527344,-0.939941406,0.071811331,0.034781507,0.001773191,0.357666016,-0.113525391,-0.989746094,0.267976364,0.186498009,0.042109275,-0.701199564,4.237731734,0.957470011,4.196580414,3.529531246,0.332701737,0.636158258,0.342674848,2.002022737,-9.816793893,59.32824427,13.40458015,2.633963488,-0.291808919,6.117963709,-4.694656489,1.442748092,0.229007634,4.305343511,7.809160305,2.664122137,4.196580414,3.529531246,0.332701737,-0.79389313,4.011450382,0.900763359,2.04855569,1.878704672,0.576803031
4,0.319527762,-0.085327148,-1.002197266,0.073458196,0.034539578,0.00170495,-0.11396517,0.009687842,-0.457214493,-1.839447144,-1.656746121,0.183079092,4.473388672,-1.194580078,-14.03076172,-0.045410156,-0.361572266,-1.087646484,0.674804688,0.165527344,-0.939941406,0.073458196,0.034539578,0.00170495,0.357666016,-0.113525391,-0.995239258,0.271031726,0.185848266,0.041291035,-0.551254089,4.395856052,1.067611778,3.855218932,3.114861131,0.577820525,0.554069754,0.283651192,1.670565387,-7.717557252,61.54198473,14.94656489,3.404567808,0.180089641,2.316201346,-4.694656489,1.442748092,0.229007634,4.305343511,7.809160305,2.816793893,3.855218932,3.114861131,0.577820525,-0.641221374,4.244274809,0.900763359,1.963471144,1.764896918,0.760145068
4,0.321219308,-0.091622489,-1.004063198,0.072479986,0.032116756,0.002097108,-0.114849501,0.004106573,-0.907328732,-1.82389017,-1.566262467,1.429866486,4.497070313,-1.282714844,-14.05688477,-0.045410156,-0.361572266,-1.113769531,0.674804688,0.165527344,-0.939941406,0.072479986,0.032116756,0.002097108,0.357666016,-0.113525391,-0.995239258,0.269221072,0.179211485,0.04579419,-0.608505998,4.494002181,1.213195202,3.960208779,2.625456008,0.611587672,0.610233016,0.614504102,1.309019528,-8.519083969,62.91603053,16.98473282,3.133933656,0.340971866,0.508667576,-4.694656489,1.778625954,0.282442748,4.305343511,7.809160305,2.816793893,3.960208779,2.625456008,0.611587672,-0.641221374,4.244274809,0.919847328,1.990027331,1.620325896,0.78204071
4,0.318132673,-0.094168527,-1.005214146,0.070262684,0.03339733,0.001960329,-0.148512889,-0.034209582,-1.063010664,-1.862737412,-1.538156707,1.69249794,4.453857422,-1.318359375,-14.07299805,-0.045410156,-0.361572266,-1.113769531,0.631591797,0.165527344,-0.939941406,0.070262684,0.03339733,0.001960329,0.357666016,-0.113525391,-0.995239258,0.265071092,0.182749364,0.044275602,-0.745910578,4.419302072,1.243729553,3.588094907,2.283186512,0.588027991,0.830784269,0.566996931,1.282936009,-10.44274809,61.87022901,17.41221374,4.730812739,0.865693032,0.536504938,-4.694656489,1.778625954,0.282442748,4.305343511,7.809160305,2.816793893,3.588094907,2.283186512,0.588027991,-0.641221374,4.244274809,0.958015267,1.894226731,1.511021678,0.766829832
4,0.315063477,-0.095371791,-1.011457171,0.068382133,0.033782231,0.002261881,-0.165490784,-0.026972345,-0.677426683,-1.866823673,-1.56766824,0.212857474,4.410888672,-1.335205078,-14.16040039,-0.045410156,-0.361572266,-1.113769531,0.631591797,0.165527344,-0.939941406,0.068382133,0.033782231,0.002261881,0.357666016,-0.113525391,-1.004272461,0.261499775,0.183799431,0.04755924,-0.991821156,4.505452563,1.442748092,1.759288407,2.576998638,1.028252791,-1.719978887,0.501994814,1.236800914,-13.88549618,63.07633588,20.19847328,4.268426881,0.114323495,0.560772662,-4.694656489,1.778625954,0.282442748,0.86259542,7.809160305,3.763358779,1.759288407,2.576998638,1.028252791,-0.641221374,4.244274809,0.980916031,1.326381697,1.605303285,1.014028003
4,0.310686384,-0.091692243,-1.013724191,0.066089765,0.032595403,0.002151528,-0.171264538,-0.047717851,-0.605645598,-1.84382018,-1.476909778,0.403749902,4.349609375,-1.283691406,-14.19213867,-0.045410156,-0.361572266,-1.113769531,0.631591797,0.165527344,-0.939941406,0.066089765,0.032595403,0.002151528,0.357666016,-0.113525391,-1.0078125,0.257079297,0.180541969,0.046384562,-0.926390403,4.59651036,1.482551799,1.63841633,2.487651851,1.003968556,-2.004602641,0.3535279,1.157032582,-12.96946565,64.35114504,20.75572519,5.920354098,0.236625691,0.500034149,-4.694656489,1.778625954,0.282442748,0.86259542,7.809160305,3.763358779,1.63841633,2.487651851,1.003968556,-0.641221374,4.305343511,1.053435115,1.280006379,1.577229169,1.001982313
4,0.305280413,-0.088239397,-1.012276786,0.065644885,0.032416561,0.002193198,-0.101253776,-0.113698421,-0.684314062,-1.833384584,-1.442915068,0.358980908,4.273925781,-1.235351563,-14.171875,-0.045410156,-0.361572266,-1.113769531,0.631591797,0.165527344,-0.939941406,0.065644885,0.032416561,0.002193198,0.319824219,-0.089355469,-1.002319336,0.256212578,0.180045997,0.046831593,-0.898037077,4.654307525,1.477099237,1.642844976,2.423100936,1.009782916,-2.072891732,0.254728684,1.161015878,-12.57251908,65.16030534,20.67938931,6.113534874,0.378691037,0.488816595,-4.694656489,1.778625954,0.282442748,0.86259542,7.809160305,3.763358779,1.642844976,2.423100936,1.009782916,-0.63740458,4.419847328,1.015267176,1.281735143,1.556631278,1.004879553
4,0.306396484,-0.088936942,-1.011492048,0.065179073,0.032222211,0.002243202,-0.108198493,-0.108697062,-0.694259128,-1.815198914,-1.426248966,0.263705178,4.289550781,-1.245117188,-14.16088867,-0.045410156,-0.361572266,-1.113769531,0.631591797,0.165527344,-0.939941406,0.065179073,0.032222211,0.002243202,0.319824219,-0.089355469,-1.002319336,0.255301925,0.179505461,0.047362455,-0.949836423,4.653762268,1.469465649,1.638982077,2.423488026,1.019447047,-1.942612512,0.255834255,1.16119772,-13.29770992,65.15267176,20.57251908,5.716002053,0.377853631,0.464964415,-4.694656489,1.778625954,0.282442748,0.86259542,7.809160305,3.763358779,1.638982077,2.423488026,1.019447047,-0.645038168,4.416030534,1.015267176,1.280227354,1.556755609,1.009676704
4,0.307407924,-0.086861747,-1.011492048,0.064478579,0.033197258,0.002243202,-0.099904423,-0.081590478,-0.694259128,-1.824122195,-1.425693481,0.263705178,4.303710938,-1.216064453,-14.16088867,-0.045410156,-0.361572266,-1.113769531,0.631591797,0.165527344,-0.939941406,0.064478579,0.033197258,0.002243202,0.319824219,-0.089355469,-1.002319336,0.253926327,0.182201147,0.047362455,-0.96782988,4.572519084,1.538713195,1.610253828,2.33642472,0.994927804,-1.963171672,0.429337541,0.986011088,-13.54961832,64.01526718,21.54198473,5.88706474,0.770811994,0.244719674,-4.694656489,1.778625954,0.282442748,0.86259542,7.809160305,3.763358779,1.610253828,2.33642472,0.994927804,-0.645038168,4.416030534,1.175572519,1.268957772,1.52853679,0.997460678
4,0.308454241,-0.095947266,-1.00730678,0.063825339,0.029413957,0.002206889,-0.095457237,-0.163334112,-0.980067241,-1.823300914,-1.377640725,0.790458969,4.318359375,-1.343261719,-14.10229492,-0.045410156,-0.361572266,-1.113769531,0.631591797,0.144775391,-0.939941406,0.063825339,0.029413957,0.002206889,0.319824219,-0.089355469,-0.995239258,0.252636772,0.171504976,0.046977539,-0.899672846,4.412758997,1.558342421,1.793833577,1.580026843,0.97335064,-1.663358232,-0.267483262,0.969121013,-12.59541985,61.77862595,21.81679389,4.784985192,0.572530614,0.299766568,-4.694656489,1.778625954,0.282442748,0.86259542,6.648854962,3.763358779,1.793833577,1.580026843,0.97335064,-0.645038168,4.416030534,1.221374046,1.339340725,1.256991187,0.986585343
4,0.311070033,-0.095284598,-1.004150391,0.065370311,0.029040982,0.002452474,-0.083052681,-0.145720288,-0.904824409,-1.825771279,-1.406769524,0.444046342,4.354980469,-1.333984375,-14.05810547,-0.045410156,-0.352294922,-1.113769531,0.631591797,0.144775391,-0.939941406,0.065370311,0.029040982,0.002452474,0.319824219,-0.089355469,-0.994140625,0.255676183,0.17041415,0.049522463,-0.953653217,4.52344602,1.453107961,1.739789812,1.591271033,0.877755977,-1.619355055,-0.528835858,1.373617297,-13.35114504,63.32824427,20.34351145,4.933833594,0.708649,1.737076919,-4.694656489,1.778625954,0.282442748,0.86259542,6.648854962,3.763358779,1.739789812,1.591271033,0.877755977,-0.744274809,4.526717557,1.183206107,1.319010922,1.261455918,0.93688632
4,0.313999721,-0.107160296,-1.005754743,0.067161751,0.03273095,0.002266634,-0.067566706,-0.079630278,-1.060000446,-1.824922585,-1.658072244,0.637297238,4.395996094,-1.500244141,-14.08056641,-0.045410156,-0.352294922,-1.113769531,0.631591797,0.144775391,-0.947509766,0.067161751,0.03273095,0.002266634,0.319824219,-0.089355469,-0.994140625,0.259155844,0.180916971,0.047609176,-0.552889858,4.792257361,1.416030534,0.759178587,1.013713371,0.911850663,0.639924974,-0.087201218,1.397818917,-7.740458015,67.09160305,19.82442748,-0.45272098,0.175985754,1.645582382,-1.832061069,2.816793893,0.282442748,0.916030534,6.648854962,3.763358779,0.759178587,1.013713371,0.911850663,-0.645038168,4.63740458,1.129770992,0.871308549,1.006833338,0.95490872
4,0.285940988,-0.088867188,-1.004760742,0.066751262,0.031528198,0.00216891,0.234347257,-0.373238179,-1.130949891,-1.761986683,-1.425564636,1.0408165,4.003173828,-1.244140625,-14.06665039,-0.045410156,-0.352294922,-1.113769531,0.631591797,0.144775391,-0.947509766,0.066751262,0.031528198,0.00216891,0.224853516,-0.044677734,-0.994140625,0.258362655,0.177561814,0.046571556,-0.57742639,4.786804798,1.458560523,0.81463432,1.029619614,0.83333376,0.527882199,-0.102621971,1.590225159,-8.083969466,67.01526718,20.41984733,-0.515997523,0.137727009,2.027112939,-1.832061069,2.816793893,0.687022901,0.916030534,6.648854962,3.763358779,0.81463432,1.029619614,0.83333376,-0.645038168,4.63740458,1.129770992,0.90257095,1.014701737,0.912871163
4,0.269426618,-0.080322266,-1.005092076,0.068956052,0.032550417,0.002150323,0.41134857,-0.495533113,-1.129046481,-1.758885955,-1.444636407,1.072502427,3.771972656,-1.124511719,-14.07128906,-0.045410156,-0.352294922,-1.113769531,0.631591797,0.144775391,-0.947509766,0.068956052,0.032550417,0.002150323,0.130615234,0.015136719,-0.994140625,0.262594843,0.180417342,0.046371579,-0.550163577,4.824972737,1.459651036,0.80381244,1.008552167,0.831681663,0.437998031,-0.22757298,1.593457781,-7.702290076,67.54961832,20.4351145,-0.510577723,0.331281187,2.036290699,-1.832061069,2.816793893,0.687022901,0.916030534,6.648854962,3.763358779,0.80381244,1.008552167,0.831681663,-0.63740458,4.77480916,1.129770992,0.896555876,1.00426698,0.911965823
4,0.265363421,-0.078491211,-1.004935128,0.070307983,0.033065298,0.002147108,0.432833779,-0.499345911,-1.142907139,-1.781938897,-1.465895407,1.108038204,3.715087891,-1.098876953,-14.0690918,-0.045410156,-0.352294922,-1.113769531,0.631591797,0.144775391,-0.947509766,0.070307983,0.033065298,0.002147108,0.115112305,0.015136719,-0.994140625,0.265156526,0.18183866,0.046336893,-0.535441658,4.606324973,1.481461287,0.803717348,1.552282808,0.80204636,0.380869051,-0.511629409,1.642207254,-7.496183206,64.48854962,20.74045802,-0.546471707,0.231704281,2.196104577,-1.832061069,2.030534351,0.748091603,0.916030534,6.648854962,3.763358779,0.803717348,1.552282808,0.80204636,-0.595419847,4.63740458,1.129770992,0.896502843,1.24590642,0.89557041
4,0.276000977,-0.08215332,-1.004446847,0.064771852,0.031640289,0.002134838,0.483434095,-0.540362481,-1.187256124,-1.79389982,-1.458199021,1.231265773,3.864013672,-1.150146484,-14.06225586,-0.007568359,-0.352294922,-1.113769531,0.631591797,0.144775391,-0.947509766,0.064771852,0.031640289,0.002134838,0.115112305,0.015136719,-0.994140625,0.254503147,0.177877174,0.04620431,-0.389858233,4.501635769,1.290076336,1.069665694,1.795963375,0.764398704,0.344276579,-0.376927608,1.89856244,-5.458015267,63.02290076,18.0610687,-0.920083248,-0.558516481,4.628548762,-1.832061069,2.030534351,0.13740458,1.404580153,6.648854962,3.763358779,1.069665694,1.795963375,0.764398704,-0.5,4.63740458,1.038167939,1.034246438,1.340135581,0.874298978
4,0.284563337,-0.088344029,-0.989937919,0.061883374,0.030466161,0.001665631,0.448319499,-0.482127242,-0.208943471,-1.75638925,-1.41161393,0.777243714,3.983886719,-1.236816406,-13.85913086,-0.007568359,-0.352294922,-1.074462891,0.631591797,0.144775391,-0.910644531,0.061883374,0.030466161,0.001665631,0.151733398,-0.020507813,-0.986816406,0.24876369,0.174545584,0.040812137,-0.016357688,4.616684842,1.224645583,1.86250449,1.563770971,0.68663485,1.189356862,-0.567431784,2.359939418,-0.229007634,64.63358779,17.14503817,1.72418864,0.289174712,7.375832382,-1.786259542,2.030534351,0.13740458,3.396946565,6.648854962,3.763358779,1.86250449,1.563770971,0.68663485,-0.41221374,4.63740458,1.038167939,1.364736052,1.250508285,0.828634328
4,0.273228237,-0.094552176,-0.983939035,0.055209782,0.034427399,0.00258831,0.458098496,-0.614773315,0.529063433,-1.655437193,-1.078165019,0.93174326,3.825195313,-1.323730469,-13.77514648,-0.007568359,-0.431152344,-1.074462891,0.616943359,0.144775391,-0.873535156,0.055209782,0.034427399,0.00258831,0.151733398,-0.020507813,-0.986816406,0.234967619,0.185546218,0.05087544,-0.129225736,4.352235551,1.782442748,2.129663094,1.720142337,4.873552734,1.032790487,-0.353603248,2.981734603,-1.809160305,60.93129771,24.95419847,1.180109501,-0.312441148,9.4735144,-1.961832061,2.030534351,0.13740458,3.396946565,6.648854962,8.893129771,2.129663094,1.720142337,4.873552734,-0.5,4.526717557,1.083969466,1.459336525,1.311541969,2.207612451
4,0.264683315,-0.092790876,-0.976266044,0.050593586,0.033874644,0.00191652,0.479823994,-0.640988389,1.008757894,-1.515820754,-0.986868023,1.370188306,3.705566406,-1.299072266,-13.66772461,-0.007568359,-0.431152344,-1.043945313,0.616943359,0.144775391,-0.873535156,0.050593586,0.033874644,0.00191652,0.151733398,-0.020507813,-0.982666016,0.22493018,0.184050657,0.043778079,-0.221919302,4.262813522,1.60523446,2.051937661,1.389758659,4.557116795,1.28818484,-0.82195465,3.516030953,-3.106870229,59.67938931,22.47328244,1.954503557,-0.51769226,12.8225572,-1.961832061,2.030534351,0.13740458,3.396946565,5.572519084,8.893129771,2.051937661,1.389758659,4.557116795,-0.5,4.526717557,1.083969466,1.432458607,1.178880257,2.134740451
4,0.257097517,-0.091029576,-0.976039342,0.047139603,0.033444871,0.00190279,0.532819564,-0.673322635,1.009589782,-1.295756719,-0.894072765,1.407331364,3.599365234,-1.274414063,-13.66455078,-0.007568359,-0.431152344,-1.043945313,0.616943359,0.144775391,-0.873535156,0.047139603,0.033444871,0.00190279,0.151733398,-0.020507813,-0.982666016,0.217116566,0.182879389,0.04362098,-0.200654308,4.248636859,1.585605234,2.006198568,1.37822087,4.568735268,1.307680382,-0.794678872,3.534108924,-2.809160305,59.48091603,22.19847328,2.07682132,-0.518348266,12.91432016,-1.961832061,2.030534351,0.13740458,3.396946565,5.572519084,8.893129771,2.006198568,1.37822087,4.568735268,-0.5,4.522900763,1.083969466,1.416403392,1.17397652,2.137460004
4,0.257132394,-0.091047015,-0.978445871,0.04714347,0.033444831,0.00205365,0.532225853,-0.672990118,0.987713602,-1.296626132,-0.894415791,1.066258716,3.599853516,-1.274658203,-13.69824219,-0.007568359,-0.431152344,-1.043945313,0.616943359,0.144775391,-0.873535156,0.04714347,0.033444831,0.00205365,0.151733398,-0.020507813,-0.982666016,0.217125471,0.182879279,0.045317214,-0.227371865,4.302071974,1.564885496,2.041544814,1.448442706,4.60326411,1.325321468,-0.840852754,3.523304374,-3.183206107,60.22900763,21.90839695,2.017343145,-0.587249044,12.85194547,-1.961832061,2.030534351,0.13740458,3.396946565,5.572519084,8.893129771,2.041544814,1.448442706,4.60326411,-0.5,4.538167939,1.083969466,1.428826376,1.203512653,2.145521873
4,0.255580357,-0.094744001,-0.980189732,0.047636031,0.032625423,0.002090068,0.536514104,-0.651531437,1.084487474,-1.313327675,-0.847464909,1.11602546,3.578125,-1.326416016,-13.72265625,-0.007568359,-0.431152344,-1.043945313,0.616943359,0.144775391,-0.873535156,0.047636031,0.032625423,0.002090068,0.146972656,-0.028198242,-0.991455078,0.2182568,0.180625089,0.045717258,-0.200654308,4.314067612,1.5087241,1.992580929,1.450936221,4.736066189,1.333748208,-0.873209873,3.439403234,-2.809160305,60.39694656,21.1221374,2.139233333,-0.551866479,12.43417728,-1.961832061,2.030534351,0.045801527,3.396946565,5.572519084,8.893129771,1.992580929,1.450936221,4.736066189,-0.5,4.538167939,1.083969466,1.411588088,1.20454814,2.176250489
